﻿<?xml version="1.0" encoding="utf-8"?>
<HostProfile xmlns:xsi="http://www.w3.org/2001/XMLSchema-instance" xmlns:xsd="http://www.w3.org/2001/XMLSchema">
  <Version>7</Version>
  <Name>{9} - WEB 2.0 Store Speakeasy</Name>
  <Address>file:///sdcard/com.wavelink.velocity/BurgerWars/index.html</Address>
  <Port>23</Port>
  <OnlyUseConnectPro>false</OnlyUseConnectPro>
  <EmulationType>WEB</EmulationType>
  <WebEmulationParameters>
    <EnableAutomaticSIP>false</EnableAutomaticSIP>
    <ClearCache>true</ClearCache>
    <ClearCookies>false</ClearCookies>
    <ConnectTimeout>30</ConnectTimeout>
    <ScannerAutoKeys>NoKey</ScannerAutoKeys>
    <DefaultScannerState>false</DefaultScannerState>
    <TextSize>100</TextSize>
    <DetectNetworkOutofRange>true</DetectNetworkOutofRange>
    <OutofRangeMessage />
    <Override404 />
    <Override500 />
    <NoConnectionOverride />
    <ReceiveTimeout>30</ReceiveTimeout>
    <ScannerPostProcessing>false</ScannerPostProcessing>
  </WebEmulationParameters>
  <SafeMode>true</SafeMode>
  <AutoSwitchToNativeMode>false</AutoSwitchToNativeMode>
  <AllowSwitchModes>true</AllowSwitchModes>
  <CodePage>0</CodePage>
  <DisplayCodePage>0</DisplayCodePage>
  <CarriageReturn>true</CarriageReturn>
  <HardwareBackButtonKey>{back}</HardwareBackButtonKey>
  <KeyboardHeight>40</KeyboardHeight>
  <KeyboardTransparency>0</KeyboardTransparency>
  <HostID>0</HostID>
  <DisablePinchZoom>true</DisablePinchZoom>
  <EnableSessionLogging>false</EnableSessionLogging>
  <LogFileMaxSize>1024</LogFileMaxSize>
  <IsLaunchOnStartup>false</IsLaunchOnStartup>
  <LicenseServerAddress />
  <LicenseServerPort>1820</LicenseServerPort>
  <LicenseServerSiteId>0</LicenseServerSiteId>
  <TelnetNegotiationString />
  <EnableVoice>true</EnableVoice>
  <FixedScreenMode>false</FixedScreenMode>
  <HideToolbar>false</HideToolbar>
  <ToggleKeyboardVisibilityKey />
  <ToggleMenuVisibilityKey />
  <ToggleShortcutMenuVisibilityKey />
  <EnableScreenCapture>false</EnableScreenCapture>
  <EnableWakeLock>false</EnableWakeLock>
  <FieldForwardCommand>{Tab}</FieldForwardCommand>
  <FieldBackCommand />
  <SSH>false</SSH>
  <SSHTunneling>false</SSHTunneling>
  <HostSettings>false</HostSettings>
  <SSHAutoLoginUser />
  <SSHAcceptNewKeys>No</SSHAcceptNewKeys>
  <SSHKnownHost />
  <SSHTunnelAddress />
  <SSHTunnelPort>22</SSHTunnelPort>
  <SSHAlternativeKnownHost />
  <SSL>false</SSL>
  <MenuUpKey />
  <MenuDownKey />
  <AutoLoginUser />
  <AutoLoginUserPrompt />
  <AutoLoginPasswordPrompt />
  <AutoLoginProgram />
  <AutoLoginMenu />
  <AutoLoginLibrary />
  <AutoLoginCommandPrompt />
  <AutoLoginCommand />
  <VTScanTerminator>{TAB}</VTScanTerminator>
  <VTAnswerBack />
  <WorkstationId />
  <RetryWorkstationID>false</RetryWorkstationID>
  <DisablePredictive>false</DisablePredictive>
  <HideCloseSession>false</HideCloseSession>
  <AutoLoginPassword />
  <SSHAutoLoginPassword />
  <ScreenRotation>LockPortrait</ScreenRotation>
  <KeyboardVisibility>Show</KeyboardVisibility>
  <ScannerSettinglist>
    <ScannerSetting xsi:type="SymbologySettings">
      <BarcodeMSR>
        <EnableAustraliaPostal>false</EnableAustraliaPostal>
        <EnableAztec>true</EnableAztec>
        <EnableCanadaPostal>false</EnableCanadaPostal>
        <EnableChinese2of5>false</EnableChinese2of5>
        <EnableCodebar>true</EnableCodebar>
        <EnableCode11>false</EnableCode11>
        <EnableCode128>true</EnableCode128>
        <EnableCode39>true</EnableCode39>
        <EnableCode93>false</EnableCode93>
        <EnableCompositeAB>false</EnableCompositeAB>
        <EnableCompositeC>false</EnableCompositeC>
        <EnableDataMatrix>true</EnableDataMatrix>
        <EnableDiscrete2of5>false</EnableDiscrete2of5>
        <EnableDutchPostal>false</EnableDutchPostal>
        <EnableEAN13>true</EnableEAN13>
        <EnableEAN8>true</EnableEAN8>
        <EnableGS1Databar>true</EnableGS1Databar>
        <EnableGS1DatabarExpanded>true</EnableGS1DatabarExpanded>
        <EnableGS1DatabarLimited>false</EnableGS1DatabarLimited>
        <EnableInterleaved2of5>false</EnableInterleaved2of5>
        <EnableJapanesePostal>false</EnableJapanesePostal>
        <EnableKorean3of5>false</EnableKorean3of5>
        <EnableMatrix2of5>false</EnableMatrix2of5>
        <EnableMaxicode>true</EnableMaxicode>
        <EnableMicroPDF>false</EnableMicroPDF>
        <EnableMicroQR>false</EnableMicroQR>
        <EnableMSI>false</EnableMSI>
        <EnablePDF417>true</EnablePDF417>
        <EnableQRCode>true</EnableQRCode>
        <EnableSignature>false</EnableSignature>
        <EnableTLC39>false</EnableTLC39>
        <EnableTrioptic39>false</EnableTrioptic39>
        <EnableUKPostal>false</EnableUKPostal>
        <EnableUPCA>true</EnableUPCA>
        <EnableUPCE0>true</EnableUPCE0>
        <EnableUPCE1>false</EnableUPCE1>
        <EnableUS4State>false</EnableUS4State>
        <EnableUS4StateFICS>false</EnableUS4StateFICS>
        <EnableUSPlanet>false</EnableUSPlanet>
        <EnableUSPostnet>false</EnableUSPostnet>
        <EnableWebCode>false</EnableWebCode>
        <EnableMSR>false</EnableMSR>
        <EnableHANXIN>false</EnableHANXIN>
        <EnableMAILMARK>false</EnableMAILMARK>
      </BarcodeMSR>
      <BasicDataFormatting>
        <Enable>true</Enable>
        <Prefix />
        <Suffix />
        <EnableSendData>true</EnableSendData>
        <EnableSendAsHex>false</EnableSendAsHex>
      </BasicDataFormatting>
      <DecoderSettings>
        <CodeBar>
          <EnableCLSIEditing>false</EnableCLSIEditing>
          <LowerLimitLength>6</LowerLimitLength>
          <UpperLimitLength>55</UpperLimitLength>
          <EnableNOTISEditing>false</EnableNOTISEditing>
          <EnableRedundancy>true</EnableRedundancy>
        </CodeBar>
        <Code11>
          <LowerLimitLength>4</LowerLimitLength>
          <UpperLimitLength>55</UpperLimitLength>
          <EnableRedundancy>true</EnableRedundancy>
          <EnableReportCheckDigit>false</EnableReportCheckDigit>
          <VerifyCheckDigit>NoCheckDigit</VerifyCheckDigit>
        </Code11>
        <Code128>
          <EnableCheckISBTTable>false</EnableCheckISBTTable>
          <EnableGS1_128>true</EnableGS1_128>
          <EnablePlainCode128>true</EnablePlainCode128>
          <EnableISBT128>false</EnableISBT128>
          <LowerLimitLength>0</LowerLimitLength>
          <UpperLimitLength>55</UpperLimitLength>
          <EnableISBT128ConcatenationMode>false</EnableISBT128ConcatenationMode>
          <EnableRedundancy>true</EnableRedundancy>
          <SecurityLevel>Level0</SecurityLevel>
          <V63_EnableISBT128ConcatenationMode>ConcatModeNever</V63_EnableISBT128ConcatenationMode>
          <V63_EnableMarginlessDecode>false</V63_EnableMarginlessDecode>
          <V63_EnableIgnoreFnc4>false</V63_EnableIgnoreFnc4>
        </Code128>
        <Code39>
          <EnableConvert39To32>false</EnableConvert39To32>
          <EnableFullASCII>false</EnableFullASCII>
          <LowerLimitLength>0</LowerLimitLength>
          <UpperLimitLength>55</UpperLimitLength>
          <EnableRedundancy>false</EnableRedundancy>
          <EnableReportCheckDigit>false</EnableReportCheckDigit>
          <EnableReportCode32Prefix>false</EnableReportCode32Prefix>
          <EnableVerifyCheckDigit>false</EnableVerifyCheckDigit>
          <SecurityLevel>Level1</SecurityLevel>
          <V63_EnableMarginlessDecode>false</V63_EnableMarginlessDecode>
        </Code39>
        <Code93>
          <LowerLimitLength>0</LowerLimitLength>
          <UpperLimitLength>55</UpperLimitLength>
          <EnableRedundancy>false</EnableRedundancy>
        </Code93>
        <CompositeAB>
          <UCCLinkMode>AutoDiscriminate</UCCLinkMode>
        </CompositeAB>
        <Discrete2of5>
          <LowerLimitLength>0</LowerLimitLength>
          <UpperLimitLength>14</UpperLimitLength>
          <EnableRedundancy>true</EnableRedundancy>
        </Discrete2of5>
        <Interleaved2of5>
          <Digit>No</Digit>
          <EnableConvertITF14toEAN13>false</EnableConvertITF14toEAN13>
          <LowerLimitLength>10</LowerLimitLength>
          <UpperLimitLength>14</UpperLimitLength>
          <EnableRedundancy>true</EnableRedundancy>
          <EnableReportCheckDigit>false</EnableReportCheckDigit>
          <SecurityLevel>Level0</SecurityLevel>
          <V63_EnableMarginlessDecode>false</V63_EnableMarginlessDecode>
        </Interleaved2of5>
        <Matrix2of5>
          <LowerLimitLength>0</LowerLimitLength>
          <UpperLimitLength>10</UpperLimitLength>
          <EnableRedundancy>false</EnableRedundancy>
          <EnableReportCheckDigit>true</EnableReportCheckDigit>
          <EnableVerifyCheckDigit>true</EnableVerifyCheckDigit>
        </Matrix2of5>
        <MSI>
          <Digit>One</Digit>
          <DigitScheme>Mod11_10</DigitScheme>
          <LowerLimitLength>4</LowerLimitLength>
          <UpperLimitLength>55</UpperLimitLength>
          <EnableRedundancy>true</EnableRedundancy>
          <EnableReportCheckDigit>false</EnableReportCheckDigit>
        </MSI>
        <UKPostal>
          <EnableReportCheckDigit>false</EnableReportCheckDigit>
        </UKPostal>
        <UPCA>
          <Preamble>SysChar</Preamble>
          <EnableReportCheckDigit>true</EnableReportCheckDigit>
        </UPCA>
        <UPCE0>
          <EnableConvertUPCE0toUPCA>false</EnableConvertUPCE0toUPCA>
          <Preamble>None</Preamble>
          <EnableReportCheckDigit>false</EnableReportCheckDigit>
        </UPCE0>
        <UPCE1>
          <EnableConvertUPCE1toUPCA>false</EnableConvertUPCE1toUPCA>
          <Preamble>None</Preamble>
          <EnableReportCheckDigit>false</EnableReportCheckDigit>
        </UPCE1>
        <GS1DataBarLimited>
          <SecurityLevel>Level1</SecurityLevel>
        </GS1DataBarLimited>
        <HanXin>
          <HanXinInverse>Disable</HanXinInverse>
        </HanXin>
        <USPostnet>
          <EnableReportCheckDigit>false</EnableReportCheckDigit>
        </USPostnet>
        <USPlanet>
          <EnableReportCheckDigit>false</EnableReportCheckDigit>
        </USPlanet>
      </DecoderSettings>
      <ReaderSettings>
        <BeamTimer>15000</BeamTimer>
        <EnableIlluminationMode>true</EnableIlluminationMode>
        <Inverse1DMode>Disable</Inverse1DMode>
        <EnableLCDMode>false</EnableLCDMode>
        <LinearSecurityLevel>AllowTwice</LinearSecurityLevel>
        <LowPowerTimeout>250</LowPowerTimeout>
        <Picklist>Disabled</Picklist>
        <ViewFinderMode>StaticReticle</ViewFinderMode>
        <V63_AimMode>on</V63_AimMode>
        <V63_AimType>0</V63_AimType>
        <V63_AimTimer>500</V63_AimTimer>
        <V63_BeamWidth>Default</V63_BeamWidth>
        <V63_AdaptiveScanning>Default</V63_AdaptiveScanning>
        <V63_PowerMode>Default</V63_PowerMode>
        <V63_MphoneDisplayMode>Default</V63_MphoneDisplayMode>
        <V63_ReaderMode>0</V63_ReaderMode>
        <V63_SameSymbologyTimeout>500</V63_SameSymbologyTimeout>
        <V63_DiffSymbologyTimeout>500</V63_DiffSymbologyTimeout>
        <V63_DelayToLowpower>Default</V63_DelayToLowpower>
        <V63_IlluminationBrughtness>10</V63_IlluminationBrughtness>
        <V63_ViewfinderSize>100</V63_ViewfinderSize>
        <V63_ViewfinderX>0</V63_ViewfinderX>
        <V63_ViewfinderY>0</V63_ViewfinderY>
        <V63_1dQuietZoneLvl>1</V63_1dQuietZoneLvl>
        <V63_PoorQualityEffet>0</V63_PoorQualityEffet>
        <V63_CharsetName>UTF-8</V63_CharsetName>
      </ReaderSettings>
      <ScanSettings>
        <CodeIDType>None</CodeIDType>
        <DataCaptureLEDID>8</DataCaptureLEDID>
        <DecodeAudioFeedback />
        <DecodeFeedbackLEDTimer>75</DecodeFeedbackLEDTimer>
        <EnableDecodeHapticFeedback>true</EnableDecodeHapticFeedback>
        <DecodingLEDNotification>false</DecodingLEDNotification>
        <Scanner>Auto</Scanner>
        <V63_BeepVolumeChannel>Notifications</V63_BeepVolumeChannel>
      </ScanSettings>
      <UPCEANSettings>
        <EnableBooklandCode>true</EnableBooklandCode>
        <BooklandFormat>ISBN_10</BooklandFormat>
        <EnableConvertDataBarToUPCEAN>false</EnableConvertDataBarToUPCEAN>
        <EnableCoupon>true</EnableCoupon>
        <CouponReportMode>Both</CouponReportMode>
        <EnableLinearDecode>false</EnableLinearDecode>
        <EnableRandomWeightCheckDigit>false</EnableRandomWeightCheckDigit>
        <EnableEanZeroExtend>false</EnableEanZeroExtend>
        <EnableReducedQuietZone>false</EnableReducedQuietZone>
        <RetryCount>10</RetryCount>
        <SecurityLevel>Level1</SecurityLevel>
        <EnableSupplemental2>false</EnableSupplemental2>
        <EnableSupplemental5>false</EnableSupplemental5>
        <SupplementalMode>No</SupplementalMode>
      </UPCEANSettings>
      <EmdkVersion>Zebra</EmdkVersion>
    </ScannerSetting>
  </ScannerSettinglist>
  <ConnectProlist>
    <ConnectProSetting>
      <Type>None</Type>
      <Address />
      <Port>4430</Port>
      <TerminateConnectproSession>OnSessionExit</TerminateConnectproSession>
      <EnableReconnect>true</EnableReconnect>
      <ReconnectString />
      <UseSslTlsEncryption>false</UseSslTlsEncryption>
      <UseCustomEncryption>false</UseCustomEncryption>
      <EncryptionKey />
    </ConnectProSetting>
  </ConnectProlist>
  <Voice>
    <Language>ENU</Language>
    <VoiceName>Ava (F)</VoiceName>
    <VoiceRecognitionLanguage>ENU</VoiceRecognitionLanguage>
    <StartingVolume>50</StartingVolume>
    <EnableSTTAudioLogging>false</EnableSTTAudioLogging>
  </Voice>
  <Printing>
    <BaudRate>9600</BaudRate>
    <DataBits>8</DataBits>
    <Parity>none</Parity>
    <StopBits>1</StopBits>
    <FlowControl>none</FlowControl>
  </Printing>
  <PrinterType>None</PrinterType>
  <SourceVersion>0</SourceVersion>
</HostProfile>