﻿<?xml version="1.0" encoding="utf-8"?>
<keyboards xmlns:xsi="http://www.w3.org/2001/XMLSchema-instance" xmlns:xsd="http://www.w3.org/2001/XMLSchema" version="1">
  <style name="normal" textColor="000000" keyColor="ffffff" pressColor="fee000" fontWeight="bold" bloom="false" />
  <style name="Dark" textColor="ffffff" keyColor="000000" pressColor="fee000" fontWeight="bold" bloom="false" />
  <style name="Menu Buttons" textColor="000000" keyColor="c0c0c0" pressColor="fee000" fontWeight="normal" feedback="none" bloom="false" />
  <layout name="UserKeys" defaultModifier="normal" defaultStyle="normal" percentOfScreen="35" selectorText="123" rotateTo="" autoReturn="false" background="f5f5f5" modes="port,land,WEB">
    <button x="0" y="0" h="2" w="3">
      <key modifier="normal" content="7" value="7" style="normal" feedback="" />
      <key modifier="shift" content="7" value="7" style="Style Editor" feedback="" />
    </button>
    <button x="0" y="2" h="2" w="3">
      <key modifier="normal" content="4" value="4" style="normal" feedback="" />
      <key modifier="shift" content="4" value="4" style="Style Editor" feedback="" />
    </button>
    <button x="3" y="0" h="2" w="3">
      <key modifier="normal" content="8" value="8" style="normal" feedback="" />
      <key modifier="shift" content="8" value="8" style="Style Editor" feedback="" />
    </button>
    <button x="6" y="0" h="2" w="3">
      <key modifier="normal" content="9" value="9" style="normal" feedback="" />
      <key modifier="shift" content="9" value="9" style="Style Editor" feedback="" />
    </button>
    <button x="3" y="2" h="2" w="3">
      <key modifier="normal" content="5" value="5" style="normal" feedback="" />
      <key modifier="shift" content="5" value="5" style="Style Editor" feedback="" />
    </button>
    <button x="6" y="2" h="2" w="3">
      <key modifier="normal" content="6" value="6" style="normal" feedback="" />
      <key modifier="shift" content="6" value="6" style="Style Editor" feedback="" />
    </button>
    <button x="0" y="4" h="2" w="3">
      <key modifier="normal" content="1" value="1" style="normal" feedback="" />
      <key modifier="shift" content="1" value="1" style="Style Editor" feedback="" />
    </button>
    <button x="3" y="4" h="2" w="3">
      <key modifier="normal" content="2" value="2" style="normal" feedback="" />
      <key modifier="shift" content="2" value="2" style="Style Editor" feedback="" />
    </button>
    <button x="6" y="4" h="2" w="3">
      <key modifier="normal" content="3" value="3" style="normal" feedback="" />
      <key modifier="shift" content="3" value="3" style="Style Editor" feedback="" />
    </button>
    <button x="3" y="6" h="2" w="3">
      <key modifier="normal" content="0" value="0" style="normal" feedback="" />
      <key modifier="shift" content="0" value="0" style="Style Editor" feedback="" />
    </button>
    <button x="0" y="6" h="2" w="3">
      <key modifier="normal" content="-" value="-" style="normal" feedback="" />
      <key modifier="shift" content="-" value="-" style="Style Editor" feedback="" />
    </button>
    <button x="6" y="6" h="2" w="3">
      <key modifier="normal" content="." value="." style="normal" feedback="" />
      <key modifier="shift" content="." value="." style="Style Editor" feedback="" />
    </button>
    <button x="13" y="4" h="2" w="4">
      <key modifier="normal" content="{image:VL_TP_Back02_White01.png}" value="{hex:0008}" style="Dark" feedback="" />
      <key modifier="shift" content="{image:VL_TP_Back02_White01.png}" value="{hex:0008}" style="Dark" feedback="" />
    </button>
    <button x="9" y="6" h="2" w="8">
      <key modifier="normal" content="{image:VL_TP_Return01_White01.png}" value="{hex:000D}" style="Dark" feedback="" />
      <key modifier="shift" content="{image:VL_TP_Return01_White01.png}" value="{hex:000D}" style="Dark" feedback="" />
    </button>
    <button x="9" y="0" h="2" w="2">
      <key modifier="normal" content="A" value="A" style="normal" feedback="" />
      <key modifier="shift" content="" value="" style="Style Editor" feedback="" />
    </button>
    <button x="11" y="0" h="2" w="2">
      <key modifier="normal" content="B" value="B" style="normal" feedback="" />
      <key modifier="shift" content="" value="" style="Style Editor" feedback="" />
    </button>
    <button x="13" y="0" h="2" w="2">
      <key modifier="normal" content="C" value="C" style="normal" feedback="" />
      <key modifier="shift" content="" value="" style="Style Editor" feedback="" />
    </button>
    <button x="15" y="0" h="2" w="2">
      <key modifier="normal" content="D" value="D" style="normal" feedback="" />
      <key modifier="shift" content="" value="" style="Style Editor" feedback="" />
    </button>
    <button x="13" y="2" h="2" w="2">
      <key modifier="normal" content="L" value="L" style="normal" feedback="" />
      <key modifier="shift" content="" value="" style="Style Editor" feedback="" />
    </button>
    <button x="15" y="2" h="2" w="2">
      <key modifier="normal" content="M" value="M" style="normal" feedback="" />
      <key modifier="shift" content="" value="" style="Style Editor" feedback="" />
    </button>
    <button x="9" y="2" h="2" w="2">
      <key modifier="normal" content="J" value="J" style="normal" feedback="" />
      <key modifier="shift" content="" value="" style="Style Editor" feedback="" />
    </button>
    <button x="11" y="2" h="2" w="2">
      <key modifier="normal" content="K" value="K" style="normal" feedback="" />
      <key modifier="shift" content="" value="" style="Style Editor" feedback="" />
    </button>
    <button x="9" y="4" h="2" w="2">
      <key modifier="normal" content="X" value="X" style="normal" feedback="" />
      <key modifier="shift" content="" value="" style="Style Editor" feedback="" />
    </button>
    <button x="11" y="4" h="2" w="2">
      <key modifier="normal" content="Z" value="Z" style="normal" feedback="" />
      <key modifier="shift" content="" value="" style="Style Editor" feedback="" />
    </button>
  </layout>
</keyboards>