﻿<?xml version="1.0" encoding="utf-8"?>
<templates version="3" next-auto-number="31">
  <screen-group name="default">
    <screen-template name="T1-1" match="cursorZone('[3,7:16]') and orderMatch('WLWMS  Outbound Task','Task:','Error')" html-id="auto-component-DBIw">
      <header start-row="1" start-column="2" value="WLWMS Outbound Task(W03)" html-id="component-0" />
      <display-text start-row="3" start-column="1" value="Task" html-id="component-1" />
      <input-field start-row="3" start-column="7" max-length="15" copy-value="[3,7:15]" keyboard-portrait="Demo_Numeric" keyboard-landscape="Demo_Numeric" html-id="input-00020006" />
      <display-text start-row="12" start-column="1" value="[=Back]" copy-value="[12,1]" html-id="component-3" />
      <context-menu>
        <shortcut-item start-row="12" start-column="2" ishide="False" isglobal="False" key="{F3}" label="Back" isvoiceenabled="False" />
      </context-menu>
    </screen-template>
    <screen-template name="T1" match="orderMatch('WLWMS  Outbound Task','Task:') and cursorZone('[3,7:16]')" html-id="auto-component-DBIw">
      <header start-row="1" start-column="2" value="WLWMS Outbound Task(W03)" html-id="component-0" />
      <display-text start-row="3" start-column="1" value="Task" html-id="component-1" />
      <input-field start-row="3" start-column="7" max-length="15" copy-value="[3,7:15]" keyboard-portrait="Demo_Numeric" keyboard-landscape="Demo_Numeric" html-id="input-00020006" />
      <display-text start-row="12" start-column="1" value="[=Back]" copy-value="[12,1]" html-id="component-3" />
      <context-menu>
        <shortcut-item start-row="12" start-column="2" ishide="False" isglobal="False" key="{F3}" label="Back" isvoiceenabled="False" />
      </context-menu>
    </screen-template>
    <screen-template name="T2-1" match="cursorZone('[5,10:11]') and orderMatch('WLWMS  Task Location','Task:','Loc:','Confirm:','Error')" html-id="auto-component-6Jt-">
      <header start-row="1" start-column="2" value="WLWMS Task Location(W04)" html-id="component-0" />
      <display-text start-row="3" start-column="4" value="Task: 12345" copy-value="[3,4]" html-id="component-1" />
      <display-text start-row="4" start-column="5" value="Loc: M58 - 15 -" copy-value="[4,5]" html-id="component-2" />
      <display-text start-row="5" start-column="1" value="Confirm" html-id="component-3" />
      <input-field start-row="5" start-column="10" max-length="10" copy-value="[5,10:10]" keyboard-portrait="Demo_Location List" keyboard-landscape="Demo_Location List" keyboard-display="show" html-id="input-00040009" />
      <display-text start-row="12" start-column="1" value="[=Skip][=Close]" copy-value="[12,1]" html-id="component-5" />
      <context-menu>
        <shortcut-item start-row="12" start-column="2" ishide="False" isglobal="False" key="{F1}" label="Skip" isvoiceenabled="False" />
        <shortcut-item start-row="12" start-column="11" ishide="False" isglobal="False" key="{F4}" label="Close" isvoiceenabled="False" />
      </context-menu>
    </screen-template>
    <screen-template name="T2" match="orderMatch('WLWMS  Task Location','Task:','Loc:','Confirm:') and cursorZone('[5,10:11]')" html-id="auto-component-6Jt-">
      <header start-row="1" start-column="2" value="WLWMS Task Location(W04)" html-id="component-0" />
      <display-text start-row="3" start-column="4" value="Task: 12345" copy-value="[3,4]" html-id="component-1" />
      <display-text start-row="4" start-column="5" value="Loc: M58 - 15 -" copy-value="[4,5]" html-id="component-2" />
      <display-text start-row="5" start-column="1" value="Confirm" html-id="component-3" />
      <input-field start-row="5" start-column="10" max-length="10" copy-value="[5,10:10]" keyboard-portrait="Demo_Location List" keyboard-landscape="Demo_Location List" keyboard-display="show" html-id="input-00040009" />
      <display-text start-row="12" start-column="1" value="[=Skip][=Close]" copy-value="[12,1]" html-id="component-5" />
      <context-menu>
        <shortcut-item start-row="12" start-column="2" ishide="False" isglobal="False" key="{F1}" label="Skip" isvoiceenabled="False" />
        <shortcut-item start-row="12" start-column="11" ishide="False" isglobal="False" key="{F4}" label="Close" isvoiceenabled="False" />
      </context-menu>
    </screen-template>
    <screen-template name="T3" match="orderMatch('WLWMS  Task Quantity','Task:','Loc:','Item:','Desc:','Qty:') and cursorZone('[1,1:1]')" html-id="auto-component-kW8M">
      <header start-row="1" start-column="2" value="WLWMS Task Quantity(W05)" html-id="component-0" />
      <display-text start-row="3" start-column="4" value="Task: 12345" copy-value="[3,4]" html-id="component-1" />
      <display-text start-row="4" start-column="5" value="Loc: M58 - 15 -" copy-value="[4,5]" html-id="component-2" />
      <display-text start-row="5" start-column="4" value="Item: 71651" copy-value="[5,4]" html-id="component-3" />
      <display-text start-row="6" start-column="4" value="Desc: Cooling Fan" copy-value="[6,4]" html-id="component-4" />
      <display-text start-row="7" start-column="5" value="Qty: 27 EA" copy-value="[7,5]" html-id="component-5" />
      <display-text start-row="9" start-column="1" value="Press&lt;Enter&gt;to Confirm" copy-value="[9,1]" html-id="component-6" />
      <display-text start-row="12" start-column="1" value="[=Short][=Back]" copy-value="[12,1]" html-id="component-7" />
      <context-menu>
        <shortcut-item start-row="12" start-column="2" ishide="False" isglobal="False" key="{F2}" label="Short" isvoiceenabled="False" />
        <shortcut-item start-row="12" start-column="12" ishide="False" isglobal="False" key="{F3}" label="Back" isvoiceenabled="False" />
      </context-menu>
      <input-field start-row="1" start-column="1" copy-value="[1,1:1]" keyboard-portrait="Demo_Function" keyboard-landscape="Demo_Function" keyboard-display="show" html-id="added_636542807768285521" />
    </screen-template>
    <screen-template name="T4-1" match="cursorZone('[3,6:16]') and orderMatch('WLWMS  Print Task','PRN:','Error')" html-id="auto-component-tKHZ">
      <header start-row="1" start-column="2" value="WLWMS Print Task(W06)" html-id="component-0" />
      <display-text start-row="3" start-column="1" value="PRN" html-id="component-1" />
      <input-field start-row="3" start-column="6" max-length="15" copy-value="[3,6:15]" keyboard-portrait="Demo_Printer" keyboard-landscape="Demo_Printer" keyboard-display="show" html-id="input-00020005" />
      <display-text start-row="12" start-column="1" value="[=Hold]" copy-value="[12,1]" html-id="component-3" />
      <context-menu>
        <shortcut-item start-row="12" start-column="2" ishide="False" isglobal="False" key="{F3}" label="Hold" isvoiceenabled="False" />
      </context-menu>
    </screen-template>
    <screen-template name="T4" match="orderMatch('WLWMS  Print Task','PRN:') and cursorZone('[3,6:16]')" html-id="auto-component-tKHZ">
      <header start-row="1" start-column="2" value="WLWMS Print Task(W06)" html-id="component-0" />
      <display-text start-row="3" start-column="1" value="PRN" html-id="component-1" />
      <input-field start-row="3" start-column="6" max-length="15" copy-value="[3,6:15]" keyboard-portrait="Demo_Printer" keyboard-landscape="Demo_Printer" keyboard-display="show" html-id="input-00020005" />
      <display-text start-row="12" start-column="1" value="[=Hold]" copy-value="[12,1]" html-id="component-3" />
      <context-menu>
        <shortcut-item start-row="12" start-column="2" ishide="False" isglobal="False" key="{F3}" label="Hold" isvoiceenabled="False" />
      </context-menu>
    </screen-template>
    <screen-template name="T5-1" match="cursorZone('[3,6:16]') and orderMatch('WLWMS  Stage Task','Loc:','Error')" html-id="auto-component-wvNS">
      <header start-row="1" start-column="2" value="WLWMS Stage Task(W07)" html-id="component-0" />
      <display-text start-row="3" start-column="1" value="Loc" html-id="component-1" />
      <input-field start-row="3" start-column="6" max-length="15" copy-value="[3,6:15]" keyboard-portrait="Demo_Qwerty" keyboard-landscape="Demo_Qwerty" html-id="input-00020005" />
      <display-text start-row="12" start-column="1" value="[=Hold]" copy-value="[12,1]" html-id="component-3" />
      <context-menu>
        <shortcut-item start-row="12" start-column="2" ishide="False" isglobal="False" key="{F3}" label="Hold" isvoiceenabled="False" />
      </context-menu>
    </screen-template>
    <screen-template name="T5" match="orderMatch('WLWMS  Stage Task','Loc:') and cursorZone('[3,6:16]')" html-id="auto-component-wvNS">
      <header start-row="1" start-column="2" value="WLWMS Stage Task(W07)" html-id="component-0" />
      <display-text start-row="3" start-column="1" value="Loc" html-id="component-1" />
      <input-field start-row="3" start-column="6" max-length="15" copy-value="[3,6:15]" keyboard-portrait="Demo_Qwerty" keyboard-landscape="Demo_Qwerty" html-id="input-00020005" />
      <display-text start-row="12" start-column="1" value="[=Hold]" copy-value="[12,1]" html-id="component-3" />
      <context-menu>
        <shortcut-item start-row="12" start-column="2" ishide="False" isglobal="False" key="{F3}" label="Hold" isvoiceenabled="False" />
      </context-menu>
    </screen-template>
    <screen-template name="T6" match="orderMatch('WLWMS  Hold Task') and cursorZone('[1,1:1]')" html-id="auto-component-ZT4Q">
      <header start-row="1" start-column="2" value="WLWMS Hold Task(W08)" html-id="component-0" />
      <display-text start-row="3" start-column="1" value="Put Task on Hold?" copy-value="[3,1]" html-id="component-1" />
      <display-text start-row="5" start-column="1" value="Confirm Y/N" copy-value="[5,1]" html-id="component-2" />
      <input-field start-row="1" start-column="1" copy-value="[1,1:1]" keyboard-portrait="Demo_Yes No" keyboard-landscape="Demo_Yes No" keyboard-display="show" html-id="added_636542809895868402" />
      <context-menu>
        <shortcut-item start-row="1" start-column="1" ishide="False" isglobal="False" key="y" label="Yes" isvoiceenabled="False" />
        <shortcut-item start-row="1" start-column="1" ishide="False" isglobal="False" key="n" label="No" isvoiceenabled="False" />
      </context-menu>
    </screen-template>
    <screen-template name="T7-1" match="cursorZone('[4,10]') and orderMatch('WLWMS  Short Pick','Req:','OnHand:','Error')" html-id="auto-component-JBDT">
      <header start-row="1" start-column="2" value="WLWMS Short Pick(W10)" html-id="component-0" />
      <display-text start-row="3" start-column="5" value="Req: 27" copy-value="[3,5]" html-id="component-1" />
      <display-text start-row="4" start-column="2" value="OnHand" html-id="component-2" />
      <input-field start-row="4" start-column="10" copy-value="[4,10]" keyboard-portrait="Demo_Numeric" keyboard-landscape="Demo_Numeric" keyboard-display="show" html-id="input-00030009" />
      <display-text start-row="12" start-column="1" value="[=Skip][=Back]" copy-value="[12,1]" html-id="component-4" />
      <context-menu>
        <shortcut-item start-row="12" start-column="2" ishide="False" isglobal="False" key="{F1}" label="Skip" isvoiceenabled="False" />
        <shortcut-item start-row="12" start-column="11" ishide="False" isglobal="False" key="{F3}" label="Back" isvoiceenabled="False" />
      </context-menu>
    </screen-template>
    <screen-template name="T7" match="orderMatch('WLWMS  Short Pick','Req:','OnHand:') and cursorZone('[4,10]')" html-id="auto-component-JBDT">
      <header start-row="1" start-column="2" value="WLWMS Short Pick(W10)" html-id="component-0" />
      <display-text start-row="3" start-column="5" value="Req: 27" copy-value="[3,5]" html-id="component-1" />
      <display-text start-row="4" start-column="2" value="OnHand" html-id="component-2" />
      <input-field start-row="4" start-column="10" copy-value="[4,10]" keyboard-portrait="Demo_Numeric" keyboard-landscape="Demo_Numeric" keyboard-display="show" html-id="input-00030009" />
      <display-text start-row="12" start-column="1" value="[=Skip][=Back]" copy-value="[12,1]" html-id="component-4" />
      <context-menu>
        <shortcut-item start-row="12" start-column="2" ishide="False" isglobal="False" key="{F1}" label="Skip" isvoiceenabled="False" />
        <shortcut-item start-row="12" start-column="11" ishide="False" isglobal="False" key="{F3}" label="Back" isvoiceenabled="False" />
      </context-menu>
    </screen-template>
    <screen-template name="T8-1" match="cursorZone('[3,6:21]') and orderMatch('WLWMS  Pick LPN','LPN:','Error')" html-id="auto-component-WXCf">
      <header start-row="1" start-column="2" value="WLWMS Pick LPN(W12)" html-id="component-0" />
      <display-text start-row="3" start-column="1" value="LPN" html-id="component-1" />
      <input-field start-row="3" start-column="6" max-length="20" copy-value="[3,6:20]" keyboard-portrait="Demo_Numeric" keyboard-landscape="Demo_Numeric" html-id="input-00020005" />
      <display-text start-row="12" start-column="1" value="[=Exit]" copy-value="[12,1]" html-id="component-3" />
      <context-menu>
        <shortcut-item start-row="12" start-column="2" ishide="False" isglobal="False" key="{F3}" label="Exit" isvoiceenabled="False" />
      </context-menu>
    </screen-template>
    <screen-template name="T8" match="orderMatch('WLWMS  Pick LPN','LPN:') and cursorZone('[3,6:21]')" html-id="auto-component-WXCf">
      <header start-row="1" start-column="2" value="WLWMS Pick LPN(W12)" html-id="component-0" />
      <display-text start-row="3" start-column="1" value="LPN" html-id="component-1" />
      <input-field start-row="3" start-column="6" max-length="20" copy-value="[3,6:20]" keyboard-portrait="Demo_Numeric" keyboard-landscape="Demo_Numeric" html-id="input-00020005" />
      <display-text start-row="12" start-column="1" value="[=Exit]" copy-value="[12,1]" html-id="component-3" />
      <context-menu>
        <shortcut-item start-row="12" start-column="2" ishide="False" isglobal="False" key="{F3}" label="Exit" isvoiceenabled="False" />
      </context-menu>
    </screen-template>
    <screen-template name="T9-1" match="cursorZone('[4,10:11]') and orderMatch('WLWMS  Location','LPN:','Loc:','Confirm:','Item:','Req Qty:','Confirm:','Error')" html-id="auto-component-IQCo">
      <header start-row="1" start-column="2" value="WLWMS Location(W14)" html-id="component-0" />
      <display-text start-row="2" start-column="5" value="LPN: 12345" copy-value="[2,5]" html-id="component-1" />
      <display-text start-row="3" start-column="5" value="Loc: B - 74 - D" copy-value="[3,5]" html-id="component-2" />
      <display-text start-row="4" start-column="1" value="Confirm" html-id="component-3" />
      <input-field start-row="4" start-column="10" max-length="10" copy-value="[4,10:10]" keyboard-portrait="Demo_Shelf List" keyboard-landscape="Demo_Shelf List" keyboard-display="show" html-id="input-00030009" />
      <display-text start-row="5" start-column="4" value="Item:" copy-value="[5,4]" html-id="component-5" />
      <display-text start-row="6" start-column="1" value="Req Qty:" copy-value="[6,1]" html-id="component-6" />
      <display-text start-row="7" start-column="1" value="Confirm:" copy-value="[7,1]" html-id="component-7" />
      <display-text start-row="12" start-column="1" value="[=Skip][=Close]" copy-value="[12,1]" html-id="component-8" />
      <context-menu>
        <shortcut-item start-row="12" start-column="2" ishide="False" isglobal="False" key="{F1}" label="Skip" isvoiceenabled="False" />
        <shortcut-item start-row="12" start-column="11" ishide="False" isglobal="False" key="{F4}" label="Close" isvoiceenabled="False" />
      </context-menu>
    </screen-template>
    <screen-template name="T9" match="orderMatch('WLWMS  Location','LPN:','Loc:','Confirm:','Item:','Req Qty:','Confirm:') and cursorZone('[4,10:11]')" html-id="auto-component-IQCo">
      <header start-row="1" start-column="2" value="WLWMS Location(W14)" html-id="component-0" />
      <display-text start-row="2" start-column="5" value="LPN: 12345" copy-value="[2,5]" html-id="component-1" />
      <display-text start-row="3" start-column="5" value="Loc: B - 74 - D" copy-value="[3,5]" html-id="component-2" />
      <display-text start-row="4" start-column="1" value="Confirm" html-id="component-3" />
      <input-field start-row="4" start-column="10" max-length="10" copy-value="[4,10:10]" keyboard-portrait="Demo_Shelf List" keyboard-landscape="Demo_Shelf List" keyboard-display="show" html-id="input-00030009" />
      <display-text start-row="5" start-column="4" value="Item:" copy-value="[5,4]" html-id="component-5" />
      <display-text start-row="6" start-column="1" value="Req Qty:" copy-value="[6,1]" html-id="component-6" />
      <display-text start-row="7" start-column="1" value="Confirm:" copy-value="[7,1]" html-id="component-7" />
      <display-text start-row="12" start-column="1" value="[=Skip][=Close]" copy-value="[12,1]" html-id="component-8" />
      <context-menu>
        <shortcut-item start-row="12" start-column="2" ishide="False" isglobal="False" key="{F1}" label="Skip" isvoiceenabled="False" />
        <shortcut-item start-row="12" start-column="11" ishide="False" isglobal="False" key="{F4}" label="Close" isvoiceenabled="False" />
      </context-menu>
    </screen-template>
    <screen-template name="T10-1" match="cursorZone('[7,10:5]') and orderMatch('WLWMS  Quantity','LPN:','Loc:','D','Confirm:','Item:','Req Qty:','Confirm:','Error')" html-id="auto-component-5QiV">
      <header start-row="1" start-column="2" value="WLWMS Quantity(W15)" html-id="component-0" />
      <display-text start-row="2" start-column="5" value="LPN: 1234567890" copy-value="[2,5]" html-id="component-1" />
      <display-text start-row="3" start-column="5" value="Loc: B -" copy-value="[3,5:7]" html-id="component-2" />
      <menu-item start-row="3" start-column="12" label="D" value="74{AutoEnter}" html-id="component-3" />
      <display-text start-row="4" start-column="1" value="Confirm: B -" copy-value="[4,1:11]" html-id="component-4" />
      <menu-item start-row="4" start-column="12" label="D" value="74{AutoEnter}" html-id="component-5" />
      <display-text start-row="5" start-column="4" value="Item: Automatic Pet Feeder" copy-value="[5,4]" html-id="component-6" />
      <display-text start-row="6" start-column="1" value="Req Qty: 7" copy-value="[6,1]" html-id="component-7" />
      <display-text start-row="7" start-column="1" value="Confirm" html-id="component-8" />
      <input-field start-row="7" start-column="10" max-length="4" copy-value="[7,10:4]" keyboard-portrait="Demo_Numeric" keyboard-landscape="Demo_Numeric" keyboard-display="show" html-id="input-00060009" />
      <display-text start-row="12" start-column="1" value="[=Skip]" copy-value="[12,1]" html-id="component-10" />
      <context-menu>
        <shortcut-item start-row="12" start-column="2" ishide="False" isglobal="False" key="{F1}" label="Skip" isvoiceenabled="False" />
      </context-menu>
    </screen-template>
    <screen-template name="T10" match="orderMatch('WLWMS  Quantity','LPN:','Loc:','D','Confirm:','Item:','Req Qty:','Confirm:') and cursorZone('[7,10:5]')" html-id="auto-component-5QiV">
      <header start-row="1" start-column="2" value="WLWMS Quantity(W15)" html-id="component-0" />
      <display-text start-row="2" start-column="5" value="LPN: 1234567890" copy-value="[2,5]" html-id="component-1" />
      <display-text start-row="3" start-column="5" value="Loc: B -" copy-value="[3,5:7]" html-id="component-2" />
      <menu-item start-row="3" start-column="12" label="D" value="74{AutoEnter}" html-id="component-3" />
      <display-text start-row="4" start-column="1" value="Confirm: B -" copy-value="[4,1:11]" html-id="component-4" />
      <menu-item start-row="4" start-column="12" label="D" value="74{AutoEnter}" html-id="component-5" />
      <display-text start-row="5" start-column="4" value="Item: Automatic Pet Feeder" copy-value="[5,4]" html-id="component-6" />
      <display-text start-row="6" start-column="1" value="Req Qty: 7" copy-value="[6,1]" html-id="component-7" />
      <display-text start-row="7" start-column="1" value="Confirm" html-id="component-8" />
      <input-field start-row="7" start-column="10" max-length="4" copy-value="[7,10:4]" keyboard-portrait="Demo_Numeric" keyboard-landscape="Demo_Numeric" keyboard-display="show" html-id="input-00060009" />
      <display-text start-row="12" start-column="1" value="[=Skip]" copy-value="[12,1]" html-id="component-10" />
      <context-menu>
        <shortcut-item start-row="12" start-column="2" ishide="False" isglobal="False" key="{F1}" label="Skip" isvoiceenabled="False" />
      </context-menu>
    </screen-template>
    <screen-template name="T11" match="orderMatch('WLWMS  Override QTY','Req:','OnHand:') and cursorZone('[1,1:1]')" html-id="auto-component-q0Oq">
      <header start-row="1" start-column="2" value="WLWMS Override QTY(W16)" html-id="component-0" />
      <display-text start-row="3" start-column="5" value="Req: 7" copy-value="[3,5]" html-id="component-1" />
      <display-text start-row="4" start-column="2" value="OnHand: 2" copy-value="[4,2]" html-id="component-2" />
      <display-text start-row="6" start-column="1" value="Confirm Y/N" copy-value="[6,1]" html-id="component-3" />
      <input-field start-row="1" start-column="1" copy-value="[1,1:1]" keyboard-portrait="Demo_Yes No" keyboard-landscape="Demo_Yes No" keyboard-display="show" html-id="added_636542824341684558" />
      <context-menu>
        <shortcut-item start-row="1" start-column="1" ishide="False" isglobal="False" key="y" label="Yes" isvoiceenabled="False" />
        <shortcut-item start-row="1" start-column="1" ishide="False" isglobal="False" key="n" label="No" isvoiceenabled="False" />
      </context-menu>
    </screen-template>
    <screen-template name="T12-1" match="cursorZone('[3,6:16]') and orderMatch('WLWMS  Cycle Count','Loc:','Error')" html-id="auto-component-_w4s">
      <header start-row="1" start-column="2" value="WLWMS Cycle Count(W18)" html-id="component-0" />
      <display-text start-row="3" start-column="1" value="Loc" html-id="component-1" />
      <input-field start-row="3" start-column="6" max-length="15" copy-value="[3,6:15]" keyboard-portrait="Demo_Numeric" keyboard-landscape="Demo_Numeric" html-id="input-00020005" />
      <display-text start-row="12" start-column="1" value="[=Exit]" copy-value="[12,1]" html-id="component-3" />
      <context-menu>
        <shortcut-item start-row="12" start-column="2" ishide="False" isglobal="False" key="{F3}" label="Exit" isvoiceenabled="False" />
      </context-menu>
    </screen-template>
    <screen-template name="T12" match="orderMatch('WLWMS  Cycle Count','Loc:') and cursorZone('[3,6:16]')" html-id="auto-component-_w4s">
      <header start-row="1" start-column="2" value="WLWMS Cycle Count(W18)" html-id="component-0" />
      <display-text start-row="3" start-column="1" value="Loc" html-id="component-1" />
      <input-field start-row="3" start-column="6" max-length="15" copy-value="[3,6:15]" keyboard-portrait="Demo_Numeric" keyboard-landscape="Demo_Numeric" html-id="input-00020005" />
      <display-text start-row="12" start-column="1" value="[=Exit]" copy-value="[12,1]" html-id="component-3" />
      <context-menu>
        <shortcut-item start-row="12" start-column="2" ishide="False" isglobal="False" key="{F3}" label="Exit" isvoiceenabled="False" />
      </context-menu>
    </screen-template>
    <screen-template name="T13-1" match="cursorZone('[8,9:5]') and orderMatch('WLWMS  Cycle Count','Loc:','Item:','Desc:','OnHand:','Actual:','Error')" html-id="auto-component-FMeB">
      <header start-row="1" start-column="2" value="WLWMS Cycle Count(W19)" html-id="component-0" />
      <display-text start-row="3" start-column="4" value="Loc: D - 83 - A" copy-value="[3,4]" html-id="component-1" />
      <display-text start-row="4" start-column="3" value="Item: 473891" copy-value="[4,3]" html-id="component-2" />
      <display-text start-row="5" start-column="3" value="Desc: Monster Truck" copy-value="[5,3]" html-id="component-3" />
      <display-text start-row="7" start-column="1" value="OnHand: 47" copy-value="[7,1]" html-id="component-4" />
      <display-text start-row="8" start-column="1" value="Actual" html-id="component-5" />
      <input-field start-row="8" start-column="9" max-length="4" copy-value="[8,9:4]" keyboard-portrait="Demo_Numeric" keyboard-landscape="Demo_Numeric" keyboard-display="show" html-id="input-00070008" />
      <display-text start-row="12" start-column="1" value="[=Exit]" copy-value="[12,1]" html-id="component-7" />
      <context-menu>
        <shortcut-item start-row="12" start-column="2" ishide="False" isglobal="False" key="{F3}" label="Exit" isvoiceenabled="False" />
      </context-menu>
    </screen-template>
    <screen-template name="T13" match="orderMatch('WLWMS  Cycle Count','Loc:','Item:','Desc:','OnHand:','Actual:') and cursorZone('[8,9:5]')" html-id="auto-component-FMeB">
      <header start-row="1" start-column="2" value="WLWMS Cycle Count(W19)" html-id="component-0" />
      <display-text start-row="3" start-column="4" value="Loc: D - 83 - A" copy-value="[3,4]" html-id="component-1" />
      <display-text start-row="4" start-column="3" value="Item: 473891" copy-value="[4,3]" html-id="component-2" />
      <display-text start-row="5" start-column="3" value="Desc: Monster Truck" copy-value="[5,3]" html-id="component-3" />
      <display-text start-row="7" start-column="1" value="OnHand: 47" copy-value="[7,1]" html-id="component-4" />
      <display-text start-row="8" start-column="1" value="Actual" html-id="component-5" />
      <input-field start-row="8" start-column="9" max-length="4" copy-value="[8,9:4]" keyboard-portrait="Demo_Numeric" keyboard-landscape="Demo_Numeric" keyboard-display="show" html-id="input-00070008" />
      <display-text start-row="12" start-column="1" value="[=Exit]" copy-value="[12,1]" html-id="component-7" />
      <context-menu>
        <shortcut-item start-row="12" start-column="2" ishide="False" isglobal="False" key="{F3}" label="Exit" isvoiceenabled="False" />
      </context-menu>
    </screen-template>
    <screen-template name="T14" match="orderMatch('WLWMS  Cycle Count','OnHand:','Actual:') and cursorZone('[1,1:1]')" html-id="auto-component--L4l">
      <header start-row="1" start-column="2" value="WLWMS Cycle Count(W20)" html-id="component-0" />
      <display-text start-row="3" start-column="1" value="OnHand: 47" copy-value="[3,1]" html-id="component-1" />
      <display-text start-row="4" start-column="1" value="Actual: 43" copy-value="[4,1]" html-id="component-2" />
      <display-text start-row="6" start-column="1" value="Accept shelf count?" copy-value="[6,1]" html-id="component-3" />
      <display-text start-row="8" start-column="1" value="Confirm Y/N" copy-value="[8,1]" html-id="component-4" />
      <input-field start-row="1" start-column="1" copy-value="[1,1:1]" keyboard-portrait="Demo_Yes No" keyboard-landscape="Demo_Yes No" keyboard-display="show" html-id="added_636542825063196579" />
      <context-menu>
        <shortcut-item start-row="1" start-column="1" ishide="False" isglobal="False" key="y" label="Yes" isvoiceenabled="False" />
        <shortcut-item start-row="1" start-column="1" ishide="False" isglobal="False" key="n" label="No" isvoiceenabled="False" />
      </context-menu>
    </screen-template>
    <screen-template name="T15-1" match="cursorZone('[3,10:21]') and orderMatch('WLWMS  Item Inquiry','UPC/SKU:','Error')" html-id="auto-component-6udx">
      <header start-row="1" start-column="2" value="WLWMS Item Inquiry(W22)" html-id="component-0" />
      <display-text start-row="3" start-column="1" value="UPC/SKU" html-id="component-1" />
      <input-field start-row="3" start-column="10" max-length="20" copy-value="[3,10:20]" keyboard-portrait="Demo_Numeric" keyboard-landscape="Demo_Numeric" html-id="input-00020009" />
      <display-text start-row="12" start-column="1" value="[=Exit]" copy-value="[12,1]" html-id="component-3" />
      <context-menu>
        <shortcut-item start-row="12" start-column="2" ishide="False" isglobal="False" key="{F3}" label="Exit" isvoiceenabled="False" />
      </context-menu>
    </screen-template>
    <screen-template name="T15" match="orderMatch('WLWMS  Item Inquiry','UPC/SKU:') and cursorZone('[3,10:21]')" html-id="auto-component-6udx">
      <header start-row="1" start-column="2" value="WLWMS Item Inquiry(W22)" html-id="component-0" />
      <display-text start-row="3" start-column="1" value="UPC/SKU" html-id="component-1" />
      <input-field start-row="3" start-column="10" max-length="20" copy-value="[3,10:20]" keyboard-portrait="Demo_Numeric" keyboard-landscape="Demo_Numeric" html-id="input-00020009" />
      <display-text start-row="12" start-column="1" value="[=Exit]" copy-value="[12,1]" html-id="component-3" />
      <context-menu>
        <shortcut-item start-row="12" start-column="2" ishide="False" isglobal="False" key="{F3}" label="Exit" isvoiceenabled="False" />
      </context-menu>
    </screen-template>
    <screen-template name="T16" match="orderMatch('WLWMS  Item Inquiry','Product Code:','Product Description:','OnHand:') and cursorZone('[1,1:1]')" html-id="auto-component-6PVD">
      <header start-row="1" start-column="2" value="WLWMS Item Inquiry(W23)" html-id="component-0" />
      <display-text start-row="3" start-column="1" value="Product Code: 9268500100" copy-value="[3,1]" html-id="component-1" />
      <display-text start-row="4" start-column="1" value="Product Description:" copy-value="[4,1]" html-id="component-2" />
      <display-text start-row="5" start-column="1" value="Portable Camp Stove" copy-value="[5,1]" html-id="component-3" />
      <display-text start-row="8" start-column="1" value="OnHand: 95" copy-value="[8,1]" html-id="component-4" />
      <display-text start-row="11" start-column="1" value="[Enter=Check Location]" copy-value="[11,1]" html-id="component-5" />
      <display-text start-row="12" start-column="1" value="[=Back]" copy-value="[12,1]" html-id="component-6" />
      <context-menu>
        <shortcut-item start-row="12" start-column="2" ishide="False" isglobal="False" key="{F3}" label="Back" isvoiceenabled="False" />
      </context-menu>
      <input-field start-row="1" start-column="1" copy-value="[1,1:1]" keyboard-portrait="Demo_Function" keyboard-landscape="Demo_Function" keyboard-display="show" html-id="added_636542825538256198" />
    </screen-template>
    <screen-template name="T17" match="orderMatch('WLWMS  Item Location') and cursorZone('[1,1:1]')" html-id="auto-component-JV4S">
      <header start-row="1" start-column="2" value="WLWMS Item Location(W24)" html-id="component-0" />
      <display-text start-row="3" start-column="1" value="Location On Hand" copy-value="[3,1]" html-id="component-1" />
      <display-text start-row="5" start-column="1" value="A - 18 - B 17" copy-value="[5,1]" html-id="component-2" />
      <display-text start-row="6" start-column="1" value="T - 43 - D 32" copy-value="[6,1]" html-id="component-3" />
      <display-text start-row="7" start-column="1" value="D - 37 - B 9" copy-value="[7,1]" html-id="component-4" />
      <display-text start-row="8" start-column="1" value="E - 24 - C 37" copy-value="[8,1]" html-id="component-5" />
      <display-text start-row="11" start-column="1" value="[Enter=Continue]" copy-value="[11,1]" html-id="component-6" />
      <input-field start-row="1" start-column="1" copy-value="[1,1:1]" keyboard-portrait="Demo_Keyboard of Keyboards" keyboard-landscape="Demo_Keyboard of Keyboards" keyboard-display="show" html-id="added_636542825938168147" />
      <context-menu>
        <shortcut-item start-row="1" start-column="1" ishide="False" isglobal="False" key="{return}" label="Continue" isvoiceenabled="False" />
      </context-menu>
    </screen-template>
    <screen-template name="T18-1" match="cursorZone('[4,1:21]') and orderMatch('WLSTR  Item Inquiry','Scan Item','Error')" html-id="auto-component-5GRO">
      <header start-row="1" start-column="2" value="WLSTR Item Inquiry(S12)" html-id="component-0" />
      <display-text start-row="3" start-column="1" value="Scan Item" html-id="component-1" />
      <input-field start-row="4" start-column="1" max-length="20" copy-value="[4,1:20]" keyboard-portrait="Demo_Numeric" keyboard-landscape="Demo_Numeric" html-id="input-00030000" />
      <display-text start-row="12" start-column="1" value="[=Exit]" copy-value="[12,1]" html-id="component-3" />
      <context-menu>
        <shortcut-item start-row="12" start-column="2" ishide="False" isglobal="False" key="{F3}" label="Exit" isvoiceenabled="False" />
      </context-menu>
    </screen-template>
    <screen-template name="T18" match="orderMatch('WLSTR  Item Inquiry','Scan Item') and cursorZone('[4,1:21]')" html-id="auto-component-5GRO">
      <header start-row="1" start-column="2" value="WLSTR Item Inquiry(S12)" html-id="component-0" />
      <display-text start-row="3" start-column="1" value="Scan Item" html-id="component-1" />
      <input-field start-row="4" start-column="1" max-length="20" copy-value="[4,1:20]" keyboard-portrait="Demo_Numeric" keyboard-landscape="Demo_Numeric" html-id="input-00030000" />
      <display-text start-row="12" start-column="1" value="[=Exit]" copy-value="[12,1]" html-id="component-3" />
      <context-menu>
        <shortcut-item start-row="12" start-column="2" ishide="False" isglobal="False" key="{F3}" label="Exit" isvoiceenabled="False" />
      </context-menu>
    </screen-template>
    <screen-template name="T19" match="orderMatch('WLSTR  Item Details','Product Code:','Product Description:','Shelf Stock     :','Store Room Stock:','Lead Time       :','Delivery Qty    :') and cursorZone('[1,1:1]')" html-id="auto-component-7MEA">
      <header start-row="1" start-column="2" value="WLSTR Item Details(S13)" html-id="component-0" />
      <display-text start-row="3" start-column="1" value="Product Code: 320184" copy-value="[3,1]" html-id="component-1" />
      <display-text start-row="4" start-column="1" value="Product Description:" copy-value="[4,1]" html-id="component-2" />
      <display-text start-row="5" start-column="1" value="Baseball Bat" copy-value="[5,1]" html-id="component-3" />
      <display-text start-row="7" start-column="1" value="Shelf Stock: 54" copy-value="[7,1]" html-id="component-4" />
      <display-text start-row="8" start-column="1" value="Store Room Stock: 0" copy-value="[8,1]" html-id="component-5" />
      <display-text start-row="9" start-column="1" value="Lead Time: 10" copy-value="[9,1]" html-id="component-6" />
      <display-text start-row="10" start-column="1" value="Delivery Qty: 10" copy-value="[10,1]" html-id="component-7" />
      <display-text start-row="12" start-column="1" value="[Enter=Check Stores]" copy-value="[12,1]" html-id="component-8" />
      <display-text start-row="13" start-column="1" value="[=Back]" copy-value="[13,1]" html-id="component-9" />
      <context-menu>
        <shortcut-item start-row="13" start-column="2" ishide="False" isglobal="False" key="{F3}" label="Back" isvoiceenabled="False" />
      </context-menu>
      <input-field start-row="1" start-column="1" copy-value="[1,1:1]" keyboard-portrait="Demo_Function" keyboard-landscape="Demo_Function" keyboard-display="show" html-id="added_636542835750359172" />
    </screen-template>
    <screen-template name="T20" match="orderMatch('Location            On Hand','Seattle','Everett','Spokane','Bellingham','Tacoma','Kirkland') and cursorZone('[1,1:1]')" html-id="auto-component-u0gy">
      <header start-row="1" start-column="1" value="Location On Hand(S14)" html-id="component-0" />
      <header start-row="3" start-column="1" value="Seattle 10" html-id="component-1" />
      <header start-row="4" start-column="1" value="Everett 4" html-id="component-2" />
      <header start-row="5" start-column="1" value="Spokane 2" html-id="component-3" />
      <header start-row="6" start-column="1" value="Bellingham 22" html-id="component-4" />
      <header start-row="7" start-column="1" value="Tacoma 9" html-id="component-5" />
      <header start-row="8" start-column="1" value="Kirkland 1" html-id="component-6" />
      <display-text start-row="12" start-column="1" value="[Enter=Continue]" copy-value="[12,1]" html-id="component-7" />
      <input-field start-row="1" start-column="1" copy-value="[1,1:1]" keyboard-portrait="Demo_Keyboard of Keyboards" keyboard-landscape="Demo_Keyboard of Keyboards" keyboard-display="show" html-id="added_636542836040347055" />
      <context-menu>
        <shortcut-item start-row="1" start-column="1" ishide="False" isglobal="False" key="{return}" label="Contine" isvoiceenabled="False" />
      </context-menu>
    </screen-template>
    <screen-template name="T21-1" match="cursorZone('[4,1:21]') and orderMatch('WLSTR  Replenishment','Scan Product','Error ')" html-id="auto-component-MSiD">
      <header start-row="1" start-column="2" value="WLSTR Replenishment(S03)" html-id="component-0" />
      <display-text start-row="3" start-column="1" value="Scan Product" html-id="component-1" />
      <input-field start-row="4" start-column="1" max-length="20" copy-value="[4,1:20]" keyboard-portrait="Demo_Numeric" keyboard-landscape="Demo_Numeric" html-id="input-00030000" />
      <display-text start-row="12" start-column="1" value="[=Exit]" copy-value="[12,1]" html-id="component-3" />
      <context-menu>
        <shortcut-item start-row="12" start-column="2" ishide="False" isglobal="False" key="{F3}" label="Exit" isvoiceenabled="False" />
      </context-menu>
    </screen-template>
    <screen-template name="T21" match="orderMatch('WLSTR  Replenishment','Scan Product') and cursorZone('[4,1:21]')" html-id="auto-component-MSiD">
      <header start-row="1" start-column="2" value="WLSTR Replenishment(S03)" html-id="component-0" />
      <display-text start-row="3" start-column="1" value="Scan Product" html-id="component-1" />
      <input-field start-row="4" start-column="1" max-length="20" copy-value="[4,1:20]" keyboard-portrait="Demo_Numeric" keyboard-landscape="Demo_Numeric" html-id="input-00030000" />
      <display-text start-row="12" start-column="1" value="[=Exit]" copy-value="[12,1]" html-id="component-3" />
      <context-menu>
        <shortcut-item start-row="12" start-column="2" ishide="False" isglobal="False" key="{F3}" label="Exit" isvoiceenabled="False" />
      </context-menu>
    </screen-template>
    <screen-template name="T22-1" match="cursorZone('[8,8:7]') and orderMatch('WLSTR  Replenishment','Product Code:','Product Description:','Shelf:','Shelf:','Error')" html-id="auto-component-onOQ">
      <header start-row="1" start-column="2" value="WLSTR Replenishment(S04)" html-id="component-0" />
      <display-text start-row="3" start-column="1" value="Product Code: 67881" copy-value="[3,1]" html-id="component-1" />
      <display-text start-row="4" start-column="1" value="Product Description:" copy-value="[4,1]" html-id="component-2" />
      <display-text start-row="5" start-column="1" value="Green Beans" copy-value="[5,1]" html-id="component-3" />
      <display-text start-row="7" start-column="1" value="Shelf: 17 - 4 - C" copy-value="[7,1]" html-id="component-4" />
      <display-text start-row="8" start-column="1" value="Shelf" html-id="component-5" />
      <input-field start-row="8" start-column="8" max-length="6" copy-value="[8,8:6]" keyboard-portrait="Demo_Shelf List" keyboard-landscape="Demo_Shelf List" keyboard-display="show" html-id="input-00070007" />
      <display-text start-row="12" start-column="1" value="[=Back]" copy-value="[12,1]" html-id="component-7" />
      <context-menu>
        <shortcut-item start-row="12" start-column="2" ishide="False" isglobal="False" key="{F3}" label="Back" isvoiceenabled="False" />
      </context-menu>
    </screen-template>
    <screen-template name="T22" match="orderMatch('WLSTR  Replenishment','Product Code:','Product Description:','Shelf:','Shelf:') and cursorZone('[8,8:7]')" html-id="auto-component-onOQ">
      <header start-row="1" start-column="2" value="WLSTR Replenishment(S04)" html-id="component-0" />
      <display-text start-row="3" start-column="1" value="Product Code: 67881" copy-value="[3,1]" html-id="component-1" />
      <display-text start-row="4" start-column="1" value="Product Description:" copy-value="[4,1]" html-id="component-2" />
      <display-text start-row="5" start-column="1" value="Green Beans" copy-value="[5,1]" html-id="component-3" />
      <display-text start-row="7" start-column="1" value="Shelf: 17 - 4 - C" copy-value="[7,1]" html-id="component-4" />
      <display-text start-row="8" start-column="1" value="Shelf" html-id="component-5" />
      <input-field start-row="8" start-column="8" max-length="6" copy-value="[8,8:6]" keyboard-portrait="Demo_Shelf List" keyboard-landscape="Demo_Shelf List" keyboard-display="show" html-id="input-00070007" />
      <display-text start-row="12" start-column="1" value="[=Back]" copy-value="[12,1]" html-id="component-7" />
      <context-menu>
        <shortcut-item start-row="12" start-column="2" ishide="False" isglobal="False" key="{F3}" label="Back" isvoiceenabled="False" />
      </context-menu>
    </screen-template>
    <screen-template name="T23-1" match="cursorZone('[8,8:5]') and orderMatch('WLSTR  Replenishment','Product Code:','Product Description:','Shelf:','Qty:','Error')" html-id="auto-component-XBWV">
      <header start-row="1" start-column="2" value="WLSTR Replenishment(S05)" html-id="component-0" />
      <display-text start-row="3" start-column="1" value="Product Code: 67881" copy-value="[3,1]" html-id="component-1" />
      <display-text start-row="4" start-column="1" value="Product Description:" copy-value="[4,1]" html-id="component-2" />
      <display-text start-row="5" start-column="1" value="Green Beans" copy-value="[5,1]" html-id="component-3" />
      <display-text start-row="7" start-column="1" value="Shelf: 17 - 4 - C" copy-value="[7,1]" html-id="component-4" />
      <display-text start-row="8" start-column="3" value="Qty" html-id="component-5" />
      <input-field start-row="8" start-column="8" max-length="4" copy-value="[8,8:4]" keyboard-portrait="Demo_Numeric" keyboard-landscape="Demo_Numeric" keyboard-display="show" html-id="input-00070007" />
      <display-text start-row="12" start-column="1" value="[=Back]" copy-value="[12,1]" html-id="component-7" />
      <context-menu>
        <shortcut-item start-row="12" start-column="2" ishide="False" isglobal="False" key="{F3}" label="Back" isvoiceenabled="False" />
      </context-menu>
    </screen-template>
    <screen-template name="T23" match="orderMatch('WLSTR  Replenishment','Product Code:','Product Description:','Shelf:','Qty:') and cursorZone('[8,8:5]')" html-id="auto-component-XBWV">
      <header start-row="1" start-column="2" value="WLSTR Replenishment(S05)" html-id="component-0" />
      <display-text start-row="3" start-column="1" value="Product Code: 67881" copy-value="[3,1]" html-id="component-1" />
      <display-text start-row="4" start-column="1" value="Product Description:" copy-value="[4,1]" html-id="component-2" />
      <display-text start-row="5" start-column="1" value="Green Beans" copy-value="[5,1]" html-id="component-3" />
      <display-text start-row="7" start-column="1" value="Shelf: 17 - 4 - C" copy-value="[7,1]" html-id="component-4" />
      <display-text start-row="8" start-column="3" value="Qty" html-id="component-5" />
      <input-field start-row="8" start-column="8" max-length="4" copy-value="[8,8:4]" keyboard-portrait="Demo_Numeric" keyboard-landscape="Demo_Numeric" keyboard-display="show" html-id="input-00070007" />
      <display-text start-row="12" start-column="1" value="[=Back]" copy-value="[12,1]" html-id="component-7" />
      <context-menu>
        <shortcut-item start-row="12" start-column="2" ishide="False" isglobal="False" key="{F3}" label="Back" isvoiceenabled="False" />
      </context-menu>
    </screen-template>
    <screen-template name="T24" match="orderMatch('WLSTR  Replenishment','Replenishment Qty:','Confirm Y/N:') and cursorZone('[5,16]')" html-id="auto-component-sdkn">
      <header start-row="1" start-column="2" value="WLSTR Replenishment(S06)" html-id="component-0" />
      <display-text start-row="3" start-column="3" value="Replenishment Qty: 21" copy-value="[3,3]" html-id="component-1" />
      <display-text start-row="5" start-column="3" value="Confirm Y/N" html-id="component-2" />
      <input-field start-row="5" start-column="16" copy-value="[5,16]" keyboard-portrait="Demo_Yes No" keyboard-landscape="Demo_Yes No" keyboard-display="show" html-id="input-0004000F" />
      <context-menu>
        <shortcut-item start-row="1" start-column="1" ishide="False" isglobal="False" key="y" label="Yes" isvoiceenabled="False" />
        <shortcut-item start-row="1" start-column="1" ishide="False" isglobal="False" key="n" label="No" isvoiceenabled="False" />
      </context-menu>
    </screen-template>
    <screen-template name="T25-1" match="cursorZone('[4,1:21]') and orderMatch('WLSTR  Item Count','Scan Shelf','Error')" html-id="auto-component-u7-7">
      <header start-row="1" start-column="2" value="WLSTR Item Count(S08)" html-id="component-0" />
      <display-text start-row="3" start-column="1" value="Scan Shelf" html-id="component-1" />
      <input-field start-row="4" start-column="1" max-length="20" copy-value="[4,1:20]" keyboard-portrait="Demo_Qwerty" keyboard-landscape="Demo_Qwerty" html-id="input-00030000" />
      <display-text start-row="12" start-column="1" value="[=Exit]" copy-value="[12,1]" html-id="component-3" />
      <context-menu>
        <shortcut-item start-row="12" start-column="2" ishide="False" isglobal="False" key="{F3}" label="Exit" isvoiceenabled="False" />
      </context-menu>
    </screen-template>
    <screen-template name="T25" match="orderMatch('WLSTR  Item Count','Scan Shelf') and cursorZone('[4,1:21]')" html-id="auto-component-u7-7">
      <header start-row="1" start-column="2" value="WLSTR Item Count(S08)" html-id="component-0" />
      <display-text start-row="3" start-column="1" value="Scan Shelf" html-id="component-1" />
      <input-field start-row="4" start-column="1" max-length="20" copy-value="[4,1:20]" keyboard-portrait="Demo_Qwerty" keyboard-landscape="Demo_Qwerty" html-id="input-00030000" />
      <display-text start-row="12" start-column="1" value="[=Exit]" copy-value="[12,1]" html-id="component-3" />
      <context-menu>
        <shortcut-item start-row="12" start-column="2" ishide="False" isglobal="False" key="{F3}" label="Exit" isvoiceenabled="False" />
      </context-menu>
    </screen-template>
    <screen-template name="T26-1" match="cursorZone('[8,9:5]') and orderMatch('WLSTR  Item Count','Shelf:','Item:','Desc:','OnHand:','Actual:','Error')" html-id="auto-component-jYgs">
      <header start-row="1" start-column="2" value="WLSTR Item Count(S09)" html-id="component-0" />
      <display-text start-row="3" start-column="1" value="Shelf: B - 73 - C" copy-value="[3,1]" html-id="component-1" />
      <display-text start-row="4" start-column="2" value="Item: 43773" copy-value="[4,2]" html-id="component-2" />
      <display-text start-row="5" start-column="2" value="Desc: Solar Flashlight" copy-value="[5,2]" html-id="component-3" />
      <display-text start-row="7" start-column="1" value="OnHand: 27" copy-value="[7,1]" html-id="component-4" />
      <display-text start-row="8" start-column="1" value="Actual" html-id="component-5" />
      <input-field start-row="8" start-column="9" max-length="4" copy-value="[8,9:4]" keyboard-portrait="Demo_Numeric" keyboard-landscape="Demo_Numeric" keyboard-display="show" html-id="input-00070008" />
      <display-text start-row="12" start-column="1" value="[=Back]" copy-value="[12,1]" html-id="component-7" />
      <context-menu>
        <shortcut-item start-row="12" start-column="2" ishide="False" isglobal="False" key="{F3}" label="Back" isvoiceenabled="False" />
      </context-menu>
    </screen-template>
    <screen-template name="T26" match="orderMatch('WLSTR  Item Count','Shelf:','Item:','Desc:','OnHand:','Actual:') and cursorZone('[8,9:5]')" html-id="auto-component-jYgs">
      <header start-row="1" start-column="2" value="WLSTR Item Count(S09)" html-id="component-0" />
      <display-text start-row="3" start-column="1" value="Shelf: B - 73 - C" copy-value="[3,1]" html-id="component-1" />
      <display-text start-row="4" start-column="2" value="Item: 43773" copy-value="[4,2]" html-id="component-2" />
      <display-text start-row="5" start-column="2" value="Desc: Solar Flashlight" copy-value="[5,2]" html-id="component-3" />
      <display-text start-row="7" start-column="1" value="OnHand: 27" copy-value="[7,1]" html-id="component-4" />
      <display-text start-row="8" start-column="1" value="Actual" html-id="component-5" />
      <input-field start-row="8" start-column="9" max-length="4" copy-value="[8,9:4]" keyboard-portrait="Demo_Numeric" keyboard-landscape="Demo_Numeric" keyboard-display="show" html-id="input-00070008" />
      <display-text start-row="12" start-column="1" value="[=Back]" copy-value="[12,1]" html-id="component-7" />
      <context-menu>
        <shortcut-item start-row="12" start-column="2" ishide="False" isglobal="False" key="{F3}" label="Back" isvoiceenabled="False" />
      </context-menu>
    </screen-template>
    <screen-template name="T27" match="orderMatch('WLSTR  Item Count','On Hand:','Actual:','Confirm Y/N:') and cursorZone('[8,14]')" html-id="auto-component-SFqm">
      <header start-row="1" start-column="2" value="WLSTR Item Count(S10)" html-id="component-0" />
      <display-text start-row="3" start-column="1" value="On Hand: 27" copy-value="[3,1]" html-id="component-1" />
      <display-text start-row="4" start-column="2" value="Actual: 28" copy-value="[4,2]" html-id="component-2" />
      <display-text start-row="6" start-column="1" value="Accept shelf count?" copy-value="[6,1]" html-id="component-3" />
      <display-text start-row="8" start-column="1" value="Confirm Y/N" html-id="component-4" />
      <input-field start-row="8" start-column="14" copy-value="[8,14]" keyboard-portrait="Demo_Yes No" keyboard-landscape="Demo_Yes No" keyboard-display="show" html-id="input-0007000D" />
      <context-menu>
        <shortcut-item start-row="1" start-column="1" ishide="False" isglobal="False" key="y" label="Yes" isvoiceenabled="False" />
        <shortcut-item start-row="1" start-column="1" ishide="False" isglobal="False" key="n" label="No" isvoiceenabled="False" />
      </context-menu>
    </screen-template>
    <screen-template name="ErrWhseMenu" match="cursorZone('[8,9:2]') and orderMatch('Warehouse','Outbound','Select:','Error')" html-id="auto-component-BLKI">
      <display-text start-row="1" start-column="3" value="Main Menu(v2. 0. 030)" copy-value="[1,3]" html-id="component-0" />
      <menu-item start-row="3" start-column="1" label="Warehouse" value="1{AutoEnter}" html-id="component-1" />
      <menu-item start-row="4" start-column="1" label="Storefront" value="2{AutoEnter}" html-id="component-2" />
      <display-text start-row="8" start-column="1" value="Select" html-id="component-3" />
      <input-field start-row="8" start-column="9" max-length="1" copy-value="[8,9:1]" keyboard-portrait="Demo_Numeric" keyboard-landscape="Demo_Numeric" keyboard-display="show" html-id="input-00070008" />
      <display-text start-row="12" start-column="1" value="[=Exit]" copy-value="[12,1]" html-id="component-5" />
      <context-menu>
        <shortcut-item start-row="12" start-column="2" ishide="False" isglobal="False" key="{F3}" label="Back" isvoiceenabled="False" />
      </context-menu>
    </screen-template>
    <screen-template name="ErrMainMenu" match="cursorZone('[8,9:2]') and orderMatch('Warehouse','Select:','Error')" html-id="auto-component-BLKI">
      <display-text start-row="1" start-column="3" value="Main Menu(v2. 0. 030)" copy-value="[1,3]" html-id="component-0" />
      <menu-item start-row="3" start-column="1" label="Warehouse" value="1{AutoEnter}" html-id="component-1" />
      <menu-item start-row="4" start-column="1" label="Storefront" value="2{AutoEnter}" html-id="component-2" />
      <display-text start-row="8" start-column="1" value="Select" html-id="component-3" />
      <input-field start-row="8" start-column="9" max-length="1" copy-value="[8,9:1]" keyboard-portrait="Demo_Numeric" keyboard-landscape="Demo_Numeric" keyboard-display="show" html-id="input-00070008" />
      <display-text start-row="12" start-column="1" value="[=Exit]" copy-value="[12,1]" html-id="component-5" />
      <context-menu>
        <shortcut-item start-row="12" start-column="2" ishide="False" isglobal="False" key="{F3}" label="Exit" isvoiceenabled="False" />
      </context-menu>
    </screen-template>
    <screen-template name="MainMenu" match="cursorZone('[8,9:2]') and orderMatch('Warehouse','Storefront','Select:')" html-id="auto-component-BLKI">
      <display-text start-row="1" start-column="3" value="Main Menu(v2. 0. 030)" copy-value="[1,3]" html-id="component-0" />
      <menu-item start-row="3" start-column="1" label="Warehouse" value="1{AutoEnter}" html-id="component-1" />
      <menu-item start-row="4" start-column="1" label="Storefront" value="2{AutoEnter}" html-id="component-2" />
      <display-text start-row="8" start-column="1" value="Select" html-id="component-3" />
      <input-field start-row="8" start-column="9" max-length="1" copy-value="[8,9:1]" keyboard-portrait="Demo_Numeric" keyboard-landscape="Demo_Numeric" keyboard-display="show" html-id="input-00070008" />
      <display-text start-row="12" start-column="1" value="[=Exit]" copy-value="[12,1]" html-id="component-5" />
      <context-menu>
        <shortcut-item start-row="12" start-column="2" ishide="False" isglobal="False" key="{F3}" label="Exit" isvoiceenabled="False" />
      </context-menu>
    </screen-template>
    <screen-template name="WhseMenu" match="cursorZone('[8,9:2]') and orderMatch('Warehouse','Outbound','Select:')" html-id="auto-component-BLKI">
      <display-text start-row="1" start-column="3" value="Main Menu(v2. 0. 030)" copy-value="[1,3]" html-id="component-0" />
      <menu-item start-row="3" start-column="1" label="Warehouse" value="1{AutoEnter}" html-id="component-1" />
      <menu-item start-row="4" start-column="1" label="Storefront" value="2{AutoEnter}" html-id="component-2" />
      <display-text start-row="8" start-column="1" value="Select" html-id="component-3" />
      <input-field start-row="8" start-column="9" max-length="1" copy-value="[8,9:1]" keyboard-portrait="Demo_Numeric" keyboard-landscape="Demo_Numeric" keyboard-display="show" html-id="input-00070008" />
      <display-text start-row="12" start-column="1" value="[=Exit]" copy-value="[12,1]" html-id="component-5" />
      <context-menu>
        <shortcut-item start-row="12" start-column="2" ishide="False" isglobal="False" key="{F3}" label="Back" isvoiceenabled="False" />
      </context-menu>
    </screen-template>
    <screen-template name="T29-1" match="cursorZone('[8,9:2]') and orderMatch('WLWMS  Outbound Menu','Pick to Tote','Select:','Error')" html-id="auto-component-q76h">
      <header start-row="1" start-column="2" value="WLWMS Outbound Menu(W02)" html-id="component-0" />
      <menu-item start-row="3" start-column="1" label="Pick to Tote" value="1{AutoEnter}" html-id="component-1" />
      <menu-item start-row="4" start-column="1" label="Pick by Label" value="2{AutoEnter}" html-id="component-2" />
      <display-text start-row="8" start-column="1" value="Select" html-id="component-3" />
      <input-field start-row="8" start-column="9" max-length="1" copy-value="[8,9:1]" keyboard-portrait="Demo_Numeric" keyboard-landscape="Demo_Numeric" keyboard-display="show" html-id="input-00070008" />
      <display-text start-row="12" start-column="1" value="[=Back]" copy-value="[12,1]" html-id="component-5" />
      <context-menu>
        <shortcut-item start-row="12" start-column="2" ishide="False" isglobal="False" key="{F3}" label="Back" isvoiceenabled="False" />
      </context-menu>
    </screen-template>
    <screen-template name="T29" match="orderMatch('WLWMS  Outbound Menu','Pick to Tote','Select:') and cursorZone('[8,9:2]')" html-id="auto-component-q76h">
      <header start-row="1" start-column="2" value="WLWMS Outbound Menu(W02)" html-id="component-0" />
      <menu-item start-row="3" start-column="1" label="Pick to Tote" value="1{AutoEnter}" html-id="component-1" />
      <menu-item start-row="4" start-column="1" label="Pick by Label" value="2{AutoEnter}" html-id="component-2" />
      <display-text start-row="8" start-column="1" value="Select" html-id="component-3" />
      <input-field start-row="8" start-column="9" max-length="1" copy-value="[8,9:1]" keyboard-portrait="Demo_Numeric" keyboard-landscape="Demo_Numeric" keyboard-display="show" html-id="input-00070008" />
      <display-text start-row="12" start-column="1" value="[=Back]" copy-value="[12,1]" html-id="component-5" />
      <context-menu>
        <shortcut-item start-row="12" start-column="2" ishide="False" isglobal="False" key="{F3}" label="Back" isvoiceenabled="False" />
      </context-menu>
    </screen-template>
    <screen-template name="T30-1" match="cursorZone('[8,8:3]') and orderMatch('WLSTR  Storefront Menu','Item Inquiry','Error')" html-id="auto-component-nGkR">
      <header start-row="1" start-column="2" value="WLSTR Storefront Menu(S01)" html-id="component-0" />
      <menu-item start-row="3" start-column="1" label="Item Inquiry" value="1{AutoEnter}" html-id="component-1" />
      <menu-item start-row="4" start-column="1" label="Item Replenishment" value="2{AutoEnter}" html-id="component-2" />
      <menu-item start-row="5" start-column="1" label="Item Count" value="3{AutoEnter}" html-id="component-3" />
      <display-text start-row="8" start-column="1" value="Select" copy-value="[8,1:7]" html-id="component-4" />
      <input-field start-row="8" start-column="8" max-length="2" copy-value="[8,8:2]" keyboard-portrait="Demo_Numeric" keyboard-landscape="Demo_Numeric" keyboard-display="show" html-id="input-00070007" />
      <display-text start-row="12" start-column="1" value="[=Back]" copy-value="[12,1]" html-id="component-6" />
      <context-menu>
        <shortcut-item start-row="12" start-column="2" ishide="False" isglobal="False" key="{F3}" label="Back" isvoiceenabled="False" />
      </context-menu>
    </screen-template>
    <screen-template name="T30" match="orderMatch('WLSTR  Storefront Menu','Item Inquiry') and cursorZone('[8,8:3]')" html-id="auto-component-nGkR">
      <header start-row="1" start-column="2" value="WLSTR Storefront Menu(S01)" html-id="component-0" />
      <menu-item start-row="3" start-column="1" label="Item Inquiry" value="1{AutoEnter}" html-id="component-1" />
      <menu-item start-row="4" start-column="1" label="Item Replenishment" value="2{AutoEnter}" html-id="component-2" />
      <menu-item start-row="5" start-column="1" label="Item Count" value="3{AutoEnter}" html-id="component-3" />
      <display-text start-row="8" start-column="1" value="Select" copy-value="[8,1:7]" html-id="component-4" />
      <input-field start-row="8" start-column="8" max-length="2" copy-value="[8,8:2]" keyboard-portrait="Demo_Numeric" keyboard-landscape="Demo_Numeric" keyboard-display="show" html-id="input-00070007" />
      <display-text start-row="12" start-column="1" value="[=Back]" copy-value="[12,1]" html-id="component-6" />
      <context-menu>
        <shortcut-item start-row="12" start-column="2" ishide="False" isglobal="False" key="{F3}" label="Back" isvoiceenabled="False" />
      </context-menu>
    </screen-template>
    <screen-template name="global" match="false" html-id="auto-component-VD0w">
      <context-menu />
    </screen-template>
  </screen-group>
</templates>