﻿<?xml version="1.0" encoding="utf-8"?>
<keyboards xmlns:xsi="http://www.w3.org/2001/XMLSchema-instance" xmlns:xsd="http://www.w3.org/2001/XMLSchema" version="1">
  <style name="normal" textColor="3f3f3f" keyColor="ffffff" pressColor="faf0e6" fontWeight="bold" bloom="false" />
  <style name="Dark" textColor="3f3f3f" keyColor="e0e3e4" pressColor="faf0e6" fontWeight="bold" bloom="false" />
  <style name="Nav keys" textColor="ffffff" keyColor="3f3f3f" pressColor="faebd7" fontWeight="bold" feedback="none" bloom="false" />
  <style name="Normal-1" textColor="3f3f3f" keyColor="ffffff" pressColor="faf0e6" fontWeight="bold" bloom="false" />
  <style name="Dark-1" textColor="3f3f3f" keyColor="e0e3e4" pressColor="faf0e6" fontWeight="bold" bloom="false" />
  <style name="Nav keys-1" textColor="ffffff" keyColor="3f3f3f" pressColor="faebd7" fontWeight="bold" feedback="none" bloom="false" />
  <layout name="Demo_Keyboard of Keyboards" defaultModifier="normal" defaultStyle="normal" percentOfScreen="35" selectorText="" rotateTo="Demo_Keyboard of Keyboards" autoReturn="true" background="eceef0" modes="VT,port,land">
    <button x="14" y="10" h="8" w="6">
      <key modifier="normal" content="{image:EnterNoText_100px.png}" value="{hex:000D}" style="Dark" feedback="" />
      <key modifier="shift" content="" value="" style="normal" feedback="" />
    </button>
    <button x="7" y="10" h="8" w="7">
      <key modifier="normal" content="  SHELF  " value="{layout:Demo_Shelf List}" style="Nav keys" feedback="" />
      <key modifier="shift" content="" value="" style="normal" feedback="" />
    </button>
    <button x="0" y="10" h="8" w="7">
      <key modifier="normal" content="   LCTN   " value="{layout:Demo_Location List}" style="Nav keys" feedback="" />
      <key modifier="shift" content="" value="" style="normal" feedback="" />
    </button>
    <button x="14" y="0" h="2" w="6">
      <key modifier="normal" content="    ABC    " value="{layout:Demo_Qwerty}" style="Nav keys" feedback="" />
      <key modifier="shift" content="" value="" style="normal" feedback="" />
    </button>
    <button x="14" y="2" h="2" w="6">
      <key modifier="normal" content="    123    " value="{layout:Demo_Numeric}" style="Nav keys" feedback="" />
      <key modifier="shift" content="" value="" style="normal" feedback="" />
    </button>
    <button x="14" y="4" h="2" w="6">
      <key modifier="normal" content="   FUNC   " value="{layout:Demo_Function}" style="Nav keys" feedback="" />
      <key modifier="shift" content="" value="" style="normal" feedback="" />
    </button>
    <button x="14" y="6" h="2" w="6">
      <key modifier="normal" content="   PRNT   " value="{layout:Demo_Printer}" style="Nav keys" feedback="" />
      <key modifier="shift" content="" value="" style="normal" feedback="" />
    </button>
    <button x="14" y="8" h="2" w="6">
      <key modifier="normal" content="    Y/N    " value="{layout:Demo_Yes No}" style="Nav keys" feedback="" />
      <key modifier="shift" content="" value="" style="normal" feedback="" />
    </button>
  </layout>
  <layout name="Demo_Qwerty" defaultModifier="normal" defaultStyle="normal" percentOfScreen="35" selectorText="Abc" rotateTo="Demo_Qwerty" autoReturn="true" background="eceef0" modes="VT,port,land">
    <button x="0" y="16" h="2" w="5">
      <key modifier="normal" content="     Shift     " value="{modifier:shift}" style="Dark" feedback="" />
      <key modifier="shift" content="     Shift     " value="{lock:shift}" style="normal" feedback="" />
    </button>
    <button x="5" y="16" h="2" w="10">
      <key modifier="normal" content="            Space            " value="{hex:0020}" style="Dark" feedback="" />
      <key modifier="shift" content="            Space            " value="{hex:0020}" style="normal" feedback="" />
    </button>
    <button x="15" y="16" h="2" w="5">
      <key modifier="normal" content="{image:EnterNoText_100px.png}" value="{hex:000D}" style="Dark" feedback="" />
      <key modifier="shift" content="{image:EnterNoText_100px.png}" value="{hex:000D}" style="normal" feedback="" />
    </button>
    <button x="0" y="14" h="2" w="3">
      <key modifier="normal" content="  Tab  " value="{hex:0009}" style="Dark" feedback="" />
      <key modifier="shift" content="{image:back_tab_black.png}" value="{hex:E00F}" style="normal" feedback="" />
    </button>
    <button x="3" y="14" h="2" w="2">
      <key modifier="normal" content="z" value="z" style="normal" feedback="" />
      <key modifier="shift" content="Z" value="Z" style="normal" feedback="" />
    </button>
    <button x="5" y="14" h="2" w="2">
      <key modifier="normal" content="x" value="x" style="normal" feedback="" />
      <key modifier="shift" content="X" value="X" style="normal" feedback="" />
    </button>
    <button x="7" y="14" h="2" w="2">
      <key modifier="normal" content="c" value="c" style="normal" feedback="" />
      <key modifier="shift" content="C" value="C" style="normal" feedback="" />
    </button>
    <button x="9" y="14" h="2" w="2">
      <key modifier="normal" content="v" value="v" style="normal" feedback="" />
      <key modifier="shift" content="V" value="V" style="normal" feedback="" />
    </button>
    <button x="11" y="14" h="2" w="2">
      <key modifier="normal" content="b" value="b" style="normal" feedback="" />
      <key modifier="shift" content="B" value="B" style="normal" feedback="" />
    </button>
    <button x="13" y="14" h="2" w="2">
      <key modifier="normal" content="n" value="n" style="normal" feedback="" />
      <key modifier="shift" content="N" value="N" style="normal" feedback="" />
    </button>
    <button x="15" y="14" h="2" w="2">
      <key modifier="normal" content="m" value="m" style="normal" feedback="" />
      <key modifier="shift" content="M" value="M" style="normal" feedback="" />
    </button>
    <button x="17" y="14" h="2" w="3">
      <key modifier="normal" content="Bksp" value="{hex:0008}" style="Dark" feedback="" />
      <key modifier="shift" content="Bksp" value="{hex:0008}" style="normal" feedback="" />
    </button>
    <button x="0" y="12" h="2" w="2">
      <key modifier="normal" content="ESC" value="{hex:001B}" style="Dark" feedback="" />
      <key modifier="shift" content="ESC" value="{hex:001B}" style="normal" feedback="" />
    </button>
    <button x="2" y="12" h="2" w="2">
      <key modifier="normal" content="a" value="a" style="normal" feedback="" />
      <key modifier="shift" content="A" value="A" style="normal" feedback="" />
    </button>
    <button x="4" y="12" h="2" w="2">
      <key modifier="normal" content="s" value="s" style="normal" feedback="" />
      <key modifier="shift" content="S" value="S" style="normal" feedback="" />
    </button>
    <button x="6" y="12" h="2" w="2">
      <key modifier="normal" content="d" value="d" style="normal" feedback="" />
      <key modifier="shift" content="D" value="D" style="normal" feedback="" />
    </button>
    <button x="8" y="12" h="2" w="2">
      <key modifier="normal" content="f" value="f" style="normal" feedback="" />
      <key modifier="shift" content="F" value="F" style="normal" feedback="" />
    </button>
    <button x="10" y="12" h="2" w="2">
      <key modifier="normal" content="g" value="g" style="normal" feedback="" />
      <key modifier="shift" content="G" value="G" style="normal" feedback="" />
    </button>
    <button x="12" y="12" h="2" w="2">
      <key modifier="normal" content="h" value="h" style="normal" feedback="" />
      <key modifier="shift" content="H" value="H" style="normal" feedback="" />
    </button>
    <button x="14" y="12" h="2" w="2">
      <key modifier="normal" content="j" value="j" style="normal" feedback="" />
      <key modifier="shift" content="J" value="J" style="normal" feedback="" />
    </button>
    <button x="16" y="12" h="2" w="2">
      <key modifier="normal" content="k" value="k" style="normal" feedback="" />
      <key modifier="shift" content="K" value="K" style="normal" feedback="" />
    </button>
    <button x="18" y="12" h="2" w="2">
      <key modifier="normal" content="l" value="l" style="normal" feedback="" />
      <key modifier="shift" content="L" value="L" style="normal" feedback="" />
    </button>
    <button x="0" y="10" h="2" w="2">
      <key modifier="normal" content="q" value="q" style="normal" feedback="" />
      <key modifier="shift" content="Q" value="Q" style="normal" feedback="" />
    </button>
    <button x="2" y="10" h="2" w="2">
      <key modifier="normal" content="w" value="w" style="normal" feedback="" />
      <key modifier="shift" content="W" value="W" style="normal" feedback="" />
    </button>
    <button x="4" y="10" h="2" w="2">
      <key modifier="normal" content="e" value="e" style="normal" feedback="" />
      <key modifier="shift" content="E" value="E" style="normal" feedback="" />
    </button>
    <button x="6" y="10" h="2" w="2">
      <key modifier="normal" content="r" value="r" style="normal" feedback="" />
      <key modifier="shift" content="R" value="R" style="normal" feedback="" />
    </button>
    <button x="8" y="10" h="2" w="2">
      <key modifier="normal" content="t" value="t" style="normal" feedback="" />
      <key modifier="shift" content="T" value="T" style="normal" feedback="" />
    </button>
    <button x="10" y="10" h="2" w="2">
      <key modifier="normal" content="y" value="y" style="normal" feedback="" />
      <key modifier="shift" content="Y" value="Y" style="normal" feedback="" />
    </button>
    <button x="12" y="10" h="2" w="2">
      <key modifier="normal" content="u" value="u" style="normal" feedback="" />
      <key modifier="shift" content="U" value="U" style="normal" feedback="" />
    </button>
    <button x="14" y="10" h="2" w="2">
      <key modifier="normal" content="i" value="i" style="normal" feedback="" />
      <key modifier="shift" content="I" value="I" style="normal" feedback="" />
    </button>
    <button x="16" y="10" h="2" w="2">
      <key modifier="normal" content="o" value="o" style="normal" feedback="" />
      <key modifier="shift" content="O" value="O" style="normal" feedback="" />
    </button>
    <button x="18" y="10" h="2" w="2">
      <key modifier="normal" content="p" value="p" style="normal" feedback="" />
      <key modifier="shift" content="P" value="P" style="normal" feedback="" />
    </button>
    <button x="14" y="0" h="2" w="6">
      <key modifier="normal" content="    123    " value="{layout:Demo_Numeric}" style="Nav keys" feedback="" />
      <key modifier="shift" content="    123    " value="{layout:VT_Numeric}" style="normal" feedback="" />
    </button>
    <button x="14" y="4" h="2" w="6">
      <key modifier="normal" content="   PRNT   " value="{layout:Demo_Printer}" style="Nav keys" feedback="" />
      <key modifier="shift" content="   FUNC   " value="{layout:VT_Function}" style="normal" feedback="" />
    </button>
    <button x="14" y="6" h="2" w="6">
      <key modifier="normal" content="    Y/N    " value="{layout:Demo_Yes No}" style="Nav keys" feedback="" />
      <key modifier="shift" content="   CTRL   " value="{layout:VT_Control}" style="normal" feedback="" />
    </button>
    <button x="14" y="8" h="2" w="6">
      <key modifier="normal" content="    HOME    " value="{layout:Demo_Keyboard of Keyboards}" style="Nav keys" feedback="" />
      <key modifier="shift" content="" value="" style="normal" feedback="" />
    </button>
    <button x="14" y="2" h="2" w="6">
      <key modifier="normal" content="   FUNC   " value="{layout:Demo_Function}" style="Nav keys" feedback="" />
      <key modifier="shift" content="    SYM    " value="{layout:VT_Symbol}" style="normal" feedback="" />
    </button>
  </layout>
  <layout name="Demo_Numeric" defaultModifier="normal" defaultStyle="Normal-1" percentOfScreen="35" selectorText="123" rotateTo="Demo_Numeric" autoReturn="true" background="eaeaea" modes="VT,port,land">
    <button x="4" y="16" h="2" w="3">
      <key modifier="normal" content="," value="," style="Normal-1" feedback="" />
      <key modifier="shift" content="," value="," style="Normal-1" feedback="" />
    </button>
    <button x="7" y="16" h="2" w="6">
      <key modifier="normal" content="0" value="0" style="Normal-1" feedback="" />
      <key modifier="shift" content="0" value="0" style="Normal-1" feedback="" />
    </button>
    <button x="13" y="16" h="2" w="3">
      <key modifier="normal" content="." value="." style="Normal-1" feedback="" />
      <key modifier="shift" content="." value="." style="Normal-1" feedback="" />
    </button>
    <button x="16" y="12" h="6" w="4">
      <key modifier="normal" content="{image:EnterNoText_100px.png}" value="{hex:000D}" style="Dark-1" feedback="" />
      <key modifier="shift" content="Enter" value="{hex:000D}" style="Normal-1" feedback="" />
    </button>
    <button x="4" y="14" h="2" w="4">
      <key modifier="normal" content="1" value="1" style="Normal-1" feedback="" />
      <key modifier="shift" content="1" value="1" style="Normal-1" feedback="" />
    </button>
    <button x="8" y="14" h="2" w="4">
      <key modifier="normal" content="2" value="2" style="Normal-1" feedback="" />
      <key modifier="shift" content="2" value="2" style="Normal-1" feedback="" />
    </button>
    <button x="12" y="14" h="2" w="4">
      <key modifier="normal" content="3" value="3" style="Normal-1" feedback="" />
      <key modifier="shift" content="3" value="3" style="Normal-1" feedback="" />
    </button>
    <button x="4" y="12" h="2" w="4">
      <key modifier="normal" content="4" value="4" style="Normal-1" feedback="" />
      <key modifier="shift" content="4" value="4" style="Normal-1" feedback="" />
    </button>
    <button x="8" y="12" h="2" w="4">
      <key modifier="normal" content="5" value="5" style="Normal-1" feedback="" />
      <key modifier="shift" content="5" value="5" style="Normal-1" feedback="" />
    </button>
    <button x="12" y="12" h="2" w="4">
      <key modifier="normal" content="6" value="6" style="Normal-1" feedback="" />
      <key modifier="shift" content="6" value="6" style="Normal-1" feedback="" />
    </button>
    <button x="0" y="10" h="2" w="2">
      <key modifier="normal" content="  ESC  " value="{hex:001B}" style="Dark-1" feedback="" />
      <key modifier="shift" content="ESC" value="{hex:001B}" style="Normal-1" feedback="" />
    </button>
    <button x="4" y="10" h="2" w="4">
      <key modifier="normal" content="7" value="7" style="Normal-1" feedback="" />
      <key modifier="shift" content="7" value="7" style="Normal-1" feedback="" />
    </button>
    <button x="8" y="10" h="2" w="4">
      <key modifier="normal" content="8" value="8" style="Normal-1" feedback="" />
      <key modifier="shift" content="8" value="8" style="Normal-1" feedback="" />
    </button>
    <button x="12" y="10" h="2" w="4">
      <key modifier="normal" content="9" value="9" style="Normal-1" feedback="" />
      <key modifier="shift" content="9" value="9" style="Normal-1" feedback="" />
    </button>
    <button x="16" y="10" h="2" w="4">
      <key modifier="normal" content=" Bksp " value="{hex:0008}" style="Dark-1" feedback="" />
      <key modifier="shift" content="Bksp" value="{hex:0008}" style="Normal-1" feedback="" />
    </button>
    <button x="14" y="8" h="2" w="6">
      <key modifier="normal" content="   HOME   " value="{layout:Demo_Keyboard of Keyboards}" style="Nav keys-1" feedback="" />
      <key modifier="shift" content="" value="" style="Normal-1" feedback="" />
    </button>
    <button x="14" y="6" h="2" w="6">
      <key modifier="normal" content="    Y/N    " value="{layout:Demo_Yes No}" style="Nav keys-1" feedback="" />
      <key modifier="shift" content="CTRL" value="{layout:VT_Control}" style="Normal-1" feedback="" />
    </button>
    <button x="14" y="4" h="2" w="6">
      <key modifier="normal" content="   PRNT   " value="{layout:Demo_Printer}" style="Nav keys-1" feedback="" />
      <key modifier="shift" content="FUNC" value="{layout:VT_Function}" style="Normal-1" feedback="" />
    </button>
    <button x="14" y="2" h="2" w="6">
      <key modifier="normal" content="   FUNC   " value="{layout:Demo_Function}" style="Nav keys-1" feedback="" />
      <key modifier="shift" content="SYM" value="{layout:VT_Symbol}" style="Normal-1" feedback="" />
    </button>
    <button x="14" y="0" h="2" w="6">
      <key modifier="normal" content="    ABC    " value="{layout:Demo_Qwerty}" style="Nav keys-1" feedback="" />
      <key modifier="shift" content="ABC" value="{layout:VT_Qwerty}" style="Normal-1" feedback="" />
    </button>
    <button x="0" y="16" h="2" w="4">
      <key modifier="normal" content="Space" value="{hex:0020}" style="Dark-1" feedback="" />
      <key modifier="shift" content="Space" value="{hex:0020}" style="Normal-1" feedback="" />
    </button>
    <button x="2" y="10" h="2" w="2">
      <key modifier="normal" content="  Tab  " value="{hex:0009}" style="Dark-1" feedback="" />
      <key modifier="shift" content="" value="" style="Normal-1" feedback="" />
    </button>
    <button x="0" y="12" h="2" w="2">
      <key modifier="normal" content="{image:arrow_up_black.png}" value="{hex:E048}" style="Dark-1" feedback="" />
      <key modifier="shift" content="" value="" style="Normal-1" feedback="" />
    </button>
    <button x="2" y="12" h="2" w="2">
      <key modifier="normal" content="{image:arrow_down_black.png}" value="{hex:E050}" style="Dark-1" feedback="" />
      <key modifier="shift" content="" value="" style="Normal-1" feedback="" />
    </button>
    <button x="0" y="14" h="2" w="2">
      <key modifier="normal" content="{image:arrow_left_black.png}" value="{hex:E04B}" style="Dark-1" feedback="" />
      <key modifier="shift" content="" value="" style="Normal-1" feedback="" />
    </button>
    <button x="2" y="14" h="2" w="2">
      <key modifier="normal" content="{image:arrow_right_black.png}" value="{hex:E04D}" style="Dark-1" feedback="" />
      <key modifier="shift" content="" value="" style="Normal-1" feedback="" />
    </button>
  </layout>
  <layout name="Demo_Function" defaultModifier="normal" defaultStyle="normal" percentOfScreen="35" selectorText="Func" rotateTo="Demo_Function" autoReturn="true" background="eaeaea" modes="VT,port,land">
    <button x="0" y="10" h="8" w="4">
      <key modifier="normal" content="F1" value="{F1}" style="normal" feedback="" />
      <key modifier="shift" content="F1" value="{hex:E03B}" style="normal" feedback="" />
    </button>
    <button x="16" y="10" h="8" w="4">
      <key modifier="normal" content="{image:EnterNoText_100px.png}" value="{hex:000D}" style="Dark" feedback="" />
      <key modifier="shift" content="" value="" style="normal" feedback="" />
    </button>
    <button x="12" y="10" h="8" w="4">
      <key modifier="normal" content="F4" value="{F4}" style="normal" feedback="" />
      <key modifier="shift" content="F4" value="{hex:E03E}" style="normal" feedback="" />
    </button>
    <button x="8" y="10" h="8" w="4">
      <key modifier="normal" content="F3" value="{F3}" style="normal" feedback="" />
      <key modifier="shift" content="F3" value="{hex:E03D}" style="normal" feedback="" />
    </button>
    <button x="4" y="10" h="8" w="4">
      <key modifier="normal" content="F2" value="{F2}" style="normal" feedback="" />
      <key modifier="shift" content="F2" value="{hex:E03C}" style="normal" feedback="" />
    </button>
    <button x="14" y="0" h="2" w="6">
      <key modifier="normal" content="    ABC    " value="{layout:Demo_Qwerty}" style="Nav keys" feedback="" />
      <key modifier="shift" content="ABC" value="{layout:VT_Qwerty}" style="normal" feedback="" />
    </button>
    <button x="14" y="2" h="2" w="6">
      <key modifier="normal" content="    123    " value="{layout:Demo_Numeric}" style="Nav keys" feedback="" />
      <key modifier="shift" content="123" value="{layout:VT_Numeric}" style="normal" feedback="" />
    </button>
    <button x="14" y="4" h="2" w="6">
      <key modifier="normal" content="   PRNT   " value="{layout:Demo_Printer}" style="Nav keys" feedback="" />
      <key modifier="shift" content="SYM" value="{layout:VT_Symbol}" style="normal" feedback="" />
    </button>
    <button x="14" y="6" h="2" w="6">
      <key modifier="normal" content="   Y/N   " value="{layout:VT_Control}" style="Nav keys" feedback="" />
      <key modifier="shift" content="CTRL" value="{layout:VT_Control}" style="normal" feedback="" />
    </button>
    <button x="14" y="8" h="2" w="6">
      <key modifier="normal" content="   HOME   " value="{layout:Demo_Keyboard of Keyboards}" style="Nav keys" feedback="" />
      <key modifier="shift" content="" value="" style="normal" feedback="" />
    </button>
  </layout>
  <layout name="Demo_Printer" defaultModifier="normal" defaultStyle="normal" percentOfScreen="35" selectorText="" rotateTo="Printer (Portrait)" autoReturn="true" background="eceef0" modes="VT,port,land">
    <button x="0" y="10" h="8" w="8">
      <key modifier="normal" content="Main" value="4{return}" style="normal" feedback="" />
      <key modifier="shift" content="" value="" style="normal" feedback="" />
    </button>
    <button x="8" y="10" h="8" w="8">
      <key modifier="normal" content="Mezz" value="6{return}" style="normal" feedback="" />
      <key modifier="shift" content="" value="" style="normal" feedback="" />
    </button>
    <button x="16" y="10" h="8" w="4">
      <key modifier="normal" content="{image:EnterNoText_100px.png}" value="{hex:000D}" style="Dark" feedback="" />
      <key modifier="shift" content="" value="" style="normal" feedback="" />
    </button>
    <button x="14" y="6" h="2" w="6">
      <key modifier="normal" content="    Y/N    " value="{layout:Demo_Yes No}" style="Nav keys" feedback="" />
      <key modifier="shift" content="" value="" style="normal" feedback="" />
    </button>
    <button x="14" y="8" h="2" w="6">
      <key modifier="normal" content="   HOME   " value="{layout:Demo_Keyboard of Keyboards}" style="Nav keys" feedback="" />
      <key modifier="shift" content="" value="" style="normal" feedback="" />
    </button>
    <button x="14" y="4" h="2" w="6">
      <key modifier="normal" content="   FUNC   " value="{layout:Demo_Function}" style="Nav keys" feedback="" />
      <key modifier="shift" content="" value="" style="normal" feedback="" />
    </button>
    <button x="14" y="2" h="2" w="6">
      <key modifier="normal" content="    123    " value="{layout:Demo_Numeric}" style="Nav keys" feedback="" />
      <key modifier="shift" content="" value="" style="normal" feedback="" />
    </button>
    <button x="14" y="0" h="2" w="6">
      <key modifier="normal" content="    ABC    " value="{layout:Demo_Qwerty}" style="Nav keys" feedback="" />
      <key modifier="shift" content="" value="" style="normal" feedback="" />
    </button>
  </layout>
  <layout name="Demo_Yes No" defaultModifier="normal" defaultStyle="normal" percentOfScreen="35" selectorText="" rotateTo="symbol" autoReturn="false" background="eceef0" modes="port,VT,land">
    <button x="0" y="10" h="8" w="8">
      <key modifier="normal" content="{image:black_ThumbsUp.png}" value="y" style="normal" feedback="" />
      <key modifier="shift" content="{image:black_ThumbsUp.png}" value="Y" style="normal" feedback="" />
    </button>
    <button x="8" y="10" h="8" w="8">
      <key modifier="normal" content="{image:black_ThumbsDown.png}" value="n" style="normal" feedback="" />
      <key modifier="shift" content="{image:black_ThumbsDown.png}" value="N" style="normal" feedback="" />
    </button>
    <button x="16" y="10" h="8" w="4">
      <key modifier="normal" content="{image:EnterNoText_100px.png}" value="{hex:000D}" style="Dark" feedback="" />
      <key modifier="shift" content="" value="" style="normal" feedback="" />
    </button>
    <button x="14" y="6" h="2" w="6">
      <key modifier="normal" content="   PRNT   " value="{layout:Demo_Printer}" style="Nav keys" feedback="" />
      <key modifier="shift" content="" value="" style="normal" feedback="" />
    </button>
    <button x="14" y="8" h="2" w="6">
      <key modifier="normal" content="   HOME   " value="{layout:Demo_Keyboard of Keyboards}" style="Nav keys" feedback="" />
      <key modifier="shift" content="" value="" style="normal" feedback="" />
    </button>
    <button x="14" y="4" h="2" w="6">
      <key modifier="normal" content="   FUNC   " value="{layout:Demo_Function}" style="Nav keys" feedback="" />
      <key modifier="shift" content="" value="" style="normal" feedback="" />
    </button>
    <button x="14" y="2" h="2" w="6">
      <key modifier="normal" content="    123    " value="{layout:Demo_Numeric}" style="Nav keys" feedback="" />
      <key modifier="shift" content="" value="" style="normal" feedback="" />
    </button>
    <button x="14" y="0" h="2" w="6">
      <key modifier="normal" content="    ABC    " value="{layout:Demo_Qwerty}" style="Nav keys" feedback="" />
      <key modifier="shift" content="" value="" style="normal" feedback="" />
    </button>
  </layout>
  <layout name="Demo_Location List" defaultModifier="normal" defaultStyle="normal" percentOfScreen="35" selectorText="" rotateTo="symbol" autoReturn="true" background="eceef0" modes="port,land,VT">
    <button x="16" y="10" h="8" w="4">
      <key modifier="normal" content="{image:EnterNoText_100px.png}" value="{hex:000D}" style="Dark" feedback="" />
      <key modifier="shift" content="" value="" style="normal" feedback="" />
    </button>
    <button x="8" y="14" h="4" w="8">
      <key modifier="normal" content="S27-04-C86" value="S27-04-C86{enter}" style="normal" feedback="" />
      <key modifier="shift" content="" value="" style="normal" feedback="" />
    </button>
    <button x="0" y="14" h="4" w="8">
      <key modifier="normal" content="M58-15-F10" value="M58-15-F10{enter}" style="normal" feedback="" />
      <key modifier="shift" content="" value="" style="normal" feedback="" />
    </button>
    <button x="0" y="10" h="4" w="8">
      <key modifier="normal" content="B13-02-A19" value="B13-02-A19{enter}" style="normal" feedback="" />
      <key modifier="shift" content="" value="" style="normal" feedback="" />
    </button>
    <button x="8" y="10" h="4" w="8">
      <key modifier="normal" content="F29-86-G14" value="F29-86-G14{enter}" style="normal" feedback="" />
      <key modifier="shift" content="" value="" style="normal" feedback="" />
    </button>
    <button x="14" y="8" h="2" w="6">
      <key modifier="normal" content="   HOME   " value="{layout:Demo_Keyboard of Keyboards}" style="Nav keys" feedback="" />
      <key modifier="shift" content="" value="" style="normal" feedback="" />
    </button>
    <button x="14" y="6" h="2" w="6">
      <key modifier="normal" content="    Y/N    " value="{layout:Demo_Yes No}" style="Nav keys" feedback="" />
      <key modifier="shift" content="" value="" style="normal" feedback="" />
    </button>
    <button x="14" y="4" h="2" w="6">
      <key modifier="normal" content="   FUNC   " value="{layout:Demo_Function}" style="Nav keys" feedback="" />
      <key modifier="shift" content="" value="" style="normal" feedback="" />
    </button>
    <button x="14" y="2" h="2" w="6">
      <key modifier="normal" content="    123    " value="{layout:Demo_Numeric}" style="Nav keys" feedback="" />
      <key modifier="shift" content="" value="" style="normal" feedback="" />
    </button>
    <button x="14" y="0" h="2" w="6">
      <key modifier="normal" content="    ABC    " value="{layout:Demo_Qwerty}" style="Nav keys" feedback="" />
      <key modifier="shift" content="" value="" style="normal" feedback="" />
    </button>
  </layout>
  <layout name="Demo_Shelf List" defaultModifier="normal" defaultStyle="normal" percentOfScreen="35" selectorText="" rotateTo="symbol2" autoReturn="true" background="eceef0" modes="land,port,VT">
    <button x="16" y="10" h="8" w="4">
      <key modifier="normal" content="{image:EnterNoText_100px.png}" value="{hex:000D}" style="Dark" feedback="" />
      <key modifier="shift" content="" value="" style="normal" feedback="" />
    </button>
    <button x="12" y="14" h="4" w="4">
      <key modifier="normal" content="36-8-A" value="36-8-A{return}" style="normal" feedback="" />
      <key modifier="shift" content="" value="" style="normal" feedback="" />
    </button>
    <button x="12" y="10" h="4" w="4">
      <key modifier="normal" content="D-48-C" value="D-48-C{enter}" style="normal" feedback="" />
      <key modifier="shift" content="" value="" style="normal" feedback="" />
    </button>
    <button x="8" y="14" h="4" w="4">
      <key modifier="normal" content="17-4-C" value="17-4-C{return}" style="normal" feedback="" />
      <key modifier="shift" content="" value="" style="normal" feedback="" />
    </button>
    <button x="8" y="10" h="4" w="4">
      <key modifier="normal" content="C-36-A" value="C-36-A{enter}" style="normal" feedback="" />
      <key modifier="shift" content="" value="" style="normal" feedback="" />
    </button>
    <button x="4" y="14" h="4" w="4">
      <key modifier="normal" content="09-6-D" value="09-6-D{return}" style="normal" feedback="" />
      <key modifier="shift" content="" value="" style="normal" feedback="" />
    </button>
    <button x="4" y="10" h="4" w="4">
      <key modifier="normal" content="B-74-D" value="B-74-D{enter}" style="normal" feedback="" />
      <key modifier="shift" content="" value="" style="normal" feedback="" />
    </button>
    <button x="0" y="14" h="4" w="4">
      <key modifier="normal" content="07-4-B" value="07-4-B{return}" style="normal" feedback="" />
      <key modifier="shift" content="" value="" style="normal" feedback="" />
    </button>
    <button x="0" y="10" h="4" w="4">
      <key modifier="normal" content="A-18-B" value="A-18-B{enter}" style="normal" feedback="" />
      <key modifier="shift" content="" value="" style="normal" feedback="" />
    </button>
    <button x="14" y="8" h="2" w="6">
      <key modifier="normal" content="   HOME   " value="{layout:Demo_Keyboard of Keyboards}" style="Nav keys" feedback="" />
      <key modifier="shift" content="" value="" style="normal" feedback="" />
    </button>
    <button x="14" y="6" h="2" w="6">
      <key modifier="normal" content="    Y/N    " value="{layout:Demo_Yes No}" style="Nav keys" feedback="" />
      <key modifier="shift" content="" value="" style="normal" feedback="" />
    </button>
    <button x="14" y="4" h="2" w="6">
      <key modifier="normal" content="   FUNC   " value="{layout:Demo_Function}" style="Nav keys" feedback="" />
      <key modifier="shift" content="" value="" style="normal" feedback="" />
    </button>
    <button x="14" y="2" h="2" w="6">
      <key modifier="normal" content="    123    " value="{layout:Demo_Numeric}" style="Nav keys" feedback="" />
      <key modifier="shift" content="" value="" style="normal" feedback="" />
    </button>
    <button x="14" y="0" h="2" w="6">
      <key modifier="normal" content="    ABC    " value="{layout:Demo_Qwerty}" style="Nav keys" feedback="" />
      <key modifier="shift" content="" value="" style="normal" feedback="" />
    </button>
  </layout>
</keyboards>