﻿<?xml version="1.0" encoding="utf-8"?>
<ArrayOfScriptWithScope xmlns:xsi="http://www.w3.org/2001/XMLSchema-instance" xmlns:xsd="http://www.w3.org/2001/XMLSchema">
  <ScriptWithScope>
    <FunctionName>ErrorBeep</FunctionName>
    <DisplayName>Error Beep</DisplayName>
    <ScriptText>{
Device.errorBeep(400,50,50);
}</ScriptText>
    <Description>Make the device beep when the scope is matched</Description>
    <Autogenerated>false</Autogenerated>
    <IgnoreScope>false</IgnoreScope>
    <Tags />
    <Version>1.0</Version>
    <Modified>2018-02-15T10:28:50.3497009-08:00</Modified>
    <Parameters />
    <Resources />
    <DefaultScope>session</DefaultScope>
    <Scopes>
      <ScriptScope>
        <ScopeIdentifier>@ErrMainMenu</ScopeIdentifier>
        <ParameterValues />
      </ScriptScope>
      <ScriptScope>
        <ScopeIdentifier>@ErrWhseMenu</ScopeIdentifier>
        <ParameterValues />
      </ScriptScope>
      <ScriptScope>
        <ScopeIdentifier>@T29-1</ScopeIdentifier>
        <ParameterValues />
      </ScriptScope>
      <ScriptScope>
        <ScopeIdentifier>@T30-1</ScopeIdentifier>
        <ParameterValues />
      </ScriptScope>
      <ScriptScope>
        <ScopeIdentifier>@T1-1</ScopeIdentifier>
        <ParameterValues />
      </ScriptScope>
      <ScriptScope>
        <ScopeIdentifier>@T2-1</ScopeIdentifier>
        <ParameterValues />
      </ScriptScope>
      <ScriptScope>
        <ScopeIdentifier>@T4-1</ScopeIdentifier>
        <ParameterValues />
      </ScriptScope>
      <ScriptScope>
        <ScopeIdentifier>@T5-1</ScopeIdentifier>
        <ParameterValues />
      </ScriptScope>
      <ScriptScope>
        <ScopeIdentifier>@T7-1</ScopeIdentifier>
        <ParameterValues />
      </ScriptScope>
      <ScriptScope>
        <ScopeIdentifier>@T8-1</ScopeIdentifier>
        <ParameterValues />
      </ScriptScope>
      <ScriptScope>
        <ScopeIdentifier>@T9-1</ScopeIdentifier>
        <ParameterValues />
      </ScriptScope>
      <ScriptScope>
        <ScopeIdentifier>@T10-1</ScopeIdentifier>
        <ParameterValues />
      </ScriptScope>
      <ScriptScope>
        <ScopeIdentifier>@T12-1</ScopeIdentifier>
        <ParameterValues />
      </ScriptScope>
      <ScriptScope>
        <ScopeIdentifier>@T13-1</ScopeIdentifier>
        <ParameterValues />
      </ScriptScope>
      <ScriptScope>
        <ScopeIdentifier>@T15-1</ScopeIdentifier>
        <ParameterValues />
      </ScriptScope>
      <ScriptScope>
        <ScopeIdentifier>@T18-1</ScopeIdentifier>
        <ParameterValues />
      </ScriptScope>
      <ScriptScope>
        <ScopeIdentifier>@T21-1</ScopeIdentifier>
        <ParameterValues />
      </ScriptScope>
      <ScriptScope>
        <ScopeIdentifier>@T22-1</ScopeIdentifier>
        <ParameterValues />
      </ScriptScope>
      <ScriptScope>
        <ScopeIdentifier>@T23-1</ScopeIdentifier>
        <ParameterValues />
      </ScriptScope>
      <ScriptScope>
        <ScopeIdentifier>@T23-1</ScopeIdentifier>
        <ParameterValues />
      </ScriptScope>
      <ScriptScope>
        <ScopeIdentifier>@T26-1</ScopeIdentifier>
        <ParameterValues />
      </ScriptScope>
    </Scopes>
  </ScriptWithScope>
</ArrayOfScriptWithScope>