﻿<?xml version="1.0" encoding="utf-8"?>
<keyboards xmlns:xsi="http://www.w3.org/2001/XMLSchema-instance" xmlns:xsd="http://www.w3.org/2001/XMLSchema" version="1">
  <style name="normal" textColor="000000" keyColor="ffffff" pressColor="6cc24a" fontWeight="bold" bloom="false" />
  <style name="Dark" textColor="ffffff" keyColor="007fa0" pressColor="6cc24a" fontWeight="bold" bloom="false" />
  <style name="Test" textColor="0056a8" keyColor="f6f6f6" pressColor="fee000" fontWeight="bold" feedback="none" bloom="false" />
  <style name="Green" textColor="ffffff" keyColor="008000" pressColor="006400" fontWeight="bold" feedback="none" bloom="false" />
  <style name="Red" textColor="ffffff" keyColor="ff0000" pressColor="800000" fontWeight="bold" feedback="none" bloom="false" />
  <style name="Yellow" textColor="000000" keyColor="ffff00" pressColor="b8860b" fontWeight="normal" feedback="none" bloom="false" />
  <style name="White" textColor="007fa0" keyColor="ffffff" pressColor="6cc24a" fontWeight="bold" feedback="none" bloom="false" />
  <style name="Push Green" textColor="000000" keyColor="FFFFFF" pressColor="008000" fontWeight="bold" feedback="none" bloom="false" />
  <style name="Push Red" textColor="000000" keyColor="FFFFFF" pressColor="ff0000" fontWeight="bold" feedback="none" bloom="false" />
  <layout name="Numeric (Portrait)" defaultModifier="normal" defaultStyle="normal" percentOfScreen="35" selectorText="123" rotateTo="Numeric (Portrait)" autoReturn="false" background="f5f5f5" modes="VT,port">
    <button x="0" y="0" h="2" w="3">
      <key modifier="normal" content="7" value="7" style="normal" feedback="" />
      <key modifier="shift" content="7" value="7" style="Style Editor" feedback="" />
    </button>
    <button x="0" y="2" h="2" w="3">
      <key modifier="normal" content="4" value="4" style="normal" feedback="" />
      <key modifier="shift" content="4" value="4" style="Style Editor" feedback="" />
    </button>
    <button x="3" y="0" h="2" w="3">
      <key modifier="normal" content="8" value="8" style="normal" feedback="" />
      <key modifier="shift" content="8" value="8" style="Style Editor" feedback="" />
    </button>
    <button x="6" y="0" h="2" w="3">
      <key modifier="normal" content="9" value="9" style="normal" feedback="" />
      <key modifier="shift" content="9" value="9" style="Style Editor" feedback="" />
    </button>
    <button x="3" y="2" h="2" w="3">
      <key modifier="normal" content="5" value="5" style="normal" feedback="" />
      <key modifier="shift" content="5" value="5" style="Style Editor" feedback="" />
    </button>
    <button x="6" y="2" h="2" w="3">
      <key modifier="normal" content="6" value="6" style="normal" feedback="" />
      <key modifier="shift" content="6" value="6" style="Style Editor" feedback="" />
    </button>
    <button x="0" y="4" h="2" w="3">
      <key modifier="normal" content="1" value="1" style="normal" feedback="" />
      <key modifier="shift" content="1" value="1" style="Style Editor" feedback="" />
    </button>
    <button x="3" y="4" h="2" w="3">
      <key modifier="normal" content="2" value="2" style="normal" feedback="" />
      <key modifier="shift" content="2" value="2" style="Style Editor" feedback="" />
    </button>
    <button x="6" y="4" h="2" w="3">
      <key modifier="normal" content="3" value="3" style="normal" feedback="" />
      <key modifier="shift" content="3" value="3" style="Style Editor" feedback="" />
    </button>
    <button x="3" y="6" h="2" w="3">
      <key modifier="normal" content="0" value="0" style="normal" feedback="" />
      <key modifier="shift" content="0" value="0" style="Style Editor" feedback="" />
    </button>
    <button x="0" y="6" h="2" w="3">
      <key modifier="normal" content="-" value="-" style="normal" feedback="" />
      <key modifier="shift" content="-" value="-" style="Style Editor" feedback="" />
    </button>
    <button x="6" y="6" h="2" w="3">
      <key modifier="normal" content="." value="." style="normal" feedback="" />
      <key modifier="shift" content="." value="." style="Style Editor" feedback="" />
    </button>
    <button x="9" y="0" h="3" w="4">
      <key modifier="normal" content="关闭" value="{f4}" style="Dark" feedback="" />
      <key modifier="shift" content="" value="" style="Style Editor" feedback="" />
    </button>
    <button x="9" y="6" h="2" w="8">
      <key modifier="normal" content="暂停任务" value="{f3}" style="Dark" feedback="" />
      <key modifier="shift" content="" value="" style="Style Editor" feedback="" />
    </button>
    <button x="13" y="3" h="3" w="4">
      <key modifier="normal" content="{image:VL_TP_Return01_White01.png}" value="{hex:000D}" style="Dark" feedback="" />
      <key modifier="shift" content="{image:VL_TP_Return01_White01.png}" value="{hex:000D}" style="Dark" feedback="" />
    </button>
    <button x="13" y="0" h="3" w="4">
      <key modifier="normal" content="{image:VL_TP_Back02_White01.png}" value="{hex:0008}" style="Dark" feedback="" />
      <key modifier="shift" content="{image:VL_TP_Back02_White01.png}" value="{hex:0008}" style="Dark" feedback="" />
    </button>
    <button x="9" y="3" h="3" w="4">
      <key modifier="normal" content="返回" value="{f3}" style="Dark" feedback="" />
      <key modifier="shift" content="Back" value="{F3}" style="Dark" feedback="" />
    </button>
  </layout>
  <layout name="Alpha (Portrait)" defaultModifier="normal" defaultStyle="normal" percentOfScreen="35" selectorText="Abc" rotateTo="Alpha (Portrait)" autoReturn="false" background="f5f5f5" modes="VT,port">
    <button x="0" y="2" h="2" w="2">
      <key modifier="normal" content="{image:VL_TP_Tab01_White01.png}" value="{hex:0009}" style="Dark" feedback="" />
      <key modifier="shift" content="{image:VL_TP_Backtab01_White01.png}" value="{hex:E00F}" style="Dark" feedback="" />
    </button>
    <button x="17" y="4" h="2" w="3">
      <key modifier="normal" content="{image:VL_TP_Back02_White01.png}" value="{hex:0008}" style="Dark" feedback="" />
      <key modifier="shift" content="{image:VL_TP_Back02_White01.png}" value="{hex:0008}" style="Dark" feedback="" />
    </button>
    <button x="0" y="4" h="2" w="3">
      <key modifier="normal" content="{image:shift_down.png}" value="{modifier:shift}" style="Dark" feedback="" />
      <key modifier="shift" content="{image:VL_TP_Shift01_White01.png}" value="{lock:shift}" style="Dark" feedback="" />
    </button>
    <button x="0" y="0" h="2" w="2">
      <key modifier="normal" content="q" value="q" style="normal" feedback="" />
      <key modifier="shift" content="Q" value="Q" style="normal" feedback="" />
    </button>
    <button x="2" y="0" h="2" w="2">
      <key modifier="normal" content="w" value="w" style="normal" feedback="" />
      <key modifier="shift" content="W" value="W" style="normal" feedback="" />
    </button>
    <button x="4" y="0" h="2" w="2">
      <key modifier="normal" content="e" value="e" style="normal" feedback="" />
      <key modifier="shift" content="E" value="E" style="normal" feedback="" />
    </button>
    <button x="6" y="0" h="2" w="2">
      <key modifier="normal" content="r" value="r" style="normal" feedback="" />
      <key modifier="shift" content="R" value="R" style="normal" feedback="" />
    </button>
    <button x="8" y="0" h="2" w="2">
      <key modifier="normal" content="t" value="t" style="normal" feedback="" />
      <key modifier="shift" content="T" value="T" style="normal" feedback="" />
    </button>
    <button x="10" y="0" h="2" w="2">
      <key modifier="normal" content="y" value="y" style="normal" feedback="" />
      <key modifier="shift" content="Y" value="Y" style="normal" feedback="" />
    </button>
    <button x="12" y="0" h="2" w="2">
      <key modifier="normal" content="u" value="u" style="normal" feedback="" />
      <key modifier="shift" content="U" value="U" style="normal" feedback="" />
    </button>
    <button x="14" y="0" h="2" w="2">
      <key modifier="normal" content="i" value="i" style="normal" feedback="" />
      <key modifier="shift" content="I" value="I" style="normal" feedback="" />
    </button>
    <button x="16" y="0" h="2" w="2">
      <key modifier="normal" content="o" value="o" style="normal" feedback="" />
      <key modifier="shift" content="O" value="O" style="normal" feedback="" />
    </button>
    <button x="18" y="0" h="2" w="2">
      <key modifier="normal" content="p" value="p" style="normal" feedback="" />
      <key modifier="shift" content="P" value="P" style="normal" feedback="" />
    </button>
    <button x="2" y="2" h="2" w="2">
      <key modifier="normal" content="a" value="a" style="normal" feedback="" />
      <key modifier="shift" content="A" value="A" style="normal" feedback="" />
    </button>
    <button x="4" y="2" h="2" w="2">
      <key modifier="normal" content="s" value="s" style="normal" feedback="" />
      <key modifier="shift" content="S" value="S" style="normal" feedback="" />
    </button>
    <button x="6" y="2" h="2" w="2">
      <key modifier="normal" content="d" value="d" style="normal" feedback="" />
      <key modifier="shift" content="D" value="D" style="normal" feedback="" />
    </button>
    <button x="8" y="2" h="2" w="2">
      <key modifier="normal" content="f" value="f" style="normal" feedback="" />
      <key modifier="shift" content="F" value="F" style="normal" feedback="" />
    </button>
    <button x="10" y="2" h="2" w="2">
      <key modifier="normal" content="g" value="g" style="normal" feedback="" />
      <key modifier="shift" content="G" value="G" style="normal" feedback="" />
    </button>
    <button x="12" y="2" h="2" w="2">
      <key modifier="normal" content="h" value="h" style="normal" feedback="" />
      <key modifier="shift" content="H" value="H" style="normal" feedback="" />
    </button>
    <button x="14" y="2" h="2" w="2">
      <key modifier="normal" content="j" value="j" style="normal" feedback="" />
      <key modifier="shift" content="J" value="J" style="normal" feedback="" />
    </button>
    <button x="16" y="2" h="2" w="2">
      <key modifier="normal" content="k" value="k" style="normal" feedback="" />
      <key modifier="shift" content="K" value="K" style="normal" feedback="" />
    </button>
    <button x="18" y="2" h="2" w="2">
      <key modifier="normal" content="l" value="l" style="normal" feedback="" />
      <key modifier="shift" content="L" value="L" style="normal" feedback="" />
    </button>
    <button x="3" y="4" h="2" w="2">
      <key modifier="normal" content="z" value="z" style="normal" feedback="" />
      <key modifier="shift" content="Z" value="Z" style="normal" feedback="" />
    </button>
    <button x="5" y="4" h="2" w="2">
      <key modifier="normal" content="x" value="x" style="normal" feedback="" />
      <key modifier="shift" content="X" value="X" style="normal" feedback="" />
    </button>
    <button x="7" y="4" h="2" w="2">
      <key modifier="normal" content="c" value="c" style="normal" feedback="" />
      <key modifier="shift" content="C" value="C" style="normal" feedback="" />
    </button>
    <button x="9" y="4" h="2" w="2">
      <key modifier="normal" content="v" value="v" style="normal" feedback="" />
      <key modifier="shift" content="V" value="V" style="normal" feedback="" />
    </button>
    <button x="11" y="4" h="2" w="2">
      <key modifier="normal" content="b" value="b" style="normal" feedback="" />
      <key modifier="shift" content="B" value="B" style="normal" feedback="" />
    </button>
    <button x="13" y="4" h="2" w="2">
      <key modifier="normal" content="n" value="n" style="normal" feedback="" />
      <key modifier="shift" content="N" value="N" style="normal" feedback="" />
    </button>
    <button x="15" y="4" h="2" w="2">
      <key modifier="normal" content="m" value="m" style="normal" feedback="" />
      <key modifier="shift" content="M" value="M" style="normal" feedback="" />
    </button>
    <button x="0" y="6" h="2" w="4">
      <key modifier="normal" content="返回 | 暂停" value="{f3}" style="Dark" feedback="" />
      <key modifier="shift" content="Back" value="{f3}" style="Dark" feedback="" />
    </button>
    <button x="17" y="6" h="2" w="3">
      <key modifier="normal" content="{image:VL_TP_Return01_White01.png}" value="{hex:000D}" style="Dark" feedback="" />
      <key modifier="shift" content="{image:VL_TP_Return01_White01.png}" value="{hex:000D}" style="Dark" feedback="" />
    </button>
    <button x="7" y="6" h="2" w="10">
      <key modifier="normal" content="{image:VL_TP_Space01_White01.png}" value="{hex:0020}" style="Dark" feedback="" />
      <key modifier="shift" content="{image:VL_TP_Space01_White01.png}" value="{hex:0020}" style="Dark" feedback="" />
    </button>
    <button x="4" y="6" h="2" w="3">
      <key modifier="normal" content="关闭" value="{f4}" style="Dark" feedback="" />
      <key modifier="shift" content="" value="" style="Style Editor" feedback="" />
    </button>
  </layout>
  <layout name="Printer (Portrait)" defaultModifier="normal" defaultStyle="normal" percentOfScreen="35" selectorText="" rotateTo="Printer (Portrait)" autoReturn="true" background="f5f5f5" modes="VT,port">
    <button x="12" y="2" h="2" w="4">
      <key modifier="normal" content="{image:VL_TP_Printer01_Black01.png}" value="4{return}" style="normal" feedback="" />
      <key modifier="shift" content="{image:VL_TP_Printer01_Black01.png}" value="" style="normal" feedback="" />
    </button>
    <button x="16" y="2" h="2" w="4">
      <key modifier="normal" content="{image:9b3d8405f79d0475c12dff2301aa57ae.png}" value="{f3}" style="normal" feedback="" />
      <key modifier="shift" content="{image:VL_TP_Printer01_Black01.png}" value="" style="normal" feedback="" />
    </button>
    <button x="8" y="2" h="2" w="4">
      <key modifier="normal" content="{image:VL_TP_Printer01_Black01.png}" value="3{return}" style="normal" feedback="" />
      <key modifier="shift" content="{image:VL_TP_Printer01_Black01.png}" value="" style="normal" feedback="" />
    </button>
    <button x="4" y="2" h="2" w="4">
      <key modifier="normal" content="{image:VL_TP_Printer01_Black01.png}" value="2{return}" style="normal" feedback="" />
      <key modifier="shift" content="{image:VL_TP_Printer01_Black01.png}" value="" style="normal" feedback="" />
    </button>
    <button x="0" y="2" h="2" w="4">
      <key modifier="normal" content="{image:VL_TP_Printer01_Black01.png}" value="1{return}" style="normal" feedback="" />
      <key modifier="shift" content="{image:VL_TP_Printer01_Black01.png}" value="" style="normal" feedback="" />
    </button>
    <button x="0" y="0" h="2" w="4">
      <key modifier="normal" content="打印机 1" value="1{return}" style="Dark" feedback="" />
      <key modifier="shift" content="Printer 1" value="1{return}" style="Dark" feedback="" />
    </button>
    <button x="4" y="0" h="2" w="4">
      <key modifier="normal" content="打印机 2" value="2{return}" style="Dark" feedback="" />
      <key modifier="shift" content="Printer 2" value="2{return}" style="Dark" feedback="" />
    </button>
    <button x="8" y="0" h="2" w="4">
      <key modifier="normal" content="打印机 3" value="3{return}" style="Dark" feedback="" />
      <key modifier="shift" content="Printer 3" value="3{return}" style="Dark" feedback="" />
    </button>
    <button x="12" y="0" h="2" w="4">
      <key modifier="normal" content="打印机 4" value="4{return}" style="Dark" feedback="" />
      <key modifier="shift" content="Printer 4" value="4{return}" style="Dark" feedback="" />
    </button>
    <button x="16" y="0" h="2" w="4">
      <key modifier="normal" content="暂停任务" value="{f3}" style="Dark" feedback="" />
      <key modifier="shift" content="Printer 5" value="5{return}" style="Dark" feedback="" />
    </button>
  </layout>
  <layout name="Yes No (Portrait)" defaultModifier="normal" defaultStyle="normal" percentOfScreen="35" selectorText="" rotateTo="symbol" autoReturn="false" background="f5f5f5" modes="port,VT">
    <button x="6" y="0" h="3" w="6">
      <key modifier="normal" content="否" value="n{return}" style="normal" feedback="" />
      <key modifier="shift" content="N" value="N" style="normal" feedback="" />
    </button>
    <button x="0" y="0" h="3" w="6">
      <key modifier="normal" content="是" value="y{return}" style="Dark" feedback="" />
      <key modifier="shift" content="Y" value="Y" style="normal" feedback="" />
    </button>
  </layout>
</keyboards>