﻿<?xml version="1.0" encoding="utf-8"?>
<templates version="3" next-auto-number="29">
  <screen-group name="default">
    <screen-template name="ErrorQtyExceeded" match="orderMatch('Error - Invalid Qty','F4=关闭')" html-id="auto-component-7efH" html-style="background-color:rgba(255,255,255,1.000);">
      <logo ishide="False" title="错误 - 数量超出" image-name="wl_bkgnd_VL_Warning01_Red01.png" image-ref="images\d33c356468abd2920bb8e1159290709e.png" html-id="themeBanner" html-style="font-family:sans-serif;font-size:14pt;font-weight:bold;font-style:normal;text-decoration:none;color:rgba(255,255,255,1.000);background-color:rgba(217,5,5,1.000);" />
      <table column-count="2" row-count="4" alt-row-color="#FFF5F5F5" table-width="100" table-column-widths="24.92582,72.10683" html-id="table_636153196365668287">
        <display-text start-row="1" start-column="1" value="任务:" html-id="added_636153197600337781" />
        <display-text start-row="1" start-column="7" copy-value="[1,7:23]" html-id="added_636153198354941135" html-style="font-size:14pt;font-weight:bold;" />
        <display-text start-row="2" start-column="1" value="位置:" html-id="added_636153198501771566" html-style="font-weight:normal;" />
        <display-text start-row="2" start-column="7" copy-value="[2,7:12]" html-id="added_636153198757841809" html-style="font-size:14pt;font-weight:bold;" />
        <display-text start-row="3" start-column="1" value="条目:" html-id="added_636153198874515690" />
        <display-text start-row="3" start-column="7" copy-value="[3,7:24]" html-id="added_636153199023008008" html-style="font-size:14pt;font-weight:bold;" />
        <display-text start-row="2" start-column="18" copy-value="[2,18:6]" html-id="added_636311356152026215" html-style="color:rgba(255,255,255,1.000);background-color:rgba(217,5,5,1.000);font-size:14pt;" />
        <display-text start-row="2" start-column="24" copy-value="[2,24:6]" html-id="added_636311357291420900" html-style="color:rgba(254,224,0,1.000);font-size:14pt;background-color:rgba(217,5,5,1.000);" />
      </table>
      <table column-count="1" row-count="2" alt-row-color="#FFFFFFFF" table-width="100" table-column-widths="40.33816,78.62319,55.43478,0" html-id="table_636161931776016932" html-style="background-color:rgba(255,255,255,0.000);">
        <display-text start-row="17" start-column="63" value="输入数量:" html-id="added_636189917726342653" html-style="font-weight:bold;" />
        <input-field start-row="5" start-column="6" copy-value="[5,6:43]" keyboard-portrait="Numeric (Portrait)" keyboard-display="show" html-id="added_636190770989570370" />
      </table>
      <table column-count="3" row-count="1" alt-row-color="#FFFFFFFF" table-width="100" table-column-widths="23.1454,35.90504,36.79525,0" html-id="table_636188990582627219">
        <empty />
        <button start-row="12" start-column="12" value="关闭" on-click="{f4}" html-id="added_636238220094748372" html-style="color:rgba(0,127,160,1.000);background-color:rgba(245,245,245,1.000);" />
        <button start-row="13" start-column="66" value="返回" on-click="{f3}" html-id="added_636188990631048227" />
      </table>
      <context-menu>
        <shortcut-item start-row="1" start-column="1" ishide="False" isglobal="False" key="{f4}" label="关闭" isvoiceenabled="True" voicephrase="关闭" />
        <shortcut-item start-row="1" start-column="1" ishide="False" isglobal="False" key="{script:speak( &quot;请先说数量然后说 Ready&quot;,&quot;&quot;,&quot;&quot;,&quot;sentence&quot;,false,false,false);}" label="帮助" isvoiceenabled="True" voicephrase="帮助" />
        <shortcut-item start-row="1" start-column="1" ishide="False" isglobal="False" key="{script:speak(&quot;&quot;,&quot;added_636153198354941135&quot;,&quot;&quot;,&quot;character&quot;,false,false,false);}" label="任务" isvoiceenabled="True" voicephrase="任务" />
        <shortcut-item start-row="1" start-column="1" ishide="False" isglobal="False" key="{script:speak(&quot;&quot;,&quot;added_636153198757841809&quot;,&quot;&quot;,&quot;sentence&quot;,true,false,false,false);}" label="位置" isvoiceenabled="True" voicephrase="位置" />
        <shortcut-item start-row="1" start-column="1" ishide="False" isglobal="False" key="{script:speak(&quot;&quot;,&quot;added_636153199023008008&quot;,&quot;&quot;,&quot;character&quot;,false,false,false);}" label="条目" isvoiceenabled="True" voicephrase="条目" />
        <shortcut-item start-row="1" start-column="1" ishide="False" isglobal="False" key="{script:speak(&quot;&quot;,&quot;added_636311357291420900&quot;,&quot;&quot;,&quot;sentence&quot;,false,false,false);}" label="数量" isvoiceenabled="True" voicephrase="数量" />
      </context-menu>
    </screen-template>
    <screen-template name="ErrorQtyRequired" match="orderMatch('条目','ERR - Qty cannot be blanks','F4=关闭')" html-id="auto-component-eV9a">
      <logo ishide="False" title="错误 - 需要数量" image-name="wl_bkgnd_VL_Warning01_Red01.png" image-ref="images\d33c356468abd2920bb8e1159290709e.png" html-id="themeBanner" html-style="font-family:sans-serif;font-size:14pt;font-weight:bold;font-style:normal;text-decoration:none;color:rgba(255,255,255,1.000);background-color:rgba(217,5,5,1.000);" />
      <table column-count="2" row-count="4" alt-row-color="#FFF5F5F5" table-width="100" table-column-widths="24.62908,72.40356" html-id="table_636176881045162706">
        <display-text start-row="1" start-column="1" value="任务:" html-id="added_636153197600337781" />
        <display-text start-row="1" start-column="7" copy-value="[1,7:23]" html-id="added_636153198354941135" html-style="font-size:14pt;color:rgba(0,0,0,1.000);font-weight:bold;" />
        <display-text start-row="2" start-column="1" value="位置:" html-id="added_636153198501771566" html-style="color:rgba(0,0,0,1.000);font-weight:normal;" />
        <display-text start-row="2" start-column="7" copy-value="[2,7:12]" html-id="added_636153198757841809" html-style="font-size:14pt;color:rgba(0,0,0,1.000);background-color:rgba(255,255,255,0.000);font-weight:bold;" />
        <display-text start-row="3" start-column="1" value="条目:" html-id="added_636153198874515690" />
        <display-text start-row="3" start-column="7" copy-value="[3,7:24]" html-id="added_636153199023008008" html-style="font-size:14pt;color:rgba(0,0,0,1.000);font-weight:bold;" />
        <display-text start-row="2" start-column="19" copy-value="[2,19:5]" html-id="added_636311358943150643" html-style="color:rgba(255,255,255,1.000);background-color:rgba(217,5,5,1.000);font-size:14pt;" />
        <display-text start-row="2" start-column="24" copy-value="[2,24:6]" html-id="added_636311359360003577" html-style="font-size:14pt;color:rgba(254,224,0,1.000);background-color:rgba(217,5,5,1.000);" />
      </table>
      <table column-count="1" row-count="2" alt-row-color="#FFFFFFFF" table-width="100" table-column-widths="40.09662,78.74397,55.59006,0" html-id="table_636176881121872039" html-style="background-color:rgba(255,255,255,0.000);">
        <display-text start-row="8" start-column="64" value="输入数量:" html-id="added_636189918288188397" html-style="color:rgba(0,0,0,1.000);font-weight:bold;" />
        <input-field start-row="5" start-column="6" copy-value="[5,6:49]" keyboard-portrait="Numeric (Portrait)" keyboard-display="show" html-id="added_636190771202666992" />
      </table>
      <table column-count="3" row-count="1" alt-row-color="#FFFFFFFF" table-width="100" table-column-widths="22.84867,36.20178,36.79525,0,0" html-id="table_636190771329294786">
        <empty />
        <button start-row="12" start-column="12" value="关闭" on-click="{f4}" html-id="added_636238219659945213" html-style="color:rgba(0,127,160,1.000);background-color:rgba(245,245,245,1.000);" />
        <button start-row="15" start-column="63" value="返回" on-click="{f3}" html-id="added_636188990411207667" />
      </table>
      <context-menu>
        <shortcut-item start-row="1" start-column="1" ishide="False" isglobal="False" key="{f4}" label="关闭" isvoiceenabled="True" voicephrase="关闭" />
        <shortcut-item start-row="1" start-column="1" ishide="False" isglobal="False" key="{script:speak( &quot;请先说数量然后说Ready&quot;,&quot;&quot;,&quot;&quot;,&quot;sentence&quot;,false,false,false);}" label="帮助" isvoiceenabled="True" voicephrase="帮助" />
        <shortcut-item start-row="1" start-column="1" ishide="False" isglobal="False" key="{script:speak(&quot;&quot;,&quot;added_636153198354941135&quot;,&quot;&quot;,&quot;character&quot;,false,false,false);}" label="任务" isvoiceenabled="True" voicephrase="任务" />
        <shortcut-item start-row="1" start-column="1" ishide="False" isglobal="False" key="{script:speak(&quot;&quot;,&quot;added_636153198757841809&quot;,&quot;&quot;,&quot;sentence&quot;,true,false,false,false);}" label="位置" isvoiceenabled="True" voicephrase="位置" />
        <shortcut-item start-row="1" start-column="1" ishide="False" isglobal="False" key="{script:speak(&quot;&quot;,&quot;added_636153199023008008&quot;,&quot;&quot;,&quot;character&quot;,false,false,false);}" label="条目" isvoiceenabled="True" voicephrase="条目" />
        <shortcut-item start-row="1" start-column="1" ishide="False" isglobal="False" key="{script:speak(&quot;&quot;,&quot;added_636311359360003577&quot;,&quot;&quot;,&quot;sentence&quot;,false,false,false);}" label="数量" isvoiceenabled="True" voicephrase="数量" />
      </context-menu>
    </screen-template>
    <screen-template name="LocList" match="cursorZone('[1,1:1]') and orderMatch('-----------','Enter=继续')" html-id="auto-component-OG7Q" html-style="background-color:rgba(255,255,255,1.000);">
      <logo ishide="True" title="Banner" html-id="themeBanner" html-style="font-family:sans-serif;font-size:20pt;font-weight:normal;font-style:normal;text-decoration:none;color:rgba(60,136,200,1);background-color:rgba(66,66,66,1);" />
      <table column-count="3" row-count="1" alt-row-color="#FFFEE000" table-width="100" table-column-widths="50.4451,19.28783,26.11276" html-id="table_636160248324626622" html-style="background-color:rgba(0,127,160,1.000);">
        <header start-row="1" start-column="1" value="位置" html-id="added_636153248737249454" html-style="font-weight:bold;color:rgba(255,255,255,1.000);font-size:14pt;" />
        <empty />
        <header start-row="1" start-column="19" value="库存量" html-id="added_636153248991787510" html-style="font-weight:bold;color:rgba(255,255,255,1.000);font-size:14pt;" />
      </table>
      <table column-count="3" row-count="6" alt-row-color="#FFF5F5F5" table-width="100" table-column-widths="48.96143,21.36498,25.51929,45.85328,5.582137" html-id="table_636153248606910182">
        <display-text start-row="3" start-column="1" copy-value="[3,1:14]" html-id="added_636153249460857503" html-style="font-weight:normal;font-size:14pt;" />
        <empty />
        <header start-row="3" start-column="23" value=" 10 " html-id="added_636153249585600377" html-style="color:rgba(0,0,0,1.000);font-size:14pt;font-weight:bold;" />
        <display-text start-row="4" start-column="1" value="Cascade Dr." html-id="added_636153249884736218" html-style="font-size:14pt;" />
        <empty />
        <header start-row="4" start-column="23" value="  4" html-id="added_636153250021295061" html-style="color:rgba(0,0,0,1.000);font-weight:bold;font-size:14pt;" />
        <display-text start-row="5" start-column="1" value="Westlake" html-id="added_636153250193776195" html-style="font-size:14pt;" />
        <empty />
        <header start-row="5" start-column="24" value=" 2 " html-id="added_636153250290775022" html-style="color:rgba(0,0,0,1.000);font-weight:bold;font-size:14pt;" />
        <display-text start-row="6" start-column="1" value="Times Square" html-id="added_636153250453153442" html-style="font-size:14pt;" />
        <empty />
        <header start-row="6" start-column="24" value=" 22 " html-id="added_636153250554697939" html-style="color:rgba(0,0,0,1.000);font-weight:bold;font-size:14pt;" />
        <display-text start-row="7" start-column="1" value="West Pine Ave." html-id="added_636153250744072429" html-style="font-size:14pt;" />
        <empty />
        <header start-row="7" start-column="24" value=" 9 " html-id="added_636153250835370900" html-style="color:rgba(0,0,0,1.000);font-weight:bold;font-size:14pt;" />
        <display-text start-row="8" start-column="1" value="South Jordan" html-id="added_636153250995246522" html-style="font-size:14pt;" />
        <empty />
        <header start-row="8" start-column="24" value=" 0 " html-id="added_636153251149589759" html-style="color:rgba(0,0,0,1.000);font-size:14pt;font-weight:bold;" />
      </table>
      <table column-count="2" row-count="2" alt-row-color="#FFFFFFFF" table-width="100" table-column-widths="61.1276,35.90504" html-id="table_636188994977742474">
        <empty />
        <empty />
        <empty />
        <button start-row="10" start-column="1" value="继续" on-click="{return}" html-id="component-7" html-style="font-size:14pt;font-weight:bold;color:rgba(0,127,160,1.000);background-color:rgba(245,245,245,1.000);" />
      </table>
      <context-menu>
        <shortcut-item start-row="1" start-column="1" ishide="False" isglobal="False" key="{return}" label="继续" isvoiceenabled="True" voicephrase="继续" />
        <shortcut-item start-row="1" start-column="1" ishide="False" isglobal="False" key="{script:speak( &quot;请说继续&quot;,&quot;&quot;,&quot;&quot;,&quot;sentence&quot;,false,false,false);}" label="帮助" isvoiceenabled="True" voicephrase="帮助" />
      </context-menu>
    </screen-template>
    <screen-template name="ItemDetails" match="orderMatch('物品查询','描述:','F3=','Enter')" html-id="auto-component-Z6SO" html-style="background-color:rgba(255,255,255,1.000);">
      <logo ishide="False" title="物品细节" image-name="VL_BKGND_Mobile01_Black01.png" image-ref="images\2a85fb77903ad690537bb9bb4d281578.png" html-id="themeBanner" html-style="font-family:sans-serif;font-size:16pt;font-weight:bold;font-style:normal;text-decoration:none;color:rgba(255,255,255,1.000);background-color:rgba(0,127,160,1.000);" />
      <table column-count="2" row-count="1" alt-row-color="#00000000" table-width="100" table-column-widths="28.54865,69.85646" html-id="table_636178604079386655" html-style="background-color:rgba(255,255,255,0.000);">
        <display-text start-row="3" start-column="1" value="物料:" html-id="added_636153253502872167" />
        <display-text start-row="3" start-column="6" copy-value="[3,6:15]" html-id="added_636153259258003522" html-style="font-size:14pt;" />
      </table>
      <table column-count="1" row-count="1" alt-row-color="" table-width="100" table-column-widths="100,50" html-id="table_636178604175630723">
        <header start-row="10" start-column="55" value="----------------------------------------------------------" html-id="added_636178604323174453" html-style="font-weight:normal;font-size:12pt;" />
      </table>
      <table column-count="2" row-count="2" alt-row-color="#FFF5F5F5" table-width="100" table-column-widths="28.70813,69.69697" html-id="table_636153253387021057" html-style="background-color:rgba(245,245,245,1.000);">
        <display-text start-row="4" start-column="1" value="描述:                                                                    " html-id="component-2" />
        <display-text start-row="5" start-column="1" value="Plush Brown 12&quot;" copy-value="[5,1]" html-id="component-3" html-style="font-size:14pt;" />
        <empty />
        <display-text start-row="6" start-column="1" value="Teddy Bear" copy-value="[6,1]" html-id="component-4" html-style="font-size:14pt;" />
      </table>
      <table column-count="1" row-count="1" alt-row-color="" table-width="100" table-column-widths="100,50" html-id="table_636178605045721747">
        <header start-row="10" start-column="49" value="----------------------------------------------------------" html-id="added_636178605182383529" html-style="font-weight:normal;font-size:12pt;" />
      </table>
      <table column-count="2" row-count="2" alt-row-color="#FFF5F5F5" table-width="100" table-column-widths="28.86762,69.53748" html-id="table_636178604650038913" html-style="background-color:rgba(255,255,255,0.000);">
        <display-text start-row="8" start-column="1" value="价格:" html-id="added_636153257082668823" />
        <display-text start-row="8" start-column="13" copy-value="[8,13:15]" html-id="added_636153257223412118" html-style="font-size:14pt;" />
        <display-text start-row="9" start-column="6" value="库存量:" html-id="added_636153257336101519" />
        <display-text start-row="9" start-column="14" copy-value="[9,14:6]" html-id="added_636153257463181489" html-style="font-size:14pt;" />
      </table>
      <table column-count="2" row-count="2" alt-row-color="#FFFFFFFF" table-width="100" table-column-widths="59.64392,37.38873,31.41946,0" html-id="table_636153257953897208">
        <empty />
        <empty />
        <button start-row="15" start-column="50" value="检查库存" on-click="{return}" html-id="added_636178607950072208" html-style="font-size:14pt;background-color:rgba(245,245,245,1.000);color:rgba(0,127,160,1.000);" />
        <button start-row="23" start-column="63" value="返回" on-click="{f3}" html-id="added_636188986562919940" />
      </table>
      <context-menu>
        <shortcut-item start-row="1" start-column="1" ishide="False" isglobal="False" key="{enter}" label="检查库存" isvoiceenabled="True" voicephrase="检查库存" />
        <shortcut-item start-row="1" start-column="1" ishide="False" isglobal="False" key="{script:speak(&quot;&quot;,&quot;component-3&quot;,&quot;&quot;,&quot;sentence&quot;,false,false,false);}{script:speak(&quot;&quot;,&quot;component-4&quot;,&quot;&quot;,&quot;sentence&quot;,false,false,false);}" label="描述" isvoiceenabled="True" voicephrase="描述" />
        <shortcut-item start-row="1" start-column="1" ishide="False" isglobal="False" key="{script:speak( &quot;&quot;,&quot;added_636153257223412118&quot;,&quot;&quot;,&quot;sentence&quot;,false,false,false);}" label="价格" isvoiceenabled="True" voicephrase="价格" />
        <shortcut-item start-row="1" start-column="1" ishide="False" isglobal="False" key="{script:speak( &quot;&quot;,&quot;added_636153257463181489&quot;,&quot;&quot;,&quot;sentence&quot;,false,false,false);}" label="库存数量" isvoiceenabled="True" voicephrase="库存数量" />
        <shortcut-item start-row="1" start-column="1" ishide="False" isglobal="False" key="{script:speak( &quot;检查库存或者返回&quot;,&quot;&quot;,&quot;&quot;,&quot;sentence&quot;,false,false);}" label="帮助" isvoiceenabled="True" voicephrase="帮助" />
        <shortcut-item start-row="1" start-column="1" ishide="False" isglobal="False" key="{script:speak(&quot;&quot;,&quot;added_636153259258003522&quot;,&quot;&quot;,&quot;character&quot;,false,false,false);}" label="物料号" isvoiceenabled="True" voicephrase="物料号" />
      </context-menu>
    </screen-template>
    <screen-template name="global" match="false" html-id="auto-component-Cqhz">
      <context-menu>
        <shortcut-item start-row="1" start-column="1" ishide="False" isglobal="True" key="{voice:repeat}" label="重复" isvoiceenabled="True" voicephrase="重复" />
        <shortcut-item start-row="1" start-column="1" ishide="False" isglobal="True" key="{voice:volumeDown}{script:speak(&quot;音量已降低&quot;,&quot;&quot;,&quot;&quot;,&quot;sentence&quot;,false,false);}" label="降低音量" isvoiceenabled="True" voicephrase="降低音量" />
        <shortcut-item start-row="1" start-column="1" ishide="False" isglobal="True" key="{voice:volumeUp}{script:speak(&quot;音量已调高&quot;,&quot;&quot;,&quot;&quot;,&quot;sentence&quot;,false,false);}" label="提高音量" isvoiceenabled="True" voicephrase="提高音量" />
        <shortcut-item start-row="1" start-column="1" ishide="False" isglobal="True" key="{voice:faster}{script:speak(&quot;语速已提高&quot;,&quot;&quot;,&quot;&quot;,&quot;sentence&quot;,false,false);}" label="提高语速" isvoiceenabled="True" voicephrase="提高语速" />
        <shortcut-item start-row="1" start-column="1" ishide="False" isglobal="True" key="{voice:slower}{script:speak(&quot;语速已降低&quot;,&quot;&quot;,&quot;&quot;,&quot;sentence&quot;,false,false);}" label="降低语速" isvoiceenabled="True" voicephrase="降低语速" />
        <shortcut-item start-row="1" start-column="1" ishide="False" isglobal="True" key="{f3}" label="返回" isvoiceenabled="True" voicephrase="返回" />
        <shortcut-item start-row="1" start-column="1" ishide="False" isglobal="True" key="{return}" label="继续" isvoiceenabled="True" voicephrase="继续" />
      </context-menu>
    </screen-template>
    <screen-template name="MainMenu" match="cursorZone('[7,9:1]','[7,10:4]') and orderMatch('拣选','物品查询','循环盘点')" html-id="auto-component-i71Q" html-style="background-color:rgba(255,255,255,1.000);">
      <table column-count="3" row-count="3" alt-row-color="#FFFFFFFF" table-width="100" table-column-widths="6.038647,86.11111,6.15942,25,20,0,0,0,0" html-id="table_636220580437989136">
        <empty />
        <button start-row="1" start-column="1" value="拣选" on-click="1{return}" html-id="component-0" />
        <empty />
        <empty />
        <button start-row="2" start-column="1" value="物品查询" on-click="2{return}" html-id="component-1" />
        <empty />
        <empty />
        <button start-row="3" start-column="1" value="循环盘点" on-click="3{return}" html-id="component-2" />
        <empty />
      </table>
      <footer html-id="Footer" html-style="background-color:rgba(0,127,160,1.000);">
        <header start-row="24" start-column="36" value="Powered by Wavelink" html-id="added_636220815914498933" html-style="color:rgba(255,255,255,1.000);" />
      </footer>
      <context-menu>
        <shortcut-item start-row="1" start-column="1" ishide="False" isglobal="False" key="1{return}" label="拣选" isvoiceenabled="True" voicephrase="拣选" />
        <shortcut-item start-row="1" start-column="1" ishide="False" isglobal="False" key="2{return}" label="物品查询" isvoiceenabled="True" voicephrase="物品查询" />
        <shortcut-item start-row="1" start-column="1" ishide="False" isglobal="False" key="3{return}" label="循环盘点" isvoiceenabled="True" voicephrase="循环盘点" />
        <shortcut-item start-row="1" start-column="1" ishide="False" isglobal="False" key="{script:speak( &quot;请说拣选或者物品查询或者循环盘点&quot;,&quot;&quot;,&quot;&quot;,&quot;Sentence&quot;,false,false);}" label="帮助" isvoiceenabled="True" voicephrase="帮助" />
      </context-menu>
    </screen-template>
    <screen-template name="Location" match="cursorZone('[6,1:15]') and orderMatch('#:','条目:','扫描位置','F3=','F4=')" html-id="auto-component-mqJe">
      <logo ishide="False" title="位置" image-name="VL_BKGND_Forklift01_Black01.png" image-ref="images\0c69ee39b0b3e5f7bdc3b5c0d896318b.png" html-id="themeBanner" html-style="font-family:sans-serif;font-size:16pt;font-weight:bold;font-style:normal;text-decoration:none;color:rgba(255,255,255,1.000);background-color:rgba(0,127,160,1.000);" />
      <table column-count="2" row-count="4" alt-row-color="" table-width="100" table-column-widths="24.33234,72.70029" html-id="table_636220583190756781">
        <display-text start-row="1" start-column="1" value="任务:" html-id="added_636220583570503101" />
        <display-text start-row="1" start-column="7" copy-value="[1,7:3]" html-id="added_636281797981810166" html-style="font-size:14pt;" />
        <display-text start-row="2" start-column="1" value="位置:" html-id="added_636220584279187891" html-style="color:rgba(255,255,255,1.000);background-color:rgba(0,127,160,1.000);font-weight:bold;" />
        <display-text start-row="2" start-column="6" copy-value="[2,6:13]" html-id="added_636220926995329211" html-style="font-size:14pt;color:rgba(255,255,0,1.000);background-color:rgba(0,127,160,1.000);" />
        <display-text start-row="3" start-column="1" value="条目:" html-id="added_636220585066046869" html-style="font-size:14pt;" />
        <display-text start-row="3" start-column="6" copy-value="[3,6:74]" html-id="added_636220584950669614" html-style="font-size:14pt;" />
        <display-text start-row="2" start-column="19" value="数量:" html-id="added_636220584660582355" html-style="font-size:14pt;" />
        <display-text start-row="2" start-column="24" copy-value="[2,24:5]" html-id="added_636281798531511607" html-style="font-size:14pt;" />
      </table>
      <table column-count="1" row-count="2" alt-row-color="#FFFFFFFF" table-width="100" table-column-widths="42.75362,77.41546,0" html-id="table_636220585235439073">
        <display-text start-row="5" start-column="1" value="扫描位置:" html-id="component-3" html-style="font-weight:bold;" />
        <input-field start-row="6" start-column="1" max-length="14" copy-value="[6,1:14]" keyboard-display="hide" html-id="input-00050000" />
      </table>
      <table column-count="3" row-count="1" alt-row-color="#FFFFFFFF" table-width="100" table-column-widths="21.66172,37.68546,36.49852" html-id="table_636220583185385313">
        <empty />
        <button start-row="12" start-column="12" value="关闭" on-click="{f4}" html-id="added_636221427778591856" html-style="color:rgba(0,127,160,1.000);background-color:rgba(245,245,245,1.000);" />
        <button start-row="12" start-column="4" value="返回" on-click="{f3}" html-id="added_636220583320157147" />
      </table>
      <context-menu>
        <shortcut-item start-row="1" start-column="1" ishide="False" isglobal="False" key="{script:speak(&quot;&quot;,&quot;added_636220926995329211&quot;,&quot;&quot;,&quot;sentence&quot;,true,false,false);}" label="重复位置" isvoiceenabled="True" voicephrase="重复位置" />
        <shortcut-item start-row="1" start-column="1" ishide="False" isglobal="False" key="{f4}" label="关闭" isvoiceenabled="True" voicephrase="关闭" />
        <shortcut-item start-row="1" start-column="1" ishide="False" isglobal="False" key="{script:speak( &quot;扫描位置条码&quot;,&quot;&quot;,&quot;&quot;,&quot;sentence&quot;,false,false,false);}" label="帮助" isvoiceenabled="True" voicephrase="帮助" />
        <shortcut-item start-row="1" start-column="1" ishide="False" isglobal="False" key="{script:speak( &quot;&quot;,&quot;added_636281797981810166&quot;,&quot;&quot;,&quot;character&quot;,false,false,false);}" label="任务" isvoiceenabled="True" voicephrase="任务" />
        <shortcut-item start-row="1" start-column="1" ishide="False" isglobal="False" key="{script:speak( &quot;&quot;,&quot;added_636220584950669614&quot;,&quot;&quot;,&quot;character&quot;,false,false,false);}" label="条目" isvoiceenabled="True" voicephrase="条目" />
        <shortcut-item start-row="1" start-column="1" ishide="False" isglobal="False" key="{script:speak( &quot;&quot;,&quot;added_636281798531511607&quot;,&quot;&quot;,&quot;Sentence&quot;,false,false,false);}" label="数量" isvoiceenabled="True" voicephrase="数量" />
      </context-menu>
    </screen-template>
    <screen-template name="InputQty" match="cursorZone('[5,6:3]') and orderMatch('#:','数量:','F3=','F4=')" html-id="auto-component-itZr">
      <logo ishide="False" title="输入数量" image-name="VL_BKGND_Mobile01_Black01.png" image-ref="images\2a85fb77903ad690537bb9bb4d281578.png" html-id="themeBanner" html-style="font-family:sans-serif;font-size:16pt;font-weight:bold;font-style:normal;text-decoration:none;color:rgba(255,255,255,1.000);background-color:rgba(0,127,160,1.000);" />
      <table column-count="2" row-count="4" alt-row-color="" table-width="100" table-column-widths="23.05795,75.709" html-id="table_636220587486787475">
        <display-text start-row="1" start-column="1" value="任务:" html-id="added_636220588415083744" />
        <display-text start-row="1" start-column="7" copy-value="[1,7:3]" html-id="added_636281800158204649" html-style="font-size:14pt;" />
        <display-text start-row="2" start-column="1" value="位置:" html-id="added_636220588643040397" />
        <display-text start-row="2" start-column="6" copy-value="[2,6:13]" html-id="added_636220588719186896" html-style="font-size:14pt;" />
        <display-text start-row="3" start-column="1" value="条目:" html-id="added_636220589059014056" />
        <display-text start-row="3" start-column="6" copy-value="[3,6:75]" html-id="added_636220589147267953" html-style="font-size:14pt;" />
        <display-text start-row="2" start-column="19" value="数量:" html-id="added_636220588815422918" html-style="font-weight:bold;color:rgba(255,255,255,1.000);background-color:rgba(0,127,160,1.000);" />
        <display-text start-row="2" start-column="24" copy-value="[2,24:5]" html-id="added_636281800372156886" html-style="background-color:rgba(0,127,160,1.000);color:rgba(255,255,0,1.000);font-size:14pt;" />
      </table>
      <table column-count="1" row-count="2" alt-row-color="#FFFFFFFF" table-width="100" table-column-widths="47.343,75.12077,33,0" html-id="table_636220587244332260">
        <display-text start-row="8" start-column="1" value="输入数量:" html-id="added_636220589511055492" html-style="font-weight:bold;" />
        <input-field start-row="5" start-column="6" copy-value="[5,6:75]" keyboard-portrait="Numeric (Portrait)" keyboard-display="show" html-id="added_636220590282520662" />
      </table>
      <table column-count="3" row-count="1" alt-row-color="#FFFFFFFF" table-width="100" table-column-widths="21.95846,36.79525,37.09199" html-id="table_636220587472536354">
        <empty />
        <button start-row="12" start-column="12" value="关闭" on-click="{f4}" html-id="added_636238086549662203" html-style="color:rgba(0,127,160,1.000);background-color:rgba(245,245,245,1.000);" />
        <button start-row="12" start-column="4" value="返回" on-click="{f3}" html-id="added_636220590469548472" />
      </table>
      <context-menu>
        <shortcut-item start-row="1" start-column="1" ishide="False" isglobal="False" key="{script:speak(&quot;&quot;,&quot;added_636281800372156886&quot;,&quot;&quot;,&quot;sentence&quot;,false,false,false);}" label="数量" isvoiceenabled="True" voicephrase="数量" />
        <shortcut-item start-row="1" start-column="1" ishide="False" isglobal="False" key="{script:speak( &quot;请说数量然后说Ready&quot;,&quot;&quot;,&quot;&quot;,&quot;sentence&quot;,false,false,false);}" label="帮助" isvoiceenabled="True" voicephrase="帮助" />
        <shortcut-item start-row="1" start-column="1" ishide="False" isglobal="False" key="{script:speak(&quot;&quot;,&quot;added_636281800158204649&quot;,&quot;&quot;,&quot;character&quot;,false,false,false);}" label="任务" isvoiceenabled="True" voicephrase="任务" />
        <shortcut-item start-row="1" start-column="1" ishide="False" isglobal="False" key="{script:speak(&quot;&quot;,&quot;added_636220589147267953&quot;,&quot;&quot;,&quot;character&quot;,false,false,false);}" label="条目" isvoiceenabled="True" voicephrase="条目" />
        <shortcut-item start-row="1" start-column="1" ishide="False" isglobal="False" key="{f4}" label="关闭" isvoiceenabled="True" voicephrase="关闭" />
        <shortcut-item start-row="1" start-column="1" ishide="False" isglobal="False" key="{script:speak( &quot;&quot;,&quot;added_636220588719186896&quot;,&quot;&quot;,&quot;sentence&quot;,true,false,false);}" label="位置" isvoiceenabled="True" voicephrase="位置" />
      </context-menu>
    </screen-template>
    <screen-template name="ShortPick" match="cursorZone('[2,1:2]') and orderMatch('覆盖拣选数量')" html-id="auto-component-ztuB">
      <logo ishide="False" title="短缺" image-name="VL_BKGND_Warning02_Yellow01.png" image-ref="images\c67505aa2238c05d11aa67a413b364ae.png" html-id="themeBanner" html-style="font-family:sans-serif;font-size:16pt;font-weight:bold;font-style:normal;text-decoration:none;color:rgba(254,224,0,1.000);background-color:rgba(0,127,160,1.000);" />
      <header start-row="1" start-column="1" value="覆盖数量?" html-id="component-0" html-style="color:rgba(0,0,0,1.000);" />
      <table column-count="2" row-count="1" alt-row-color="" table-width="100" table-column-widths="50,50" html-id="table_636220594088658861">
        <button start-row="4" start-column="2" value="是" on-click="y" html-id="added_636220593928961648" html-style="color:rgba(0,127,160,1.000);background-color:rgba(245,245,245,1.000);" />
        <button start-row="4" start-column="5" value="否" on-click="n" html-id="added_636220593866368766" />
      </table>
      <context-menu>
        <shortcut-item start-row="1" start-column="1" ishide="False" isglobal="False" key="y" label="是" isvoiceenabled="True" voicephrase="是" />
        <shortcut-item start-row="1" start-column="1" ishide="False" isglobal="False" key="n" label="否" isvoiceenabled="True" voicephrase="否" />
        <shortcut-item start-row="1" start-column="1" ishide="False" isglobal="False" key="{script:speak( &quot;拣选数量小于所需, 是否需要覆盖数量?&quot;,&quot;&quot;,&quot;&quot;,&quot;sentence&quot;,false,false,false);}" label="帮助" isvoiceenabled="True" voicephrase="帮助" />
      </context-menu>
    </screen-template>
    <screen-template name="Printer" match="cursorZone('[4,1:14]') and orderMatch('任务','#:','扫描打印机:','F3=暂停')" html-id="auto-component-JqvT">
      <logo ishide="False" title="打印机位置" image-name="VL_BKGND_Printer01_Black01.png" image-ref="images\a5c02e9360074115ead49b9df8229d0d.png" html-id="themeBanner" html-style="font-family:sans-serif;font-size:16pt;font-weight:bold;font-style:normal;text-decoration:none;color:rgba(255,255,255,1.000);background-color:rgba(0,127,160,1.000);" />
      <table column-count="2" row-count="4" alt-row-color="#FFFFFFFF" table-width="100" table-column-widths="50,50" html-id="table_636220595104804219">
        <menu-item start-row="8" start-column="9" label="打印机 1" value="1{return}" html-id="added_636220595185452490" />
        <menu-item start-row="10" start-column="4" label="打印机 2" value="2{return}" html-id="added_636220595242554259" />
        <menu-item start-row="17" start-column="14" label="打印机 3" value="3{return}" html-id="added_636220595259825787" />
        <menu-item start-row="22" start-column="18" label="打印机 4" value="4{return}" html-id="added_636220595283049123" />
        <empty />
        <empty />
        <empty />
        <button start-row="12" start-column="6" value="任务暂停" on-click="{f3}" html-id="added_636220595347822700" html-style="color:rgba(0,127,160,1.000);background-color:rgba(245,245,245,1.000);" />
      </table>
      <context-menu>
        <shortcut-item start-row="1" start-column="1" ishide="False" isglobal="False" key="{F3}" label="任务暂停" isvoiceenabled="True" voicephrase="任务暂停" />
        <shortcut-item start-row="1" start-column="1" ishide="False" isglobal="False" key="1{return}" label="打印机1" isvoiceenabled="True" voicephrase="打印机1" />
        <shortcut-item start-row="1" start-column="1" ishide="False" isglobal="False" key="2{return}" label="打印机2" isvoiceenabled="True" voicephrase="打印机2" />
        <shortcut-item start-row="1" start-column="1" ishide="False" isglobal="False" key="3{return}" label="打印机3" isvoiceenabled="True" voicephrase="打印机3" />
        <shortcut-item start-row="1" start-column="1" ishide="False" isglobal="False" key="4{return}" label="打印机4" isvoiceenabled="True" voicephrase="打印机4" />
        <shortcut-item start-row="1" start-column="1" ishide="False" isglobal="False" key="{script:speak( &quot;选择打印机&quot;,&quot;&quot;,&quot;&quot;,&quot;sentence&quot;,false,false,false);}" label="帮助" isvoiceenabled="True" voicephrase="帮助" />
      </context-menu>
    </screen-template>
    <screen-template name="ScanTask" match="cursorZone('[4,1:14]') and orderMatch('出库','扫描任务 #:','F3=')" html-id="auto-component-JqvT">
      <logo ishide="False" title="拣选任务" image-name="VL_BKGND_Task01_Black01.png" image-ref="images\2ebcd42313576a431eb6227da38aeb95.png" html-id="themeBanner" html-style="font-family:sans-serif;font-size:16pt;font-weight:bold;font-style:normal;text-decoration:none;color:rgba(255,255,255,1.000);background-color:rgba(0,127,160,1.000);" />
      <table column-count="1" row-count="2" alt-row-color="#FFFFFFFF" table-width="100" table-column-widths="97.74011,48.30508,33" html-id="table_636220595104804219">
        <display-text start-row="3" start-column="1" value="扫描任务 #" html-id="added_636281794206044205" html-style="font-weight:bold;" />
        <input-field start-row="4" start-column="1" copy-value="[4,1:15]" html-id="added_636281794304549839" />
      </table>
      <table column-count="3" row-count="2" alt-row-color="" table-width="100" table-column-widths="29.9435,31.63842,34.46328" html-id="table_636281794946236541">
        <empty />
        <empty />
        <empty />
        <empty />
        <empty />
        <button start-row="12" start-column="6" value="返回" on-click="{f3}" html-id="added_636281795217302045" />
      </table>
      <context-menu>
        <shortcut-item start-row="1" start-column="1" ishide="False" isglobal="False" key="{script:speak( &quot;扫描任务号&quot;,&quot;&quot;,&quot;&quot;,&quot;sentence&quot;,false,false);}" label="帮助" isvoiceenabled="True" voicephrase="帮助" />
      </context-menu>
    </screen-template>
    <screen-template name="StageLoc" match="cursorZone('[4,1:14]') and orderMatch('阶段位置','位置:','F3=')" html-id="auto-component-JqvT">
      <logo ishide="False" title="阶段位置" image-name="VL_BKGND_Forklift01_Black01.png" image-ref="images\0c69ee39b0b3e5f7bdc3b5c0d896318b.png" html-id="themeBanner" html-style="font-family:sans-serif;font-size:16pt;font-weight:bold;font-style:normal;text-decoration:none;color:rgba(255,255,255,1.000);background-color:rgba(0,127,160,1.000);" />
      <table column-count="1" row-count="2" alt-row-color="#FFFFFFFF" table-width="100" table-column-widths="97.74011,48.30508,33" html-id="table_636220595104804219">
        <display-text start-row="3" start-column="1" value="扫描位置:" html-id="added_636281827402655716" />
        <input-field start-row="4" start-column="1" copy-value="[4,1:14]" html-id="added_636281827581253395" />
      </table>
      <table column-count="2" row-count="2" alt-row-color="" table-width="100" table-column-widths="50,50" html-id="table_636281827714205278">
        <empty />
        <empty />
        <empty />
        <button start-row="12" start-column="6" value="任务暂停" on-click="{f3}" html-id="added_636220595347822700" html-style="color:rgba(0,127,160,1.000);background-color:rgba(245,245,245,1.000);" />
      </table>
      <context-menu>
        <shortcut-item start-row="1" start-column="1" ishide="False" isglobal="False" key="{script:speak( &quot;请扫描阶段位置或者任务暂停&quot;,&quot;&quot;,&quot;&quot;,&quot;sentence&quot;,false,false,false);}" label="帮助" isvoiceenabled="True" voicephrase="帮助" />
        <shortcut-item start-row="1" start-column="1" ishide="False" isglobal="False" key="{F3}" label="任务暂停" isvoiceenabled="True" voicephrase="任务暂停" />
      </context-menu>
    </screen-template>
    <screen-template name="HoldTask" match="cursorZone('[3,1:2]') and orderMatch('推迟任务:')" html-id="auto-component-sY9N">
      <logo ishide="False" title="暂停任务?" image-name="VL_BKGND_Hold01_Black01.png" image-ref="images\9b3d8405f79d0475c12dff2301aa57ae.png" html-id="themeBanner" html-style="font-family:sans-serif;font-size:16pt;font-weight:bold;font-style:normal;text-decoration:none;color:rgba(255,255,255,1.000);background-color:rgba(0,127,160,1.000);" />
      <header start-row="1" start-column="1" value="暂停任务?" html-id="component-0" />
      <table column-count="2" row-count="2" alt-row-color="#FFFFFFFF" table-width="100" table-column-widths="50,50" html-id="table_636220601210561215">
        <empty />
        <empty />
        <button start-row="21" start-column="20" value="是" on-click="y" html-id="added_636220601125198656" html-style="color:rgba(0,127,160,1.000);background-color:rgba(245,245,245,1.000);" />
        <button start-row="22" start-column="24" value="否" on-click="n" html-id="added_636220601084646512" />
      </table>
      <context-menu>
        <shortcut-item start-row="1" start-column="1" ishide="False" isglobal="False" key="y" label="是" isvoiceenabled="True" voicephrase="是" />
        <shortcut-item start-row="1" start-column="1" ishide="False" isglobal="False" key="n" label="否" isvoiceenabled="True" voicephrase="否" />
        <shortcut-item start-row="1" start-column="1" ishide="False" isglobal="False" key="{script:speak( &quot;是否暂停任务? 说是继续&quot;,&quot;&quot;,&quot;&quot;,&quot;sentence&quot;,false,false,false);}" label="帮助" isvoiceenabled="True" voicephrase="帮助" />
      </context-menu>
    </screen-template>
    <screen-template name="CycleCount" match="cursorZone('[10,1:15]') and orderMatch('循环盘点','条目:','扫描位置: ','F3=')" html-id="auto-component-jegB">
      <logo ishide="False" title="循环盘点" image-name="VL_BKGND_Clock01_Black01.png" image-ref="images\074dd1ff07ac6d5ff91935fc84e92656.png" html-id="themeBanner" html-style="font-family:sans-serif;font-size:16pt;font-weight:bold;font-style:normal;text-decoration:none;color:rgba(255,255,255,1.000);background-color:rgba(0,127,160,1.000);" />
      <table column-count="1" row-count="2" alt-row-color="#FFFFFFFF" table-width="100" table-column-widths="25.70621,71.46893,0" html-id="table_636220608824183284">
        <display-text start-row="9" start-column="1" value="扫描位置 #:" html-id="added_636220608501899245" html-style="font-weight:bold;" />
        <input-field start-row="10" start-column="1" copy-value="[10,1:80]" keyboard-portrait="Numeric (Portrait)" keyboard-display="hide" html-id="added_636220608787296062" />
      </table>
      <table column-count="3" row-count="2" alt-row-color="#FFFFFFFF" table-width="100" table-column-widths="29.09604,29.66102,37.28814" html-id="table_636220608915504430">
        <empty />
        <empty />
        <empty />
        <empty />
        <empty />
        <button start-row="12" start-column="4" value="返回" on-click="{f3}" html-id="added_636220608981616752" />
      </table>
      <context-menu>
        <shortcut-item start-row="1" start-column="1" ishide="False" isglobal="False" key="{script:speak( &quot;扫描位置&quot;,&quot;&quot;,&quot;&quot;,&quot;sentence&quot;,false,false);}" label="帮助" isvoiceenabled="True" voicephrase="帮助" />
      </context-menu>
    </screen-template>
    <screen-template name="CountItem" match="cursorZone('[10,1:15]') and orderMatch('循环盘点',':','条目:','实际数量','F3=')" html-id="auto-component-jegB">
      <logo ishide="False" title="循环盘点" image-name="VL_BKGND_Task04_Black01.png" image-ref="images\6757ae1a2f3d1664c04e6e7f658eb43f.png" html-id="themeBanner" html-style="font-family:sans-serif;font-size:16pt;font-weight:bold;font-style:normal;text-decoration:none;color:rgba(255,255,255,1.000);background-color:rgba(0,127,160,1.000);" />
      <table column-count="2" row-count="1" alt-row-color="#FFFFFFFF" table-width="100" table-column-widths="25.70621,71.46893,0" html-id="table_636220608824183284">
        <display-text start-row="4" start-column="1" copy-value="[4,1:5]" html-id="added_636281812612987022" html-style="font-size:14pt;" />
        <display-text start-row="4" start-column="7" copy-value="[4,7:6]" html-id="added_636281812674270527" html-style="font-size:14pt;" />
      </table>
      <table column-count="2" row-count="2" alt-row-color="#FFF5F5F5" table-width="100" table-column-widths="26.27119,70.90395" html-id="table_636281813764932909" html-style="background-color:rgba(245,245,245,1.000);">
        <display-text start-row="5" start-column="1" copy-value="[5,1:6]" html-id="added_636281814341075863" html-style="background-color:rgba(255,255,255,0.000);font-size:14pt;" />
        <display-text start-row="6" start-column="1" copy-value="[6,1:18]" html-id="added_636281814427450803" html-style="font-size:14pt;" />
        <empty />
        <display-text start-row="7" start-column="1" copy-value="[7,1:15]" html-id="added_636281814575169252" html-style="font-size:14pt;" />
      </table>
      <table column-count="2" row-count="1" alt-row-color="" table-width="100" table-column-widths="37.09199,59.94065" html-id="table_636281815822220579">
        <display-text start-row="8" start-column="1" copy-value="[8,1:9]" html-id="added_636281815945157611" html-style="font-size:14pt;" />
        <display-text start-row="8" start-column="10" copy-value="[8,10:2]" html-id="added_636281816006411114" html-style="font-size:14pt;" />
      </table>
      <table column-count="1" row-count="2" alt-row-color="" table-width="100" table-column-widths="100,50" html-id="table_636281816162850062">
        <display-text start-row="9" start-column="1" value="输入实际数量" html-id="added_636281816405793958" html-style="font-weight:bold;" />
        <input-field start-row="10" start-column="1" copy-value="[10,1:15]" keyboard-portrait="Numeric (Portrait)" html-id="added_636281816799916500" />
      </table>
      <table column-count="2" row-count="1" alt-row-color="#FFFFFFFF" table-width="100" table-column-widths="46.61017,41.94915,37.00565" html-id="table_636220608915504430">
        <empty />
        <button start-row="12" start-column="4" value="返回" on-click="{f3}" html-id="added_636220608981616752" />
      </table>
      <context-menu>
        <shortcut-item start-row="1" start-column="1" ishide="False" isglobal="False" key="{script:speak(&quot;&quot;,&quot;added_636281812674270527&quot;,&quot;&quot;,&quot;character&quot;,false,false,false);}" label="条目" isvoiceenabled="True" voicephrase="条目" />
        <shortcut-item start-row="1" start-column="1" ishide="False" isglobal="False" key="{script:speak(&quot;&quot;,&quot;added_636281814427450803&quot;,&quot;&quot;,&quot;sentence&quot;,false,false,false);}{script:speak(&quot;&quot;,&quot;added_636281814575169252&quot;,&quot;&quot;,&quot;sentence&quot;,false,false,false);}" label="描述" isvoiceenabled="True" voicephrase="描述" />
        <shortcut-item start-row="1" start-column="1" ishide="False" isglobal="False" key="{script:speak(&quot;&quot;,&quot;added_636281816006411114&quot;,&quot;&quot;,&quot;sentence&quot;,false,false,false);}" label="库存数量" isvoiceenabled="True" voicephrase="库存数量" />
        <shortcut-item start-row="1" start-column="1" ishide="False" isglobal="False" key="{script:speak(&quot;输入实际数量&quot;,&quot;&quot;,&quot;&quot;,&quot;sentence&quot;,false,false,false);}" label="帮助" isvoiceenabled="True" voicephrase="帮助" />
      </context-menu>
    </screen-template>
    <screen-template name="ItemLookup" match="orderMatch('物品查询','物料:','描述:','库存价格:','库存价格:') and cursorZone('[3,7]')" html-id="auto-component-wD_Z">
      <logo ishide="False" title="物品查询" image-name="VL_BKGND_Search02_Black01.png" image-ref="images\d7bed674b4569ab272c783525d1c79d8.png" html-id="themeBanner" html-style="font-family:sans-serif;font-size:14pt;font-weight:bold;font-style:normal;text-decoration:none;color:rgba(255,255,255,1.000);background-color:rgba(0,127,160,1.000);" />
      <table column-count="1" row-count="2" alt-row-color="#00FFFFFF" table-width="100" table-column-widths="100,50" html-id="table_636281823375212586">
        <display-text start-row="3" start-column="1" value="扫描物料:" html-id="component-1" html-style="font-weight:bold;" />
        <input-field start-row="3" start-column="7" copy-value="[3,7]" html-id="input-00020006" html-style="background-color:rgba(245,245,245,1.000);" />
      </table>
      <table column-count="3" row-count="2" alt-row-color="" table-width="100" table-column-widths="24.85876,32.48587,38.70057" html-id="table_636281824485776106">
        <empty />
        <empty />
        <empty />
        <empty />
        <empty />
        <button start-row="10" start-column="1" value="返回" on-click="{f3}" html-id="added_636281824707048762" />
      </table>
      <context-menu>
        <shortcut-item start-row="10" start-column="1" ishide="False" isglobal="False" key="{F3}" label="返回" isvoiceenabled="True" voicephrase="返回" />
        <shortcut-item start-row="1" start-column="1" ishide="False" isglobal="False" key="{script:speak( &quot;扫描物料号&quot;,&quot;&quot;,&quot;&quot;,&quot;sentence&quot;,false,false,false);}" label="帮助" isvoiceenabled="True" voicephrase="帮助" />
      </context-menu>
    </screen-template>
  </screen-group>
</templates>