﻿<?xml version="1.0" encoding="utf-8"?>
<ArrayOfScriptWithScope xmlns:xsi="http://www.w3.org/2001/XMLSchema-instance" xmlns:xsd="http://www.w3.org/2001/XMLSchema">
  <ScriptWithScope>
    <FunctionName>speak</FunctionName>
    <DisplayName>Speak</DisplayName>
    <ScriptText>
readText();

if( repeatOnChange === true ) {
	//If repeatOnChange we need to register for screen changes and check if the given element has changed value
	var currentElementText = ModernScreen.getTextById(elementId);
	var changeFunc = function(){ onElementChange( elementId, currentElementText ); };
	WLEvent.on( "ScreenUpdated",  changeFunc );
}

function readText() {
	//Lets use the element ID to get a string
	var elementText = ModernScreen.getTextById(elementId);

	if( elementText ) {
		elementText = elementText.toLowerCase();
		//If dictionary items have been added, lets replace the text
		if( typeof ttsDict !== "undefined"  ) {
			Logger.debug("ttsDict: " + JSON.stringify(ttsDict));
			for( var i = 0; i&lt;ttsDict.length; i++ ) {
				elementText = elementText.toLowerCase().replace( new RegExp('\\b' + ttsDict[i]["key"] + '\\b', "g"), ttsDict[i]["value"] );
			}
		}
	}

	//Now lets parse according to the paramaters given

	if( stripLeadingZeros === true) {
		phrase = phrase.replace(/^[0]+/g,"");
	}

	//Cycle through characters to strip and remove them from the strings
	for( var i=0; i&lt; charactersToStrip.length; i++ ) {
		phrase = phrase.replace(new RegExp(charactersToStrip[i], 'g'), "");
		elementText = elementText.replace(new RegExp(charactersToStrip[i], 'g'), "");
	}

	//If phonetic is true then we replace the letters with words form the phonetic alphabet. 
	if( phonetic === true) {
		phrase = convertToPhonetic(phrase);
		elementText = convertToPhonetic(elementText);
	}

	//Now lets add it all together and speak it
	var completePhrase = "";

	if( mode === "character" &amp;&amp; phonetic === false ) {
		completePhrase += "{readmode:character}";
	}

	if(phrase) completePhrase += phrase;
	if(elementText) completePhrase += " " + elementText;

	var dict = Voice.getGlobalDictionary();
	var properties = Voice.getDefaultProperties();
	Voice.speak(completePhrase, dict, properties);
}

function onElementChange( id, originalElementText ) {

	var newElementText = ModernScreen.getTextById(elementId);
	if( originalElementText !== newElementText ) {
		readText();
		changeFunc = function(){ onElementChange( elementId, newElementText ); };
	}
}

function convertToPhonetic(text)
{
	text = text.toLowerCase();
	text = text.replace(new RegExp("a", 'g'), "ALPHA ");
	text = text.replace(new RegExp("b", 'g'), "BRAVO ");
	text = text.replace(new RegExp("c", 'g'), "CHARLIE ");
	text = text.replace(new RegExp("d", 'g'), "DELTA ");
	text = text.replace(new RegExp("e", 'g'), "ECHO ");
	text = text.replace(new RegExp("f", 'g'), "FOX TROT ");
	text = text.replace(new RegExp("g", 'g'), "GOLF ");
	text = text.replace(new RegExp("h", 'g'), "HOTEL ");
	text = text.replace(new RegExp("i", 'g'), "INDIA ");
	text = text.replace(new RegExp("j", 'g'), "JULIET ");
	text = text.replace(new RegExp("k", 'g'), "KILO ");
	text = text.replace(new RegExp("l", 'g'), "LEEMA ");
	text = text.replace(new RegExp("m", 'g'), "MICHAEL ");
	text = text.replace(new RegExp("n", 'g'), "NOVEMBER ");
	text = text.replace(new RegExp("o", 'g'), "OSCAR ");
	text = text.replace(new RegExp("p", 'g'), "PAPA ");
	text = text.replace(new RegExp("q", 'g'), "QUEBEC ");
	text = text.replace(new RegExp("r", 'g'), "ROMEO ");
	text = text.replace(new RegExp("s", 'g'), "SIERRA ");
	text = text.replace(new RegExp("t", 'g'), "TANGO ");
	text = text.replace(new RegExp("u", 'g'), "UNIFORM ");
	text = text.replace(new RegExp("v", 'g'), "VICTOR ");
	text = text.replace(new RegExp("w", 'g'), "WHISKEY ");
	text = text.replace(new RegExp("x", 'g'), "X-RAY ");
	text = text.replace(new RegExp("y", 'g'), "YANKEE ");
	text = text.replace(new RegExp("z", 'g'), "ZOO LOO ");

	text = text.replace(new RegExp("0", 'g'), " 0 ");
	text = text.replace(new RegExp("1", 'g'), " 1 ");
	text = text.replace(new RegExp("2", 'g'), " 2 ");
	text = text.replace(new RegExp("3", 'g'), " 3 ");
	text = text.replace(new RegExp("4", 'g'), " 4 ");
	text = text.replace(new RegExp("5", 'g'), " 5 ");
	text = text.replace(new RegExp("6", 'g'), " 6 ");
	text = text.replace(new RegExp("7", 'g'), " 7 ");
	text = text.replace(new RegExp("8", 'g'), " 8 ");
	text = text.replace(new RegExp("9", 'g'), " 9 ");

	return text;
}
</ScriptText>
    <Description>A script that will take a phrase and/or an elementID and speak it. It also has options for changing the way things are spoken.</Description>
    <Autogenerated>false</Autogenerated>
    <IgnoreScope>false</IgnoreScope>
    <Tags />
    <Version>1.0</Version>
    <Modified>2017-05-06T05:14:15.3746165+08:00</Modified>
    <Parameters>
      <ScriptParameter>
        <VariableName>phrase</VariableName>
        <DefaultValue />
        <DisplayName>Phrase</DisplayName>
        <Description>(Optional) The phrase you want spoken. You can leave this blank if you are only using an element ID.</Description>
        <StringType>true</StringType>
        <Options />
      </ScriptParameter>
      <ScriptParameter>
        <VariableName>elementId</VariableName>
        <DefaultValue />
        <DisplayName>ElementId</DisplayName>
        <Description>(Optional) The ID of the element you want to speak. You can leave this blank if you are only using a static phrase.</Description>
        <StringType>true</StringType>
        <Options />
      </ScriptParameter>
      <ScriptParameter>
        <VariableName>charactersToStrip</VariableName>
        <DefaultValue />
        <DisplayName>Characters To Strip</DisplayName>
        <Description>(Optional) Any characters you want stripped from the text before it is spoken. If you want multiple characters stripped just add them together. I.E. -^%</Description>
        <StringType>true</StringType>
        <Options />
      </ScriptParameter>
      <ScriptParameter>
        <VariableName>mode</VariableName>
        <DefaultValue>sentence</DefaultValue>
        <DisplayName>Mode</DisplayName>
        <Description>Whether or not the given phrase\element should be spoken one character at a time.</Description>
        <StringType>true</StringType>
        <Options>
          <ScriptOption>
            <Value>character</Value>
            <DisplayName>Character</DisplayName>
          </ScriptOption>
          <ScriptOption>
            <Value>sentence</Value>
            <DisplayName>Sentence</DisplayName>
          </ScriptOption>
        </Options>
      </ScriptParameter>
      <ScriptParameter>
        <VariableName>phonetic</VariableName>
        <DefaultValue>false</DefaultValue>
        <DisplayName>Speak Phonetically</DisplayName>
        <Description>Whether or not the phrase/element should be spoken using the US Military phonetic alphabet.</Description>
        <StringType>false</StringType>
        <Options>
          <ScriptOption>
            <Value>true</Value>
            <DisplayName>TRUE</DisplayName>
          </ScriptOption>
          <ScriptOption>
            <Value>false</Value>
            <DisplayName>FALSE</DisplayName>
          </ScriptOption>
        </Options>
      </ScriptParameter>
      <ScriptParameter>
        <VariableName>stripLeadingZeros</VariableName>
        <DefaultValue>false</DefaultValue>
        <DisplayName>Strip Leading Zeros</DisplayName>
        <Description>Whether or not to strip leading zeros before speaking. This is useful for speaking numbers better.</Description>
        <StringType>false</StringType>
        <Options>
          <ScriptOption>
            <Value>true</Value>
            <DisplayName>TRUE</DisplayName>
          </ScriptOption>
          <ScriptOption>
            <Value>false</Value>
            <DisplayName>FALSE</DisplayName>
          </ScriptOption>
        </Options>
      </ScriptParameter>
      <ScriptParameter>
        <VariableName>repeatOnChange</VariableName>
        <DefaultValue>false</DefaultValue>
        <DisplayName>Repeat On Change</DisplayName>
        <Description>If TRUE this element will be spoken again if its value changes. This only works if an Element ID is provided.</Description>
        <StringType>false</StringType>
        <Options>
          <ScriptOption>
            <Value>true</Value>
            <DisplayName>TRUE</DisplayName>
          </ScriptOption>
          <ScriptOption>
            <Value>false</Value>
            <DisplayName>FALSE</DisplayName>
          </ScriptOption>
        </Options>
      </ScriptParameter>
    </Parameters>
    <Scopes>
      <ScriptScope>
        <ScopeIdentifier>@MainMenu</ScopeIdentifier>
        <ParameterValues>
          <string>Velocity Speakeasy Demo测试,,,,请说您的任务</string>
          <string />
          <string />
          <string>sentence</string>
          <string>false</string>
          <string>false</string>
          <string>false</string>
        </ParameterValues>
      </ScriptScope>
      <ScriptScope>
        <ScopeIdentifier>@InputQty</ScopeIdentifier>
        <ParameterValues>
          <string>拣选</string>
          <string>added_636281800372156886</string>
          <string />
          <string>sentence</string>
          <string>false</string>
          <string>false</string>
          <string>false</string>
        </ParameterValues>
      </ScriptScope>
      <ScriptScope>
        <ScopeIdentifier>@ScanTask</ScopeIdentifier>
        <ParameterValues>
          <string>扫描任务号</string>
          <string />
          <string />
          <string>sentence</string>
          <string>false</string>
          <string>false</string>
          <string>false</string>
        </ParameterValues>
      </ScriptScope>
      <ScriptScope>
        <ScopeIdentifier>@Printer</ScopeIdentifier>
        <ParameterValues>
          <string>选择打印机完成作业</string>
          <string />
          <string />
          <string>sentence</string>
          <string>false</string>
          <string>false</string>
          <string>false</string>
        </ParameterValues>
      </ScriptScope>
      <ScriptScope>
        <ScopeIdentifier>@ErrorQtyExceeded</ScopeIdentifier>
        <ParameterValues>
          <string>错误,,,数量超过所需. 请拣选</string>
          <string>added_636311357291420900</string>
          <string />
          <string>sentence</string>
          <string>false</string>
          <string>false</string>
          <string>false</string>
        </ParameterValues>
      </ScriptScope>
      <ScriptScope>
        <ScopeIdentifier>@ShortPick</ScopeIdentifier>
        <ParameterValues>
          <string>是否需要覆盖数量</string>
          <string />
          <string />
          <string>sentence</string>
          <string>false</string>
          <string>false</string>
          <string>false</string>
        </ParameterValues>
      </ScriptScope>
      <ScriptScope>
        <ScopeIdentifier>@ErrorQtyRequired</ScopeIdentifier>
        <ParameterValues>
          <string>错误,,,数量不能为空. 请拣选</string>
          <string>added_636311359360003577</string>
          <string />
          <string>sentence</string>
          <string>false</string>
          <string>false</string>
          <string>false</string>
        </ParameterValues>
      </ScriptScope>
      <ScriptScope>
        <ScopeIdentifier>@StageLoc</ScopeIdentifier>
        <ParameterValues>
          <string>扫描阶段位置</string>
          <string />
          <string />
          <string>sentence</string>
          <string>false</string>
          <string>false</string>
          <string>false</string>
        </ParameterValues>
      </ScriptScope>
      <ScriptScope>
        <ScopeIdentifier>@HoldTask</ScopeIdentifier>
        <ParameterValues>
          <string>是否暂停任务?</string>
          <string />
          <string />
          <string>sentence</string>
          <string>false</string>
          <string>false</string>
          <string>false</string>
        </ParameterValues>
      </ScriptScope>
      <ScriptScope>
        <ScopeIdentifier>@ItemLookup</ScopeIdentifier>
        <ParameterValues>
          <string>扫描物料号</string>
          <string />
          <string />
          <string>sentence</string>
          <string>false</string>
          <string>false</string>
          <string>false</string>
        </ParameterValues>
      </ScriptScope>
      <ScriptScope>
        <ScopeIdentifier>@CycleCount</ScopeIdentifier>
        <ParameterValues>
          <string>扫描物料号</string>
          <string />
          <string />
          <string>sentence</string>
          <string>false</string>
          <string>false</string>
          <string>false</string>
        </ParameterValues>
      </ScriptScope>
      <ScriptScope>
        <ScopeIdentifier>@CountItem</ScopeIdentifier>
        <ParameterValues>
          <string>物料号</string>
          <string />
          <string />
          <string>sentence</string>
          <string>false</string>
          <string>false</string>
          <string>false</string>
        </ParameterValues>
      </ScriptScope>
      <ScriptScope>
        <ScopeIdentifier>@CountItem</ScopeIdentifier>
        <ParameterValues>
          <string />
          <string>added_636281812674270527</string>
          <string>-</string>
          <string>character</string>
          <string>false</string>
          <string>false</string>
          <string>false</string>
        </ParameterValues>
      </ScriptScope>
      <ScriptScope>
        <ScopeIdentifier>@CountItem</ScopeIdentifier>
        <ParameterValues>
          <string>库存数量</string>
          <string>added_636281816006411114</string>
          <string />
          <string>sentence</string>
          <string>false</string>
          <string>false</string>
          <string>false</string>
        </ParameterValues>
      </ScriptScope>
      <ScriptScope>
        <ScopeIdentifier>@CountItem</ScopeIdentifier>
        <ParameterValues>
          <string>可用</string>
          <string />
          <string />
          <string>sentence</string>
          <string>false</string>
          <string>false</string>
          <string>false</string>
        </ParameterValues>
      </ScriptScope>
      <ScriptScope>
        <ScopeIdentifier>@LocList</ScopeIdentifier>
        <ParameterValues>
          <string>基于位置的条目合计</string>
          <string />
          <string />
          <string>sentence</string>
          <string>false</string>
          <string>false</string>
          <string>false</string>
        </ParameterValues>
      </ScriptScope>
      <ScriptScope>
        <ScopeIdentifier>@ItemDetails</ScopeIdentifier>
        <ParameterValues>
          <string>物料号</string>
          <string />
          <string />
          <string>sentence</string>
          <string>false</string>
          <string>false</string>
          <string>false</string>
        </ParameterValues>
      </ScriptScope>
      <ScriptScope>
        <ScopeIdentifier>@ItemDetails</ScopeIdentifier>
        <ParameterValues>
          <string />
          <string>added_636153259258003522</string>
          <string />
          <string>character</string>
          <string>true</string>
          <string>true</string>
          <string>false</string>
        </ParameterValues>
      </ScriptScope>
      <ScriptScope>
        <ScopeIdentifier>@ItemDetails</ScopeIdentifier>
        <ParameterValues>
          <string>库存数量</string>
          <string />
          <string />
          <string>sentence</string>
          <string>false</string>
          <string>false</string>
          <string>false</string>
        </ParameterValues>
      </ScriptScope>
      <ScriptScope>
        <ScopeIdentifier>@ItemDetails</ScopeIdentifier>
        <ParameterValues>
          <string />
          <string>added_636153257463181489</string>
          <string />
          <string>sentence</string>
          <string>false</string>
          <string>true</string>
          <string>false</string>
        </ParameterValues>
      </ScriptScope>
      <ScriptScope>
        <ScopeIdentifier>@CountItem</ScopeIdentifier>
        <ParameterValues>
          <string>请输入实际数量</string>
          <string />
          <string />
          <string>sentence</string>
          <string>false</string>
          <string>false</string>
          <string>false</string>
        </ParameterValues>
      </ScriptScope>
      <ScriptScope>
        <ScopeIdentifier>@Location</ScopeIdentifier>
        <ParameterValues>
          <string>请到位置</string>
          <string />
          <string />
          <string>sentence</string>
          <string>false</string>
          <string>false</string>
          <string>false</string>
        </ParameterValues>
      </ScriptScope>
      <ScriptScope>
        <ScopeIdentifier>@Location</ScopeIdentifier>
        <ParameterValues>
          <string />
          <string>added_636220926995329211</string>
          <string>-</string>
          <string>character</string>
          <string>true</string>
          <string>false</string>
          <string>false</string>
        </ParameterValues>
      </ScriptScope>
    </Scopes>
  </ScriptWithScope>
  <ScriptWithScope>
    <FunctionName>readLastNdigits</FunctionName>
    <DisplayName>Read Last N Digits</DisplayName>
    <ScriptText>var elementText = ModernScreen.getTextById(elementId);

elementText = elementText.substr(elementText.length - numDigits);

var dict = Voice.getGlobalDictionary();
	var properties = Voice.getDefaultProperties();
	Voice.speak("{readmode:character}" + elementText, dict, properties);</ScriptText>
    <Description>Reads the given number of characters from the end of the given element.</Description>
    <Autogenerated>false</Autogenerated>
    <IgnoreScope>false</IgnoreScope>
    <Tags />
    <Modified>2016-11-29T04:50:25.2312561+08:00</Modified>
    <Parameters>
      <ScriptParameter>
        <VariableName>elementId</VariableName>
        <DefaultValue />
        <DisplayName>Element ID</DisplayName>
        <Description>The ID of the element you want read</Description>
        <StringType>true</StringType>
        <Options />
      </ScriptParameter>
      <ScriptParameter>
        <VariableName>numDigits</VariableName>
        <DefaultValue>0</DefaultValue>
        <DisplayName>Number Of Digits</DisplayName>
        <Description>The number of digits you want read from the end of this element</Description>
        <ValidationRegex>^[0-9]+$</ValidationRegex>
        <StringType>false</StringType>
        <Options />
      </ScriptParameter>
    </Parameters>
    <Scopes />
  </ScriptWithScope>
  <ScriptWithScope>
    <FunctionName>ttsDictionary</FunctionName>
    <DisplayName>TTS Dictionary</DisplayName>
    <ScriptText>Logger.debug("Before Array");
Logger.debug("Type of ttsDict: " + typeof ttsDict);
if( typeof ttsDict === "undefined" ) {
    Logger.debug("Creating Dictionary");
    ttsDict = new Array();
}

//Add the entry to the array
ttsDict.push({"key": originalWord.toLowerCase(), "value": replacementWord.toLowerCase()});</ScriptText>
    <Description>This script allows you to specify replacement words to be spoken when using the "Speak" script. For example you can replace "Err" with "Error" to make sure it is spoken correctly. Link this script to the session. Link multiple times to add multiple replacements.</Description>
    <Autogenerated>false</Autogenerated>
    <IgnoreScope>false</IgnoreScope>
    <Tags />
    <Modified>2016-12-02T02:27:10.2092322+08:00</Modified>
    <Parameters>
      <ScriptParameter>
        <VariableName>originalWord</VariableName>
        <DefaultValue />
        <DisplayName>Original Word</DisplayName>
        <Description>The word you want to be replaced.</Description>
        <StringType>true</StringType>
        <Options />
      </ScriptParameter>
      <ScriptParameter>
        <VariableName>replacementWord</VariableName>
        <DefaultValue />
        <DisplayName>Replacement Word</DisplayName>
        <Description>The word you want to replace the Original Word With.</Description>
        <StringType>true</StringType>
        <Options />
      </ScriptParameter>
    </Parameters>
    <Scopes>
      <ScriptScope>
        <ScopeIdentifier>session</ScopeIdentifier>
        <ParameterValues>
          <string>CS</string>
          <string>箱</string>
        </ParameterValues>
      </ScriptScope>
      <ScriptScope>
        <ScopeIdentifier>session</ScopeIdentifier>
        <ParameterValues>
          <string>EA</string>
          <string>个</string>
        </ParameterValues>
      </ScriptScope>
      <ScriptScope>
        <ScopeIdentifier>@CountItem</ScopeIdentifier>
        <ParameterValues>
          <string>w</string>
          <string>和</string>
        </ParameterValues>
      </ScriptScope>
    </Scopes>
  </ScriptWithScope>
  <ScriptWithScope>
    <FunctionName>loadGrammar</FunctionName>
    <DisplayName>Load Grammar</DisplayName>
    <ScriptText>Voice.loadGrammars(grammar);
WLEvent.onExitScope(function () { Voice.unloadGrammars(grammar); });

WLEvent.on("SpeechResult", sendMacro);

function sendMacro( event ) {

	if( event.grammar=== grammar &amp;&amp; event.result !== "" ) {
		
		Device.sendKeys(event.result);
		Device.sendKeys(keyMacro);
		event.eventHandled = true;		

	}

}
</ScriptText>
    <Description>Loads the given grammar for the given scope. Once the given scope is exited the grammar will be unloaded. Note: Do not include the .bnf extension in the name.</Description>
    <Autogenerated>false</Autogenerated>
    <IgnoreScope>false</IgnoreScope>
    <Tags />
    <Modified>2017-01-14T03:08:52.5766464+08:00</Modified>
    <Parameters>
      <ScriptParameter>
        <VariableName>grammar</VariableName>
        <DefaultValue />
        <DisplayName>Grammar</DisplayName>
        <Description>The name of the grammar you want to load. (Do not include ".bnf" extension.)</Description>
        <StringType>true</StringType>
        <Options />
      </ScriptParameter>
      <ScriptParameter>
        <VariableName>keyMacro</VariableName>
        <DefaultValue />
        <DisplayName>Key Macro</DisplayName>
        <Description>(Optional) The key macro you want pressed after the result.</Description>
        <StringType>true</StringType>
        <Options />
      </ScriptParameter>
    </Parameters>
    <Scopes>
      <ScriptScope>
        <ScopeIdentifier>@ErrorQtyExceeded</ScopeIdentifier>
        <ParameterValues>
          <string>2_digits_ready</string>
          <string>{enter}</string>
        </ParameterValues>
      </ScriptScope>
      <ScriptScope>
        <ScopeIdentifier>@ErrorQtyRequired</ScopeIdentifier>
        <ParameterValues>
          <string>2_digits_ready</string>
          <string>{enter}</string>
        </ParameterValues>
      </ScriptScope>
      <ScriptScope>
        <ScopeIdentifier>@CountItem</ScopeIdentifier>
        <ParameterValues>
          <string>2_digits_ready</string>
          <string>{enter}</string>
        </ParameterValues>
      </ScriptScope>
      <ScriptScope>
        <ScopeIdentifier>@InputQty</ScopeIdentifier>
        <ParameterValues>
          <string>2_digits_ready</string>
          <string>{enter}</string>
        </ParameterValues>
      </ScriptScope>
    </Scopes>
  </ScriptWithScope>
</ArrayOfScriptWithScope>