﻿<?xml version="1.0" encoding="utf-8"?>
<screen-template name="T1" match="true" html-id="auto-component-QEma" html-style="font-family:sans-serif;font-size:12pt;font-weight:normal;font-style:normal;text-decoration:none;color:rgba(153,153,151,1);background-color:rgba(255,255,255,1.000);">
  <logo ishide="False" title="Ivanti Velocity " image-name="VelocityIcons_WL_IvantiWhite.png" image-ref="images\8d18c25cfab92ce7ebcd37b9bca6914c.png" html-id="themeBanner" html-style="font-family:sans-serif;font-size:14pt;font-weight:bold;font-style:normal;text-decoration:none;color:rgba(255,255,255,1.000);background-color:rgba(0,127,160,1.000);" />
  <header start-row="1" start-column="1" value="页眉" html-id="auto-component-2c2Y" html-style="font-family:sans-serif;font-size:14pt;font-weight:bold;font-style:normal;text-decoration:none;color:rgba(0,0,0,1.000);background-color:rgba(255,255,255,0.000);" />
  <display-text start-row="1" start-column="1" value="数据标签" html-id="auto-component-hCRS" html-style="font-family:sans-serif;font-size:14pt;font-weight:normal;font-style:normal;text-decoration:none;color:rgba(0,0,0,1.000);background-color:rgba(0,0,0,0);" />
  <display-text start-row="1" start-column="1" copy-value="[2,1:10]" html-id="auto-component-1hnc" html-style="font-family:sans-serif;font-size:12pt;font-weight:bold;font-style:normal;text-decoration:none;color:rgba(0,0,0,1.000);background-color:rgba(0,0,0,0);" />
  <input-field start-row="1" start-column="1" copy-value="[1,1:10]" html-id="auto-component-W287" html-style="font-family:sans-serif;font-size:12pt;font-weight:bold;font-style:normal;text-decoration:none;color:rgba(0,0,0,1.000);background-color:rgba(245,245,245,1.000);" />
  <menu-item start-row="1" start-column="1" label="菜单项目" value="0" html-id="auto-component-rbk-" html-style="font-family:sans-serif;font-size:14pt;font-weight:bold;font-style:normal;text-decoration:none;color:rgba(255,255,255,1.000);background-color:rgba(0,127,160,1.000);" />
  <button start-row="1" start-column="1" value="按钮" html-id="auto-component-Mztl" html-style="font-family:sans-serif;font-size:14pt;font-weight:bold;font-style:normal;text-decoration:none;color:rgba(255,255,255,1.000);background-color:rgba(0,127,160,1.000);" />
  <inline-message start-row="1" start-column="1" title="错误消息" value="这是一条错误消息" type="Error" html-id="auto-component-_m-S" html-style="font-family:sans-serif;font-size:12pt;font-weight:normal;font-style:normal;text-decoration:none;color:rgba(51,51,51,1);background-color:rgba(242,222,222,1)" />
  <inline-message start-row="1" start-column="1" title="警告消息" value="这是一条警告消息" type="Warning" html-id="auto-component-0vf4" html-style="font-family:sans-serif;font-size:12pt;font-weight:normal;font-style:normal;text-decoration:none;color:rgba(51,51,51,1);background-color:rgba(252,248,228,1)" />
  <inline-message start-row="1" start-column="1" title="信息消息" value="这是一条消息消息" type="Information" html-id="auto-component-t-Sm" html-style="font-family:sans-serif;font-size:12pt;font-weight:normal;font-style:normal;text-decoration:none;color:rgba(51,51,51,1);background-color:rgba(217,237,247,1)" />
  <table column-count="2" row-count="2" alt-row-color="#FFF5F5F5" table-width="100" table-column-widths="33,33,34" html-id="auto-component-C_w6" html-style="font-family:sans-serif;font-size:12pt;font-weight:normal;font-style:normal;text-decoration:none;color:rgba(153,153,151,1);background-color:rgba(0,0,0,0);">
    <empty />
    <empty />
    <empty />
    <empty />
  </table>
  <footer html-id="auto-component-G6y3" html-style="background-color:rgba(0,127,160,1.000);">
    <empty />
  </footer>
</screen-template>