﻿<?xml version="1.0" encoding="utf-8"?>
<ArrayOfScriptWithScope xmlns:xsi="http://www.w3.org/2001/XMLSchema-instance" xmlns:xsd="http://www.w3.org/2001/XMLSchema">
  <ScriptWithScope>
    <FunctionName>ErrorSound</FunctionName>
    <DisplayName>Error Sound</DisplayName>
    <ScriptText>{
Device.beep(200,500,50);
}</ScriptText>
    <Description>Plays 3 buzzer sounds to designate an error</Description>
    <Autogenerated>false</Autogenerated>
    <IgnoreScope>false</IgnoreScope>
    <Tags />
    <Version>1.0</Version>
    <Modified>2018-01-16T16:27:38.805217-08:00</Modified>
    <Parameters />
    <Resources />
    <DefaultScope>session</DefaultScope>
    <Scopes>
      <ScriptScope>
        <ScopeIdentifier>@000ErrMainMenuIR</ScopeIdentifier>
        <ParameterValues />
      </ScriptScope>
      <ScriptScope>
        <ScopeIdentifier>@W01ErrWhseMenu</ScopeIdentifier>
        <ParameterValues />
      </ScriptScope>
      <ScriptScope>
        <ScopeIdentifier>@W02ErrOutboundMenu</ScopeIdentifier>
        <ParameterValues />
      </ScriptScope>
      <ScriptScope>
        <ScopeIdentifier>@S01ErrStoreMenu</ScopeIdentifier>
        <ParameterValues />
      </ScriptScope>
      <ScriptScope>
        <ScopeIdentifier>@W03PTTErrScanTask</ScopeIdentifier>
        <ParameterValues />
      </ScriptScope>
      <ScriptScope>
        <ScopeIdentifier>@W04PTTErrScanLoc</ScopeIdentifier>
        <ParameterValues />
      </ScriptScope>
      <ScriptScope>
        <ScopeIdentifier>@W04PTTErrScanLocWL</ScopeIdentifier>
        <ParameterValues />
      </ScriptScope>
      <ScriptScope>
        <ScopeIdentifier>@W06PTTErrPrintTask</ScopeIdentifier>
        <ParameterValues />
      </ScriptScope>
      <ScriptScope>
        <ScopeIdentifier>@W07PTTErrStageLoc</ScopeIdentifier>
        <ParameterValues />
      </ScriptScope>
      <ScriptScope>
        <ScopeIdentifier>@W10PTTErrShortPick</ScopeIdentifier>
        <ParameterValues />
      </ScriptScope>
      <ScriptScope>
        <ScopeIdentifier>@W10PTTErrShortPickQE</ScopeIdentifier>
        <ParameterValues />
      </ScriptScope>
      <ScriptScope>
        <ScopeIdentifier>@W12PBLErrScanLPN</ScopeIdentifier>
        <ParameterValues />
      </ScriptScope>
      <ScriptScope>
        <ScopeIdentifier>@W14PBLErrScanLoc</ScopeIdentifier>
        <ParameterValues />
      </ScriptScope>
      <ScriptScope>
        <ScopeIdentifier>@W14PBLErrScanLocWL</ScopeIdentifier>
        <ParameterValues />
      </ScriptScope>
      <ScriptScope>
        <ScopeIdentifier>@W15PBLErrEnterQty</ScopeIdentifier>
        <ParameterValues />
      </ScriptScope>
      <ScriptScope>
        <ScopeIdentifier>@W15PBLErrEnterQtyQR</ScopeIdentifier>
        <ParameterValues />
      </ScriptScope>
      <ScriptScope>
        <ScopeIdentifier>@W18CycleCntErrLocReq</ScopeIdentifier>
        <ParameterValues />
      </ScriptScope>
      <ScriptScope>
        <ScopeIdentifier>@W19ErrCycleCountQty</ScopeIdentifier>
        <ParameterValues />
      </ScriptScope>
      <ScriptScope>
        <ScopeIdentifier>@W22IEErrScanItemIR</ScopeIdentifier>
        <ParameterValues />
      </ScriptScope>
      <ScriptScope>
        <ScopeIdentifier>@S12ErrStrItemEnquiry</ScopeIdentifier>
        <ParameterValues />
      </ScriptScope>
      <ScriptScope>
        <ScopeIdentifier>@S03ErrReplenishment</ScopeIdentifier>
        <ParameterValues />
      </ScriptScope>
      <ScriptScope>
        <ScopeIdentifier>@S04ErrScanShelfWL</ScopeIdentifier>
        <ParameterValues />
      </ScriptScope>
      <ScriptScope>
        <ScopeIdentifier>@S04ErrScanShelfSR</ScopeIdentifier>
        <ParameterValues />
      </ScriptScope>
      <ScriptScope>
        <ScopeIdentifier>@S05ErrReplshQtyOR</ScopeIdentifier>
        <ParameterValues />
      </ScriptScope>
      <ScriptScope>
        <ScopeIdentifier>@S08ErrItemCount</ScopeIdentifier>
        <ParameterValues />
      </ScriptScope>
      <ScriptScope>
        <ScopeIdentifier>@S09ErrActualItemCnt</ScopeIdentifier>
        <ParameterValues />
      </ScriptScope>
    </Scopes>
  </ScriptWithScope>
  <ScriptWithScope>
    <FunctionName>ConfirmLocation</FunctionName>
    <DisplayName>Confirm Location</DisplayName>
    <ScriptText>
Device.sendKeys( Screen.getText(nRow,nColumn,nLength) + "{enter}" );
//Device.beepPlayFile("LaserWhiplash.wav");
Device.errorBeep(400,50,50);
</ScriptText>
    <Description>Confirm a location without having to scan the location or enter the location on the keyboard

Please NOTE:  The row and column variables are ZERO BASED.  Example Row 4 is (4-1) or 3</Description>
    <Autogenerated>false</Autogenerated>
    <IgnoreScope>false</IgnoreScope>
    <Tags />
    <Version>v1.0</Version>
    <Modified>2018-01-19T10:02:42.0078326-08:00</Modified>
    <Parameters>
      <ScriptParameter>
        <VariableName>nRow</VariableName>
        <DefaultValue />
        <DisplayName>Row</DisplayName>
        <Description>Row of the screen location that is being captured</Description>
        <StringType>false</StringType>
        <Options />
      </ScriptParameter>
      <ScriptParameter>
        <VariableName>nColumn</VariableName>
        <DefaultValue />
        <DisplayName>Column</DisplayName>
        <Description>Column of the screen location that is being captured</Description>
        <StringType>false</StringType>
        <Options />
      </ScriptParameter>
      <ScriptParameter>
        <VariableName>nLength</VariableName>
        <DefaultValue />
        <DisplayName>Length</DisplayName>
        <Description>Length of the screen location that is being captured</Description>
        <StringType>false</StringType>
        <Options />
      </ScriptParameter>
    </Parameters>
    <Resources />
    <DefaultScope>session</DefaultScope>
    <Scopes />
  </ScriptWithScope>
</ArrayOfScriptWithScope>