﻿<?xml version="1.0" encoding="utf-8"?>
<templates version="3" next-auto-number="36">
  <screen-group name="default">
    <screen-template name="global" match="false" html-id="auto-component-VD0w">
      <context-menu />
    </screen-template>
    <screen-template name="ErrorScreens" match="orderMatch('Error')" html-id="auto-component-gnPY">
      <display-text start-row="1" start-column="3" value="Main Menu(v2. 0. 024)" copy-value="[1,3]" html-id="component-0" />
      <menu-item start-row="3" start-column="1" label="Warehouse" value="1{AutoEnter}" html-id="component-1" />
      <menu-item start-row="4" start-column="1" label="Storefront" value="2{AutoEnter}" html-id="component-2" />
      <display-text start-row="8" start-column="1" value="Select" html-id="component-3" />
      <input-field start-row="8" start-column="9" max-length="1" copy-value="[8,9:1]" html-id="input-00070008" />
      <display-text start-row="10" start-column="1" value="Error - Menu Item Required" copy-value="[10,1]" html-id="component-5" />
      <display-text start-row="12" start-column="1" value="[=Exit]" copy-value="[12,1]" html-id="component-6" />
      <context-menu>
        <shortcut-item start-row="12" start-column="2" ishide="False" isglobal="False" key="{F3}" label="Exit]" isvoiceenabled="False" />
      </context-menu>
    </screen-template>
  </screen-group>
</templates>