﻿<?xml version="1.0" encoding="utf-8"?>
<ArrayOfScriptWithScope xmlns:xsi="http://www.w3.org/2001/XMLSchema-instance" xmlns:xsd="http://www.w3.org/2001/XMLSchema">
  <ScriptWithScope>
    <FunctionName>checkForClearScreen</FunctionName>
    <DisplayName>Check For Clear Screen</DisplayName>
    <ScriptText>screenParsed = false;
isMenu = false;

/* Registers for special escape sequence to play warning sound.
 */

function onEsqSeq(sequence) {

	screenParsed = false;
	isMenu = false;
	//View.toast( 'Clear Screen' );
	//return "put a button here";
	
	// Delete every button from the screen
	View.evaluateJavascript("(function(){" +
		"var body = document.getElementsByTagName('body')[0];" +
		"var buttons = document.getElementsByTagName('button');" +
		"do { " +
			"body.removeChild( buttons[0] );" +
		"}while ( buttons.length&gt;0 ); " +
	"})()"
	, "");
	
	return sequence;
}

Network.registerForEscapeSequence( '\x1B[2J', null, false, onEsqSeq );
</ScriptText>
    <Description>Remove all added buttons on a clear screen</Description>
    <Autogenerated>false</Autogenerated>
    <IgnoreScope>false</IgnoreScope>
    <Tags />
    <Version>1.0</Version>
    <Modified>2018-05-01T05:02:30.785417-07:00</Modified>
    <Parameters />
    <Resources />
    <DefaultScope>session</DefaultScope>
    <Scopes>
      <ScriptScope>
        <ScopeIdentifier>session</ScopeIdentifier>
        <ParameterValues />
      </ScriptScope>
    </Scopes>
  </ScriptWithScope>
  <ScriptWithScope>
    <FunctionName>getParsingRules</FunctionName>
    <DisplayName>Get Parsing Rules</DisplayName>
    <ScriptText>

//This is a workaround for the fact that the console does not seem to recognize the Keyboard object
if (typeof Keyboard === "undefined") {
	Keyboard = new Object();
	Keyboard.enable = function( enable ) {
		Logger.debug( "Keyboard Enable set to: " + enable.toString() );
	};
	Keyboard.toggleVisible = function( toggle ) {
		Logger.debug("Toggling Visibility to: " + toggle.toString() );
	};
	Keyboard.changeKeyboard = function( keyboard ) {
		Logger.debug( "Changing Keyboard to: " + keyboard );
	};
}

var systemURules = {

	//-----------------------Display Settings------------------------------
	
	//The last row that elements should be generated from, Note that the system will still search for buttons below this line
	ignoreBelowLine: 20,
	
	//The last column that elements should be generated from, Note that the system will still search for buttons past this column
	ignoreAfterColumn: 80,
	
	removeEmptySpace: false,
	
	//Any characters you want removed from data labels and buttons, must be in the form of a regex
	charsToRemove: /\./g,
	
	//Sets the max length an element can before we creat a new table, this prevents squishing data
	maxLengthBeforeNewTable: 80,
	
	
	//--------------------------Element Settings-------------------------
	
	//Used to determine how to split text into seperate elements
	elementRegex: /((?:[^:]+:)|(?:[^\s]+\s)+|(?:\s|_){80})/g,
	
	
	//-------------Menu Settings-----------------------
	
	//An array of rules for detecting that a screen is a menu screen and how to create the menu items
	menuDetect: [
					{ 
						tittleLine: -1, //The line that should be displayed in the banner title, if set to -1 then no line will be used
						startLine: 6, 		//The beggining line that the keytext could found on
						endLine: 6,		//The ending line that the keytext could found on
						keyTextRegex: /Choice:/, //The regex that must be matched on the given line for this screen to be considered a menu
						regex: [/(\d)\s\s?((?:[a-zA-Z\(\)-]+\s)+)/]  //The regex used to create the menu items. This must return 2 groups, the first group is used to create the macro, the sencond, the label.
					}
				], 
	menuMacro: "{enter}", //The macro you want placed after the parsed menu item value for example {enter}, leave blank if not needed
			
	
	//-----------------Message Screen Settings--------------------
	
	errorScreenRegex: /(Erreur !)/g, //The regex used to identify error screens. This regex can match anywhere on the screen
	errorLine: -1, //The line used for line messages
	errorLineRegex: /Err/, //The regex that must match on the given line to be considered an error
	warningLineRegex: null, //The regex that must match on the given line to be considered a warning
	isMessageRegex: /^(?!\s)^(?!([\w]+:))/, //The regex that must match on the given line to be considered a message
	//messageScreenHandler: null, //A function to handle error messages. Usefull for custom error handling

      messageScreenHandler: function( event ) {
	
		var tittle;
		var message = "";
		for( var i=9; i&lt;14; i++ ) {
			if( !tittle ) {
				tittle = event.getTextAt(i,0,80).match( /(Erreur !)/g  );
			}
			else if(event.getTextAt(i,0,80).match(/(---)|(───)/) )
				break;
			else{
				var m = event.getTextAt(i,0,80).match( /((?:(?:[!@#$%^&amp;*()\-+={}\[\]\\|:;"'&lt;,&gt;\.\?\/`~]\s?|[^\W_]\s?)(:?))+ |(\s|_){80})/ );
				if( m ) message += m[1].trim() + " ";
			}
		}
		
		var table = event.createTable(0, 0, 4, 1);
		
		table.addToCell( event.createImage( 0, 0, "res://velocity/resources/error.png" ), 0, 0 );
		table.addToCell( event.createHeader( 0, 0, message.toString() ), 1, 0 );
		
		var table2 = event.createTable( 0, 0, 1, 1 );
		//TODO: Update to correct ctrl values
		table2.addToCell( event.createButton( 0,0, "Ecran précédent", "{enter}" ), 0, 0 );
		//table2.addToCell( event.createButton( 0,0, "Confirm", "{ctrl-w}" ), 0, 1 );
		event.add( table );
		event.add( table2 );
		
	},

	//---------------Title Settings-------------------------
	
	//This is an array of rulles for identifiying a title. You can create multiple rules if needed
	tittleRegex: [ 
					{ line:0, regex: /\w((?!\?).)*$/ },
					{line: 1, regex: /\s{80}/}
				], 
					
	//---------------Button settings-------------------------
	
	// An array of regexes used to determine what a button is. Any regex in the array can match, this allows you to account for multiple types of buttons. 
	//The regex Must return 2 goups, by default group 1 represents the key macro and group 2 represents the button label.If only 1 group is returned then it will be used for both the macro and label
	buttonRegex: [/((?:CTRL\+(?:\d|#))|(?:F\d\d?)|(?:CTL\+(?:\d|#))|(?:ENT))=([^\s][^C]+)/g], 	
	
	buttonProcessor: function( button ) {
		button.macro = button.macro.replace( "CTL+", "Ctrl-" );
		return button;
	},
	
	
	//If set to true then group 1 from the button regex will become the label and group 2 will be the macro
	reverseButtonGroups: false,						
	
	//Defines extra buttons to be placed on the screen. Is an array of button objects so you can define multiple buttons
	extraButtons: [
					{ regex: /Y\/N/, buttons: [ {label: "Yes", macro: "y"}, {label: "No", macro: "n"} ], showField: false },
					{ regex: /Press &lt;Enter&gt; to Confirm/, buttons: [ {label: "Confirm", macro: "{enter}"} ], showField: false },
					{ regex: /PRN:/, buttons: [ {label: "Printer 1", macro: "p1{enter}"}, {label: "Printer 2", macro: "p2{enter}"} ], showField: false },
					{ regex: /Confirm[^:]/, buttons: [ {label: "Yes", macro: "y{enter}"}, {label: "No", macro: "n{enter}"} ], showField: false }
				],
	
	
	//-------------Label Settings----------------------
	
	//The regex that must match for an element to be considered a label
	labelRegex: /([\w\s#]+:)/, 
	
	
	//---------------------Cursor Settings-------------------------------
	
	//An array of cursor positions that should be ignored (Not create a field). A common example is 0,0, the upper left corner
	ignoreCursorInPositions: [ {row:0,column:0} ], 
	
	//If true, a field will not be added if the cursor is on top of a button
	ignoreCursorIfOnButton: true, 
	
	//---------------------Keyboard Settings--------------------------------
	
	//An array of rules that define which keyboard to display at which time
	contextKeyboards: null
};

var wavelinkModernizationDemoRules = {
	//-----------------------Display Settings------------------------------
	
	//The last row that elements should be generated from, Note that the system will still search for buttons below this line
	ignoreBelowLine: 24,
	
	//The last column that elements should be generated from, Note that the system will still search for buttons past this column
	ignoreAfterColumn: 80,
	
	removeEmptySpace: false,
	
	//Any characters you want removed from data labels and buttons, must be in the form of a regex
	charsToRemove: null,
	
	//Sets the max length an element can before we creat a new table, this prevents squishing data
	maxLengthBeforeNewTable: 80,
	
	
	//--------------------------Element Settings-------------------------
	
	//Used to determine how to split text into seperate elements
	elementRegex: /((?:(?:[!@#$%^&amp;*()\-+={}\[\]\\|:;"'&lt;,&gt;\.\?\/`~]\s?|[^\W_]\s?)(:?))+ |(\s|_){80})/g, 	
	
	
	//-------------Menu Settings-----------------------
	
	//An array of rules for detecting that a screen is a menu screen and how to create the menu items
	menuDetect: [
					{ 
						tittleLine: -1, //The line that should be displayed in the banner title, if set to -1 then no line will be used
						startLine: 0, 		//The beggining line that the keytext could found on
						endLine: 24,		//The ending line that the keytext could found on
						keyTextRegex: /Select/, //The regex that must be matched on the given line for this screen to be considered a menu
						regex: [/^(\d)\.?\s?\s?((?:[a-zA-Z\(\)-]+\s)+)/]  //The regex used to create the menu items. This must return 2 groups, the first group is used to create the macro, the sencond, the label.
					}
				], 
	menuMacro: "", //The macro you want placed after the parsed menu item value for example {enter}, leave blank if not needed
			
	
	//-----------------Message Screen Settings--------------------
	
	errorScreenRegex: /((?:--|──)+(ERROR|WARNING|INFO)(?:--|──)+)/g, //The regex used to identify error screens. This regex can match anywhere on the screen
	errorLine: 9, //The line used for line messages
	errorLineRegex: /Err/, //The regex that must match on the given line to be considered an error
	warningLineRegex: null, //The regex that must match on the given line to be considered a warning
	isMessageRegex: /^(?!\s)^(?!([\w]+:))/, //The regex that must match on the given line to be considered a message
	messageScreenHandler: null, //A function to handle error messages. Usefull for custom error handling


	//---------------Title Settings-------------------------
	
	//This is an array of rulles for identifiying a title. You can create multiple rules if needed
	tittleRegex: [ 
					{ line:0, regex: /\w((?!\?).)*$/ },
					{ line:1, regex: /^\s{3}/} 
				], 
					
	//---------------Button settings-------------------------
	
	// An array of regexes used to determine what a button is. Any regex in the array can match, this allows you to account for multiple types of buttons. 
	//The regex Must return 2 goups, by default group 1 represents the key macro and group 2 represents the button label.If only 1 group is returned then it will be used for both the macro and label
	buttonRegex: [/(\w+)\s?=\s?((?:\w+\s?)+)/g], 	
	
	//If set to true then group 1 from the button regex will become the label and group 2 will be the macro
	reverseButtonGroups: false,						
	
	//Defines extra buttons to be placed on the screen. Is an array of button objects so you can define multiple buttons
	extraButtons: [
					{ regex: /Y\/N/, buttons: [ {label: "Yes", macro: "y"}, {label: "No", macro: "n"} ], showField: false },
					{ regex: /Press &lt;Enter&gt; to Confirm/, buttons: [ {label: "Confirm", macro: "{enter}"} ], showField: false },
					{ regex: /PRN:/, buttons: [ {label: "Printer 1", macro: "p1{enter}"}, {label: "Printer 2", macro: "p2{enter}"} ], showField: false },
					{ regex: /Confirm[^:]/, buttons: [ {label: "Yes", macro: "y{enter}"}, {label: "No", macro: "n{enter}"} ], showField: false }
				],
	
	
	//-------------Label Settings----------------------
	
	//The regex that must match for an element to be considered a label
	labelRegex: /([\w\s#]+:)/, 
	
	
	//---------------------Cursor Settings-------------------------------
	
	//An array of cursor positions that should be ignored (Not create a field). A common example is 0,0, the upper left corner
	ignoreCursorInPositions: [ {row:0,column:0} ], 
	
	//If true, a field will not be added if the cursor is on top of a button
	ignoreCursorIfOnButton: true, 
	
	//---------------------Keyboard Settings--------------------------------
	
	//An array of rules that define which keyboard to display at which time
	contextKeyboards: [ 	
		{ visibility: "hide", keyboard: "Numeric (Portrait)", method: "title", regex: /\(W03\)/ },
		{ visibility: "hide", keyboard: "Locations", method: "title", regex: /\(W04\)/ },
		{ visibility: "hide", keyboard: "Locations", method: "title", regex: /\(W07\)/ },
		{ visibility: "show", keyboard: "Numeric (Portrait)", method: "title", regex: /\(W10\)/ },
		{ visibility: "hide", keyboard: "Shelf", method: "title", regex: /\(W14\)/ },
		{ visibility: "hide", keyboard: "Numeric (Portrait)", method: "title", regex: /\(W12\)/ },
		{ visibility: "show", keyboard: "Numeric (Portrait)", method: "title", regex: /\(W15\)/ },
		{ visibility: "hide", keyboard: "Alpha (Portrait)", method: "title", regex: /\(W18\)/ },
		{ visibility: "show", keyboard: "Numeric (Portrait)", method: "title", regex: /\(W19\)/ },
		{ visibility: "hide", keyboard: "Alpha (Portrait)", method: "title", regex: /\(W22\)/ },
		{ visibility: "hide", keyboard: "Numeric (Portrait)", method: "title", regex: /\(W13\)/ },
		{ visibility: "show", keyboard: "Numeric (Portrait)", method: "title", regex: /\(W05\)/ },
		{ visibility: "show", keyboard: "Numeric (Portrait)", method: "title", regex: /\(W09\)/ },
		{ visibility: "show", keyboard: "Numeric (Portrait)", method: "title", regex: /\(S12\)/ },
		{ visibility: "show", keyboard: "Numeric (Portrait)", method: "title", regex: /\(S03\)/ },
		{ visibility: "show", keyboard: "Shelf", method: "title", regex: /\(S04\)/ },
		{ visibility: "show", keyboard: "Numeric (Portrait)", method: "title", regex: /\(S05\)/ },
		{ visibility: "show", keyboard: "Shelf", method: "title", regex: /\(S08\)/ },
		{ visibility: "show", keyboard: "Numeric (Portrait)", method: "title", regex: /\(S09\)/ }
	]
};

var manhattanISeriesRules = {

	//-----------------------Display Settings------------------------------
	
	//The last row that elements should be generated from, Note that the system will still search for buttons below this line
	ignoreBelowLine: 20,
	
	//The last column that elements should be generated from, Note that the system will still search for buttons past this column
	ignoreAfterColumn: 80,
	
	removeEmptySpace: true,
	
	//Any characters you want removed from data labels and buttons, must be in the form of a regex
	charsToRemove: /_/g,
	
	//Sets the max length an element can before we creat a new table, this prevents squishing data
	maxLengthBeforeNewTable: 80,
	
	
	//--------------------------Element Settings-------------------------
	
	//Used to determine how to split text into seperate elements
	elementRegex: /([^\s:_|+]+(?:\s[^F\s])?)+/g, 	
	
	
	//-------------Menu Settings-----------------------
	
	//An array of rules for detecting that a screen is a menu screen and how to create the menu items
	menuDetect:  [
					{ 
						tittleLine: -1, 
						startLine: 0, 		//The beggining line that the keytext could found on
						endLine: 24,		//The ending line that the keytext could found on
						keyTextRegex: /S=&gt;/g, 
						regex: [/(\d)(?:\.\s\s)((?:\w\s?)+)/g] 
					}
				],
	menuMacro: "{enter}", //The macro you want placed after the parsed menu item value for example {enter}, leave blank if not needed
			
	
	//-----------------Message Screen Settings--------------------
	
	errorScreenRegex: /(?:--|──)+(ERROR|WARNING|INFO)(?:--|──)+/g, //The regex used to identify error screens. This regex can match anywhere on the screen
	errorLine: -1, //The line used for line messages
	errorLineRegex: null, //The regex that must match on the given line to be considered an error
	warningLineRegex: null, //The regex that must match on the given line to be considered a warning
	isMessageRegex: null, //The regex that must match on the given line to be considered a message
	messageScreenHandler: function( event ) {
	
		var tittle;
		var message = "";
		for( var i=0; i&lt;25; i++ ) {
			if( !tittle ) {
				tittle = event.getTextAt(i,0,80).match( /(?:--|──)+(ERROR|WARNING|INFO)(?:--|──)+/g  );
			}
			else if(event.getTextAt(i,0,80).match(/(---)|(───)/) )
				break;
			else{
				var m = event.getTextAt(i,0,80).match( /(?:\||│)\s{0,5}([^|]+)\s{0,5}(?:\||│)/ );
				if( m ) message += m[1].trim() + " ";
			}
		}
		
		var table = event.createTable(0, 0, 3, 1);
		
		if( tittle[1] === "WARNING" )
			table.addToCell( event.createImage( 0, 0, "res://velocity/resources/warning.png" ), 0, 0 );
		else if( tittle[1] === "ERROR" )
			table.addToCell( event.createImage( 0, 0, "res://velocity/resources/error.png" ), 0, 0 );
		table.addToCell( event.createHeader( 0, 0, message.toString() ), 1, 0 );
		
		var table2 = event.createTable( 0, 0, 1, 2 );
		//TODO: Update to correct ctrl values
		table2.addToCell( event.createButton( 0,0, "Back", "{ctrl-x}" ), 0, 0 );
		table2.addToCell( event.createButton( 0,0, "Confirm", "{ctrl-w}" ), 0, 1 );
		event.add( table );
		event.add( table2 );
		
	}, //A function to handle error messages. Usefull for custom error handling



	//---------------Title Settings-------------------------
	
	//This is an array of rulles for identifiying a title. You can create multiple rules if needed
	tittleRegex: [ 
					{ line:0, regex: /^((?![\?:]).)*$/ } 
				 ], 
					
	//---------------Button settings-------------------------
	
	// An array of regexes used to determine what a button is. Any regex in the array can match, this allows you to account for multiple types of buttons. 
	//The regex Must return 2 goups, by default group 1 represents the key macro and group 2 represents the button label.If only 1 group is returned then it will be used for both the macro and label
	buttonRegex: [/(Ctrl-\w)\s([^\s]+\s?[^\sF]+\s?[^\sF]+)/g], 	
	
	//If set to true then group 1 from the button regex will become the label and group 2 will be the macro
	reverseButtonGroups: false,						
	
	//Defines extra buttons to be placed on the screen. Is an array of button objects so you can define multiple buttons
	extraButtons: [], 
	
	
	//-------------Label Settings----------------------
	
	//The regex that must match for an element to be considered a label
	labelRegex: /([\w\s#]+:)/g, 
	
	
	//---------------------Cursor Settings-------------------------------
	
	//An array of cursor positions that should be ignored (Not create a field). A common example is 0,0, the upper left corner
	ignoreCursorInPositions: [ {row:0,column:0} ], 
	
	//If true, a field will not be added if the cursor is on top of a button
	ignoreCursorIfOnButton: true, 
	
	//---------------------Keyboard Settings--------------------------------
	
	//An array of rules that define which keyboard to display at which time
	contextKeyboards: null
};

var manhattanOpenSystemsRules = {

	//-----------------------Display Settings------------------------------
	
	//The last row that elements should be generated from, Note that the system will still search for buttons below this line
	ignoreBelowLine: 24,
	
	//The last column that elements should be generated from, Note that the system will still search for buttons past this column
	ignoreAfterColumn: 80,
	
	removeEmptySpace: false,
	
	//Any characters you want removed from data labels and buttons, must be in the form of a regex
	charsToRemove: /-|_/g,
	
	//Sets the max length an element can before we creat a new table, this prevents squishing data
	maxLengthBeforeNewTable: 80,
	
	
	//--------------------------Element Settings-------------------------
	
	//Used to determine how to split text into seperate elements
	elementRegex: /([^:]+:)|((?:(?:[!@#$%^&amp;*()\-+={}\[\]\\|:;"'&lt;,&gt;\.\?\/`~]\s?|[^\W_]\s?)(:?))+ |(\s|_){80})/g, 	
	
	
	//-------------Menu Settings-----------------------
	
	//An array of rules for detecting that a screen is a menu screen and how to create the menu items
	menuDetect: [
					{ 
						tittleLine: 1, //The line that should be displayed in the banner title, if set to -1 then no line will be used
						startLine: 0, 		//The beggining line that the keytext could found on
						endLine: 24,		//The ending line that the keytext could found on
						keyTextRegex: /Select/, //The regex that must be matched on the given line for this screen to be considered a menu
						regex: [/^(\d)\.?\s?\s?(.+)/]  //The regex used to create the menu items. This must return 2 groups, the first group is used to create the macro, the sencond, the label.
					}
				], 
	menuMacro: "", //The macro you want placed after the parsed menu item value for example {enter}, leave blank if not needed
			
	
	//-----------------Message Screen Settings--------------------
	
	errorScreenRegex: /((?:--|──)+(ERROR\!?|Error\!?|WARNING\!?|Warning\!?|INFO|Info)(?:--|──)+)/g, //The regex used to identify error screens. This regex can match anywhere on the screen
	errorLine: 9, //The line used for line messages
	errorLineRegex: /Err/, //The regex that must match on the given line to be considered an error
	warningLineRegex: null, //The regex that must match on the given line to be considered a warning
	isMessageRegex: /^(?!\s)^(?!([\w]+:))/, //The regex that must match on the given line to be considered a message
	messageScreenHandler: function( event ) {
	
		var tittle;
		var message = "";
		for( var i=0; i&lt;25; i++ ) {
			if( !tittle ) {
				tittle = event.getTextAt(i,0,80).match( /(ERROR\!?|Error\!?|WARNING\!?|Warning\!?|INFO|Info)/g  );
			}
			else if(event.getTextAt(i,0,80).match(/(---)|(───)/) )
				break;
			else{
				var m = event.getTextAt(i,0,80).match( /(?:\||│)\s{0,5}([^|]+)\s{0,5}(?:\||│)/ );
				if( m ) message += m[1].trim() + " ";
			}
		}
		
		var table = event.createTable(0, 0, 3, 1);

		if( tittle[0] === "WARNING" || tittle[0] === "Warning" || tittle[0] === "WARNING!" || tittle[0] === "Warning!")
			table.addToCell( event.createImage( 0, 0, "res://velocity/resources/warning.png" ), 0, 0 );
		else if( tittle[0] === "ERROR" || tittle[0] === "Error" || tittle[0] === "ERROR!" || tittle[0] === "Error!" )
			table.addToCell( event.createImage( 0, 0, "res://velocity/resources/error.png" ), 0, 0 );
			
		table.addToCell( event.createHeader( 0, 0, message.toString() ), 1, 0 );
		
		var table2 = event.createTable( 0, 0, 1, 2 );
		//TODO: Update to correct ctrl values
		table2.addToCell( event.createButton( 0,0, "Back", "{ctrl-x}" ), 0, 0 );
		table2.addToCell( event.createButton( 0,0, "Confirm", "{ctrl-w}" ), 0, 1 );
		event.add( table );
		event.add( table2 );
		
	}, //A function to handle error messages. Usefull for custom error handling


	//---------------Title Settings-------------------------
	
	//This is an array of rulles for identifiying a title. You can create multiple rules if needed
	tittleRegex: [ 
					{ line:0, regex: /^[^:]+$/ }
				], 
					
	//---------------Button settings-------------------------
	
	// An array of regexes used to determine what a button is. Any regex in the array can match, this allows you to account for multiple types of buttons. 
	//The regex Must return 2 goups, by default group 1 represents the key macro and group 2 represents the button label.If only 1 group is returned then it will be used for both the macro and label
	buttonRegex: [/(\w+)\s?=\s?((?:\w+\s?)+)/g], 	
	
	//If set to true then group 1 from the button regex will become the label and group 2 will be the macro
	reverseButtonGroups: false,						
	
	//Defines extra buttons to be placed on the screen. Is an array of button objects so you can define multiple buttons
	extraButtons: [
					{ regex: /Y\/N/, buttons: [ {label: "Yes", macro: "y"}, {label: "No", macro: "n"} ], showField: false },
					{ regex: /Press &lt;Enter&gt; to Confirm/, buttons: [ {label: "Confirm", macro: "{enter}"} ], showField: false },
					{ regex: /PRN:/, buttons: [ {label: "Printer 1", macro: "p1{enter}"}, {label: "Printer 2", macro: "p2{enter}"} ], showField: false },
					{ regex: /Confirm[^:]/, buttons: [ {label: "Yes", macro: "y{enter}"}, {label: "No", macro: "n{enter}"} ], showField: false }
				],
	
	
	//-------------Label Settings----------------------
	
	//The regex that must match for an element to be considered a label
	labelRegex: /((?:[\w\s#]+:)|(?:^[-\s_]+$))/, 
	
	
	//---------------------Cursor Settings-------------------------------
	
	//An array of cursor positions that should be ignored (Not create a field). A common example is 0,0, the upper left corner
	ignoreCursorInPositions: [ {row:0,column:0} ], 
	
	//If true, a field will not be added if the cursor is on top of a button
	ignoreCursorIfOnButton: true, 
	
	//---------------------Keyboard Settings--------------------------------
	
	//An array of rules that define which keyboard to display at which time
	contextKeyboards: [ ]
};

var highJumpRules = {

	//-----------------------Display Settings------------------------------
	
	//The last row that elements should be generated from, Note that the system will still search for buttons below this line
	ignoreBelowLine: 20,
	
	//The last column that elements should be generated from, Note that the system will still search for buttons past this column
	ignoreAfterColumn: 80,
	
	removeEmptySpace: true,
	
	//Any characters you want removed from data labels and buttons, must be in the form of a regex
	charsToRemove: /_\[/g,
	
	//Sets the max length an element can before we creat a new table, this prevents squishing data
	maxLengthBeforeNewTable: 80,
	
	
	//--------------------------Element Settings-------------------------
	
	//Used to determine how to split text into seperate elements
	elementRegex: /([^\s:]+(?:\s[^F\s])?)+/g, 	
	
	
	//-------------Menu Settings-----------------------
	
	//An array of rules for detecting that a screen is a menu screen and how to create the menu items
	menuDetect: [
					{ 
						tittleLine: 0, 
						startLine: 0, 		//The beggining line that the keytext could found on
						endLine: 24,		//The ending line that the keytext could found on
						keyTextRegex: /OPTION/, 
						regex: [/(\d)(?:\s)((?:\w\s?)+)/g] 
					}
				], 
	menuMacro: "{enter}", //The macro you want placed after the parsed menu item value for example {enter}, leave blank if not needed
			
	
	//-----------------Message Screen Settings--------------------
	
	errorScreenRegex: /((?:--|──)+(ERROR|WARNING|INFO)(?:--|──)+)/g, //The regex used to identify error screens. This regex can match anywhere on the screen
	errorLine: -1, //The line used for line messages
	errorLineRegex: null, //The regex that must match on the given line to be considered an error
	warningLineRegex: null, //The regex that must match on the given line to be considered a warning
	isMessageRegex: null, //The regex that must match on the given line to be considered a message
	messageScreenHandler: null, //A function to handle error messages. Usefull for custom error handling


	//---------------Title Settings-------------------------
	
	//This is an array of rulles for identifiying a title. You can create multiple rules if needed
	tittleRegex: [ 
					{ line:0, regex: /.((?!\?).)*$/ }, //Line is the line the title appears on, regex must match for the text on the given line to be considered a title
					{line: 1, regex: /\s{80}/} 
				], 
					
	//---------------Button settings-------------------------
	
	// An array of regexes used to determine what a button is. Any regex in the array can match, this allows you to account for multiple types of buttons. 
	//The regex Must return 2 goups, by default group 1 represents the key macro and group 2 represents the button label.If only 1 group is returned then it will be used for both the macro and label
	buttonRegex: [/((?:F\d{1,2})|(?:ENTER)):((?:\w|&amp;)*\s?(?:[^\WF]|&amp;)*)/g], 	
	
	//If set to true then group 1 from the button regex will become the label and group 2 will be the macro
	reverseButtonGroups: false,						
	
	//Defines extra buttons to be placed on the screen. Is an array of button objects so you can define multiple buttons
	extraButtons: [
					{ regex: /Y or N/, buttons: [ {label: "Yes", macro: "y"}, {label: "No", macro: "n"} ], showField: false }
				], 
	
	
	//-------------Label Settings----------------------
	
	//The regex that must match for an element to be considered a label
	labelRegex: /([\w\s#]+:)/, 
	
	
	//---------------------Cursor Settings-------------------------------
	
	//An array of cursor positions that should be ignored (Not create a field). A common example is 0,0, the upper left corner
	ignoreCursorInPositions: [ {row:0,column:0} ], 
	
	//If true, a field will not be added if the cursor is on top of a button
	ignoreCursorIfOnButton: true, 
	
	//---------------------Keyboard Settings--------------------------------
	
	//An array of rules that define which keyboard to display at which time
	contextKeyboards: null
}

var oracleRules = {

	//-----------------------Display Settings------------------------------
	
	//The last row that elements should be generated from, Note that the system will still search for buttons below this line
	ignoreBelowLine: 20,
	
	//The last column that elements should be generated from, Note that the system will still search for buttons past this column
	ignoreAfterColumn: 80,
	
	removeEmptySpace: true,
	
	//Any characters you want removed from data labels and buttons, must be in the form of a regex
	charsToRemove: /[-:&gt;/\\]/g,
	
	//Sets the max length an element can before we creat a new table, this prevents squishing data
	maxLengthBeforeNewTable: 80,
	
	//--------------------------Element Settings-------------------------
	
	//Used to determine how to split text into seperate elements
	elementRegex: /&lt;((\w)(?:.+))&gt;|([^:]+([:&gt;]))|(\b.+)|[-\s]{80}/g, 	
	
	
	//-------------Menu Settings-----------------------
	
	//An array of rules for detecting that a screen is a menu screen and how to create the menu items
	menuDetect: [
					{ 
						tittleLine: 0, 
						startLine: 0, 		//The beggining line that the keytext could found on
						endLine: 24,		//The ending line that the keytext could found on
						keyTextRegex: /\d\d?&lt;/, 
						regex: [/(\d{1,2})&lt;([\w\s&amp;#]*)/g]
					}
				], 
	menuMacro: "{enter}", //The macro you want placed after the parsed menu item value for example {enter}, leave blank if not needed
			
	
	//-----------------Message Screen Settings--------------------
	
	errorScreenRegex: /(Error|Warning|Info)/g, //The regex used to identify error screens. This regex can match anywhere on the screen
	errorLine: 15, //The line used for line messages
	errorLineRegex: /[^/\\]/, //The regex that must match on the given line to be considered an error
	warningLineRegex: null, //The regex that must match on the given line to be considered a warning
	isMessageRegex: /^[^\.:?/\\]*$+/, //The regex that must match on the given line to be considered a message
	messageScreenHandler: function(event) { 
		//Get message
		var message = "";
		var i = 2;
		var line = event.getTextAt( i, 0, 80 );
		while( line.indexOf("&lt;") != 0 &amp;&amp; i&lt;80 ) {
			Logger.debug("Parsing Message: " + line );
			message = message + line.substring(0,20);
			i++;
			line = event.getTextAt( i, 0, 80 );
		}
		Logger.debug( "Final Message: " + message );
		
		var table = event.createTable(0, 0, 3, 1);
		table.addToCell( event.createImage( 0, 0, "res://velocity/resources/warning.png" ), 0, 0 );
		table.addToCell( event.createHeader( 0, 0, message.toString() ), 1, 0 );
		
		var table2 = event.createTable( 0, 0, 1, 2 );
		table2.addToCell( event.createButton( 0,0, "Yes", "y" ), 0, 0 );
		table2.addToCell( event.createButton( 0,0, "No", "n" ), 0, 1 );
		event.add( table );
		event.add( table2 );
		
	}, //A function to handle error messages. Usefull for custom error handling


	//---------------Title Settings-------------------------
	
	//This is an array of rulles for identifiying a title. You can create multiple rules if needed
	tittleRegex: [ { line:0, regex: /.+/ } ], 
					
	//---------------Button settings-------------------------
	
	// An array of regexes used to determine what a button is. Any regex in the array can match, this allows you to account for multiple types of buttons. 
	//The regex Must return 2 goups, by default group 1 represents the key macro and group 2 represents the button label.If only 1 group is returned then it will be used for both the macro and label
	buttonRegex: [/&lt;((\w).+)&gt;/g], 	
	
	//If set to true then group 1 from the button regex will become the label and group 2 will be the macro
	reverseButtonGroups: true,						
	
	//Defines extra buttons to be placed on the screen. Is an array of button objects so you can define multiple buttons
	extraButtons: [
						{ regex: /y\/n/, buttons: [ {label: "Yes", macro: "y"}, {label: "No", macro: "n"} ], showField: false }
				], 
	
	
	//-------------Label Settings----------------------
	
	//The regex that must match for an element to be considered a label
	labelRegex: /([\w\s]+[:&gt;])/, 
	
	
	//---------------------Cursor Settings-------------------------------
	
	//An array of cursor positions that should be ignored (Not create a field). A common example is 0,0, the upper left corner
	ignoreCursorInPositions: [ 
								{row:0,column:0},
								{row:15,column:20}
							], 
	
	//If true, a field will not be added if the cursor is on top of a button
	ignoreCursorIfOnButton: true, 
	
	//---------------------Keyboard Settings--------------------------------
	
	//An array of rules that define which keyboard to display at which time
	contextKeyboards: null
	
}

var sapRules = {

	//-----------------------Display Settings------------------------------
	
	//The last row that elements should be generated from, Note that the system will still search for buttons below this line
	ignoreBelowLine: 20,
	
	//The last column that elements should be generated from, Note that the system will still search for buttons past this column
	ignoreAfterColumn: 30,
	
	removeEmptySpace: true,
	
	//Any characters you want removed from data labels and buttons, must be in the form of a regex
	charsToRemove: /\*/g,
	
	//Sets the max length an element can before we creat a new table, this prevents squishing data
	maxLengthBeforeNewTable: 80,
	
	
	//--------------------------Element Settings-------------------------
	
	//Used to determine how to split text into seperate elements
	elementRegex: /(?:\[[^\]]+\])|(?:(?:[^\s]+\s?)+)|(?:\s{20})/g, 	
	
	
	//-------------Menu Settings-----------------------
	
	//An array of rules for detecting that a screen is a menu screen and how to create the menu items
	menuDetect: [
					{ 
						tittleLine: -1, 
						startLine: 0, 		//The beggining line that the keytext could found on
						endLine: 24,		//The ending line that the keytext could found on
						keyTextRegex: /Men/, 
						regex: [/\[(?:[\s+]+|)(\d+)\s?([^\]\n\r]+)\]/g]
					}
				], 
	menuMacro: "{enter}", //The macro you want placed after the parsed menu item value for example {enter}, leave blank if not needed
			
	
	//-----------------Message Screen Settings--------------------
	
	errorScreenRegex: /((?:--|──)+(ERROR|WARNING|INFO)(?:--|──)+)/g, //The regex used to identify error screens. This regex can match anywhere on the screen
	errorLine: -1, //The line used for line messages
	errorLineRegex: null, //The regex that must match on the given line to be considered an error
	warningLineRegex: null, //The regex that must match on the given line to be considered a warning
	isMessageRegex: /^(?!\s)^(?!([\w]+:))/, //The regex that must match on the given line to be considered a message
	messageScreenHandler: null, //A function to handle error messages. Usefull for custom error handling


	//---------------Title Settings-------------------------
	
	//This is an array of rulles for identifiying a title. You can create multiple rules if needed
	tittleRegex: null, 
					
	//---------------Button settings-------------------------
	
	// An array of regexes used to determine what a button is. Any regex in the array can match, this allows you to account for multiple types of buttons. 
	//The regex Must return 2 goups, by default group 1 represents the key macro and group 2 represents the button label.If only 1 group is returned then it will be used for both the macro and label
	buttonRegex: [/\[\s?\s?((?:F\d\d?)|(?:[^\d\s][^\d\]]*))\s?\s?([^\][]*)\s?((?:\])|(?=\[|$))/g], 	
	
	//If set to true then group 1 from the button regex will become the label and group 2 will be the macro
	reverseButtonGroups: false,						
	
	//Defines extra buttons to be placed on the screen. Is an array of button objects so you can define multiple buttons
	extraButtons: [
					{ regex: /Y or N/, buttons: [ {label: "Yes", macro: "y"}, {label: "No", macro: "n"} ], showField: false },
					{ regex: /You can:/g, buttons: [ {label: "Continue", macro: "{enter}"}, {label: "Terminate", macro: "{down}{enter}"} ], showField: false },
					{ regex: /Press any key/g, buttons: [ {label: "Continue", macro: "{enter}"} ], showField: false }
				], 
	
	
	//-------------Label Settings----------------------
	
	//The regex that must match for an element to be considered a label
	labelRegex: /^(?!P$)[^\d]+$/, 
	
	
	//---------------------Cursor Settings-------------------------------
	
	//An array of cursor positions that should be ignored (Not create a field). A common example is 0,0, the upper left corner
	ignoreCursorInPositions: [ 
								{row:0,column:0}, 
								{row:1,column:0} 
							], 
	
	//If true, a field will not be added if the cursor is on top of a button
	ignoreCursorIfOnButton: true, 
	
	//---------------------Keyboard Settings--------------------------------
	
	//An array of rules that define which keyboard to display at which time
	contextKeyboards: null
}

var oracleLogfireRules = {

	//-----------------------Display Settings------------------------------
	
	//The last row that elements should be generated from, Note that the system will still search for buttons below this line
	ignoreBelowLine: 24,
	
	//The last column that elements should be generated from, Note that the system will still search for buttons past this column
	ignoreAfterColumn: 80,
	
	removeEmptySpace: false,
	
	//Any characters you want removed from data labels and buttons, must be in the form of a regex
	charsToRemove: null,
	
	//Sets the max length an element can before we creat a new table, this prevents squishing data
	maxLengthBeforeNewTable: 80,
	
	
	//--------------------------Element Settings-------------------------
	
	//Used to determine how to split text into seperate elements
	elementRegex: /(Ctrl-.:.+)|((?:(?:[!@#$%^&amp;*()\-+={}\[\]\\|:;"'&lt;,&gt;\.\?\/`~]\s?|[^\s]\s?):?)+|(\s|_){80})/g, 	
	
	
	//-------------Menu Settings-----------------------
	
	//An array of rules for detecting that a screen is a menu screen and how to create the menu items
	menuDetect: [
					{ 
						tittleLine: -1, 
						startLine: 0, 		//The beggining line that the keytext could found on
						endLine: 24,		//The ending line that the keytext could found on
						keyTextRegex: /=&gt;/, 
						regex: [/(\d)\)\s?(.+)/] 
					}
				], 
	menuMacro: "{enter}", //The macro you want placed after the parsed menu item value for example {enter}, leave blank if not needed
			
	
	//-----------------Message Screen Settings--------------------
	
	errorScreenRegex: /┌─+┐/g, //The regex used to identify error screens. This regex can match anywhere on the screen
	errorLine: -1, //The line used for line messages
	errorLineRegex: /Err/, //The regex that must match on the given line to be considered an error
	warningLineRegex: null, //The regex that must match on the given line to be considered a warning
	isMessageRegex: /^(?!\s)^(?!([\w]+:))/, //The regex that must match on the given line to be considered a message
	messageScreenHandler: function( event ) {
	
		var topFound = false;
		var message = "";
		for( var i=0; i&lt;25; i++ ) {
			if(event.getTextAt(i,0,80).match(/(---)|(───)/) )
				if( !topFound ) topFound = true;
				else break;
			else{
				var m = event.getTextAt(i,0,80).match( /(?:\||│)\s{0,5}(.+)\s{0,5}(?:\||│)/ );
				if( m ) message += m[1].trim() ;
			}
		}
		
		var table = event.createTable(0, 0, 3, 1);
		
		table.addToCell( event.createImage( 0, 0, "res://velocity/resources/error.png" ), 0, 0 );
		table.addToCell( event.createHeader( 0, 0, message.toString() ), 1, 0 );
		
		var table2 = event.createTable( 0, 0, 1, 2 );
		//TODO: Update to correct ctrl values
		table2.addToCell( event.createButton( 0,0, "Go Back", "{Ctrl-W}" ), 0, 0 );
		table2.addToCell( event.createButton( 0,0, "Accept", "{Ctrl-A}" ), 0, 1 );
		event.add( table );
		event.add( table2 );
		
	}, //A function to handle error messages. Usefull for custom error handling


	//---------------Title Settings-------------------------
	
	//This is an array of rulles for identifiying a title. You can create multiple rules if needed
	tittleRegex: [ 
					{ line:0, regex: /^\s{2,10}[^"]*$/ } 
				], 
					
	//---------------Button settings-------------------------
	
	// An array of regexes used to determine what a button is. Any regex in the array can match, this allows you to account for multiple types of buttons. 
	//The regex Must return 2 goups, by default group 1 represents the key macro and group 2 represents the button label.If only 1 group is returned then it will be used for both the macro and label
	buttonRegex: [/(Ctrl..):\s(.+)/g], 	
	
	//If set to true then group 1 from the button regex will become the label and group 2 will be the macro
	reverseButtonGroups: false,						
	
	//Defines extra buttons to be placed on the screen. Is an array of button objects so you can define multiple buttons
	extraButtons: [
					{ regex: /\?/, buttons: [ {label: "Yes", macro: "y{enter}"}, {label: "No", macro: "n{enter}"} ], showField: false }
				], 
	
	
	//-------------Label Settings----------------------
	
	//The regex that must match for an element to be considered a label
	labelRegex: /([\w\s#]+:)/, 
	
	
	//---------------------Cursor Settings-------------------------------
	
	//An array of cursor positions that should be ignored (Not create a field). A common example is 0,0, the upper left corner
	ignoreCursorInPositions: [ {row:0,column:0} ], 
	
	//If true, a field will not be added if the cursor is on top of a button
	ignoreCursorIfOnButton: true, 
	
	//---------------------Keyboard Settings--------------------------------
	
	//An array of rules that define which keyboard to display at which time
	contextKeyboards: null
}

if( ruleName === "WAVELINK MODERNIZATION DEMO" ) return wavelinkModernizationDemoRules;
else if( ruleName === "MANHATTAN iSERIES") return manhattanISeriesRules;
else if( ruleName === "MANHATTAN OPEN SYSTEMS") return manhattanOpenSystemsRules;
else if( ruleName === "HIGHJUMP") return highJumpRules;
else if( ruleName === "ORACLE") return oracleRules;
else if( ruleName === "SAP") return sapRules;
else if( ruleName === "ORACLE LOGFIRE") return oracleLogfireRules;
else if( ruleName === "SYSTEM U") return systemURules;

</ScriptText>
    <Description>.---------------Release Notes---------

1.2 - Re-organized variables so that common vars are grouped together
      - Made buttonRegex an array to account for multiple button types easier
      - Added  maxLengthBeforeNewTable, this can help avoid squishing elements
       - Change menuDetect.line to menuDetect.startLine and menuDetect.endLine, this way you can search a range of lines
         for the menu keytext, make it more versitile.
</Description>
    <Autogenerated>false</Autogenerated>
    <IgnoreScope>false</IgnoreScope>
    <Tags />
    <Modified>2018-03-28T08:15:05.9297118-07:00</Modified>
    <Parameters>
      <ScriptParameter>
        <VariableName>ruleName</VariableName>
        <DefaultValue />
        <DisplayName>Rule Name</DisplayName>
        <Description>.</Description>
        <StringType>true</StringType>
        <Options />
      </ScriptParameter>
    </Parameters>
    <Resources />
    <DefaultScope>session</DefaultScope>
    <Scopes>
      <ScriptScope>
        <ScopeIdentifier>session</ScopeIdentifier>
        <ParameterValues>
          <string />
        </ParameterValues>
      </ScriptScope>
    </Scopes>
  </ScriptWithScope>
  <ScriptWithScope>
    <FunctionName>ErrorBeep</FunctionName>
    <DisplayName>Error Beep</DisplayName>
    <ScriptText>{
Device.errorBeep(400,50,50);
}</ScriptText>
    <Description>Make the device beep when the scope is matched</Description>
    <Autogenerated>false</Autogenerated>
    <IgnoreScope>false</IgnoreScope>
    <Tags />
    <Version>1.0</Version>
    <Modified>2018-02-15T10:28:50.3497009-08:00</Modified>
    <Parameters />
    <Resources />
    <DefaultScope>session</DefaultScope>
    <Scopes>
      <ScriptScope>
        <ScopeIdentifier>@ErrorScreens</ScopeIdentifier>
        <ParameterValues />
      </ScriptScope>
    </Scopes>
  </ScriptWithScope>
  <ScriptWithScope>
    <FunctionName>buttonParser</FunctionName>
    <DisplayName>Button Parser</DisplayName>
    <ScriptText>//Load the rules for the selected wms (**Parsing rules exists in another script "Get Parsing Rules"
var rules = getParsingRules( selectedRules );

//Draw the button on the screen
function drawButton( buttonCaption,  buttonAction, lineNo, screenText ) {

	View.evaluateJavascript("(function(){" +
		"var interval = setInterval(function() {" +
			// Wait until the native mode screen is displayed
	 		"if( document.getElementById( 'nativeMode' ) &amp;&amp; !document.getElementById( '" + buttonCaption +"' ) ) {" +
	 			"clearInterval( interval );" +
				"var button = document.createElement('button');" +
				"button.id = '" + buttonCaption + "';" +
				"button.innerHTML = '" + buttonCaption + "';" +
				"button.style.backgroundColor = '" + btnBackground + "';" +
				"if( button.style.backgroundColor == 'transparent' ) { button.style.color = 'transparent'; button.style.border = 'transparent'; }" +
				"button.style.position = 'absolute';" +
				"button.style.fontFamily = 'monospace';" +
				"button.style.padding = '0px';" +
				"button.style.fontSize = document.getElementById( 'cursor' ).parentElement.style.fontSize;" +
				"button.style.top = " + lineNo + " * document.getElementById( 'cursor' ).offsetHeight;" +
				"button.style.left = " + screenText.indexOf( buttonCaption ) + " * document.getElementById( 'cursor' ).offsetWidth;" +
				
				"var body = document.getElementsByTagName('body')[0];" +
				"body.appendChild(button);" +
	
				"button.addEventListener ( 'click', function() {" +
					"Velocity.buttonAction('" + buttonAction + "');" +
				"});" +
			"}" +			
		"}, 100 );" +
	"})()"
	, ""); 					
}


//Main function that identifies the screen type and then calls the appropriate parser
function parseScreen( event ) {

	var currentLine;
	
	if (screenParsed == false) {
       	screenParsed = true;
              	
		// is this a menu screen
		for( var a=0; a&lt;rules.menuDetect.length; a++) {
			for( var line=rules.menuDetect[a].startLine; line&lt;rules.menuDetect[a].endLine; line++ ){
				if( Screen.getText(line,0).match( rules.menuDetect[a].keyTextRegex )  ) {
					isMenu = true;
					break;
				}
			}
		}
										
		for (var i = 0; i &lt; 25; i ++) {				
			currentLine = Screen.getText(i, 0);
			
			if (isMenu) {			
				var re = rules.menuDetect[0].regex;
									
				for (var n = 0; n &lt; re.length; n++) {
					var result = re[n].exec( currentLine );
					re[n].lastIndex = 0;
				
					if (result) {
						//	buttonCaption,  buttonAction, lineNo, screenText 
						drawButton( result[2].trim(), result[1], i, currentLine );						
  						break;
					}	
				}
			}
			
			if( matchesRegexArray( currentLine, rules.buttonRegex ) ) {						
				for( var x=0; x&lt;rules.buttonRegex.length; x++) {
					if(b = rules.buttonRegex[x].exec(currentLine) ) {
						do  {
							//If only one group is returned then use it for both label and macro
							if( b.length === 2 ) b.push(b[1].trim());
							if( !b[2] ) b[2] = b[1].trim();
						
							if(rules.reverseButtonGroups) {												
								//	buttonCaption,  buttonAction, lineNo, screenText 
								drawButton( b[1], "{" + b[2] + "}", i+1, currentLine );
							}
							else {
								//	buttonCaption,  buttonAction, lineNo, screenText 
								drawButton( b[2], "{" + b[1] + "}", i+1, currentLine );
							}
							
						}while( b = rules.buttonRegex[x].exec(currentLine) );
					}
				}
			}
  		}		
	}
}

function removeChars( text, chars ) {
	if( chars ) return text.replace(chars, "");
	else return text;
}

function matchesRegexArray( text, regexArray ) {
	if( !regexArray ) return false;
	for( var i=0; i&lt; regexArray.length; i++ ) {
		if( text.match(regexArray[i]) ) return true;
	}
	return false;
}


//WLEvent.on("ParseScreen", parseScreen);

WLEvent.on( "ScreenUpdated", parseScreen );</ScriptText>
    <Description>Automatically adds (transparent) buttons on a native mode screen, bases on the parsing rules defined in the Get Parsing Rules script.</Description>
    <Autogenerated>false</Autogenerated>
    <IgnoreScope>false</IgnoreScope>
    <Tags />
    <Version>1.2</Version>
    <Modified>2018-06-06T14:00:24.2091585-07:00</Modified>
    <Parameters>
      <ScriptParameter>
        <VariableName>selectedRules</VariableName>
        <DefaultValue>WAVELINK MODERNIZATION DEMO</DefaultValue>
        <DisplayName>Parsing Rules</DisplayName>
        <Description>The rules you want to use to parse your screens, varies by WMS</Description>
        <StringType>true</StringType>
        <Options>
          <ScriptOption>
            <Value>MANHATTAN iSERIES</Value>
            <DisplayName>MANHATTAN iSERIES</DisplayName>
          </ScriptOption>
          <ScriptOption>
            <Value>MANHATTAN OPEN SYSTEMS</Value>
            <DisplayName>MANHATTAN OPEN SYSTEMS</DisplayName>
          </ScriptOption>
          <ScriptOption>
            <Value>ORACLE</Value>
            <DisplayName>ORACLE</DisplayName>
          </ScriptOption>
          <ScriptOption>
            <Value>SAP</Value>
            <DisplayName>SAP</DisplayName>
          </ScriptOption>
          <ScriptOption>
            <Value>WAVELINK MODERNIZATION DEMO</Value>
            <DisplayName>WAVELINK MODERNIZATION DEMO</DisplayName>
          </ScriptOption>
          <ScriptOption>
            <Value>ORACLE LOGFIRE</Value>
            <DisplayName>ORACLE LOGFIRE</DisplayName>
          </ScriptOption>
          <ScriptOption>
            <Value>JDA</Value>
            <DisplayName>JDA</DisplayName>
          </ScriptOption>
          <ScriptOption>
            <Value>HIGHJUMP</Value>
            <DisplayName>HIGHJUMP</DisplayName>
          </ScriptOption>
          <ScriptOption>
            <Value>SYSTEM U</Value>
            <DisplayName>SYSTEM U</DisplayName>
          </ScriptOption>
        </Options>
      </ScriptParameter>
      <ScriptParameter>
        <VariableName>btnBackground</VariableName>
        <DefaultValue>transparent</DefaultValue>
        <DisplayName>Button Color</DisplayName>
        <Description>Background color of the button. It can be transparent</Description>
        <StringType>true</StringType>
        <Options>
          <ScriptOption>
            <Value>transparent</Value>
            <DisplayName>Transparent</DisplayName>
          </ScriptOption>
          <ScriptOption>
            <Value>#808080</Value>
            <DisplayName>Gray </DisplayName>
          </ScriptOption>
          <ScriptOption>
            <Value>#FF7F50</Value>
            <DisplayName>Coral</DisplayName>
          </ScriptOption>
          <ScriptOption>
            <Value>#FFFFFF</Value>
            <DisplayName>White</DisplayName>
          </ScriptOption>
          <ScriptOption>
            <Value>#87CEFA</Value>
            <DisplayName>Light Sky Blue</DisplayName>
          </ScriptOption>
          <ScriptOption>
            <Value>#FFF09E</Value>
            <DisplayName>SAP Yellow</DisplayName>
          </ScriptOption>
          <ScriptOption>
            <Value>#FF0000</Value>
            <DisplayName>Red</DisplayName>
          </ScriptOption>
          <ScriptOption>
            <Value>#D2B48C</Value>
            <DisplayName>Tan</DisplayName>
          </ScriptOption>
          <ScriptOption>
            <Value>#808000</Value>
            <DisplayName>Olive</DisplayName>
          </ScriptOption>
        </Options>
      </ScriptParameter>
    </Parameters>
    <Resources />
    <DefaultScope>session</DefaultScope>
    <Scopes>
      <ScriptScope>
        <ScopeIdentifier>session</ScopeIdentifier>
        <ParameterValues>
          <string>WAVELINK MODERNIZATION DEMO</string>
          <string>transparent</string>
        </ParameterValues>
      </ScriptScope>
    </Scopes>
  </ScriptWithScope>
</ArrayOfScriptWithScope>