﻿<?xml version="1.0" encoding="utf-8"?>
<HostProfile xmlns:xsi="http://www.w3.org/2001/XMLSchema-instance" xmlns:xsd="http://www.w3.org/2001/XMLSchema">
  <Version>7</Version>
  <Name>{7} - WEB 2.0 Whse Speakeasy</Name>
  <Address>file:///sdcard/com.wavelink.velocity/velocitywebdemo/WMS_Menu.html</Address>
  <Port>23</Port>
  <OnlyUseConnectPro>false</OnlyUseConnectPro>
  <EmulationType>WEB</EmulationType>
  <WebEmulationParameters>
    <EnableAutomaticSIP>false</EnableAutomaticSIP>
    <ClearCache>true</ClearCache>
    <ClearCookies>false</ClearCookies>
    <ConnectTimeout>30</ConnectTimeout>
    <ScannerAutoKeys>NoKey</ScannerAutoKeys>
    <DefaultScannerState>false</DefaultScannerState>
    <TextSize>100</TextSize>
    <DetectNetworkOutofRange>true</DetectNetworkOutofRange>
    <OutofRangeMessage />
    <Override404 />
    <Override500 />
    <NoConnectionOverride />
    <ReceiveTimeout>30</ReceiveTimeout>
    <ScannerPostProcessing>false</ScannerPostProcessing>
  </WebEmulationParameters>
  <SafeMode>true</SafeMode>
  <AutoSwitchToNativeMode>false</AutoSwitchToNativeMode>
  <AllowSwitchModes>true</AllowSwitchModes>
  <CodePage>0</CodePage>
  <DisplayCodePage>0</DisplayCodePage>
  <CarriageReturn>true</CarriageReturn>
  <HardwareBackButtonKey>{back}</HardwareBackButtonKey>
  <KeyboardHeight>40</KeyboardHeight>
  <KeyboardTransparency>0</KeyboardTransparency>
  <HostID>0</HostID>
  <DisablePinchZoom>true</DisablePinchZoom>
  <EnableSessionLogging>false</EnableSessionLogging>
  <LogFileMaxSize>1024</LogFileMaxSize>
  <IsLaunchOnStartup>false</IsLaunchOnStartup>
  <LicenseServerAddress />
  <LicenseServerPort>1820</LicenseServerPort>
  <LicenseServerSiteId>0</LicenseServerSiteId>
  <TelnetNegotiationString />
  <EnableVoice>true</EnableVoice>
  <FixedScreenMode>false</FixedScreenMode>
  <HideToolbar>false</HideToolbar>
  <ToggleKeyboardVisibilityKey />
  <ToggleMenuVisibilityKey />
  <ToggleShortcutMenuVisibilityKey />
  <EnableScreenCapture>false</EnableScreenCapture>
  <EnableWakeLock>false</EnableWakeLock>
  <FieldForwardCommand>{Tab}</FieldForwardCommand>
  <FieldBackCommand />
  <SSH>false</SSH>
  <SSHTunneling>false</SSHTunneling>
  <HostSettings>false</HostSettings>
  <SSHAutoLoginUser />
  <SSHAcceptNewKeys>No</SSHAcceptNewKeys>
  <SSHKnownHost />
  <SSHTunnelAddress />
  <SSHTunnelPort>22</SSHTunnelPort>
  <SSHAlternativeKnownHost />
  <SSL>false</SSL>
  <MenuUpKey />
  <MenuDownKey />
  <AutoLoginUser />
  <AutoLoginUserPrompt />
  <AutoLoginPasswordPrompt />
  <AutoLoginProgram />
  <AutoLoginMenu />
  <AutoLoginLibrary />
  <AutoLoginCommandPrompt />
  <AutoLoginCommand />
  <VTScanTerminator>{TAB}</VTScanTerminator>
  <VTAnswerBack />
  <WorkstationId />
  <RetryWorkstationID>false</RetryWorkstationID>
  <DisablePredictive>false</DisablePredictive>
  <HideCloseSession>false</HideCloseSession>
  <AutoLoginPassword />
  <SSHAutoLoginPassword />
  <ScreenRotation>Dynamic</ScreenRotation>
  <KeyboardVisibility>Show</KeyboardVisibility>
  <ScannerSettinglist />
  <ConnectProlist>
    <ConnectProSetting>
      <Type>None</Type>
      <Address />
      <Port>4430</Port>
      <TerminateConnectproSession>OnSessionExit</TerminateConnectproSession>
      <EnableReconnect>true</EnableReconnect>
      <ReconnectString />
      <UseSslTlsEncryption>false</UseSslTlsEncryption>
      <UseCustomEncryption>false</UseCustomEncryption>
      <EncryptionKey />
    </ConnectProSetting>
  </ConnectProlist>
  <Voice>
    <Language>ENU</Language>
    <VoiceName>Samantha (F)</VoiceName>
    <VoiceRecognitionLanguage>ENU</VoiceRecognitionLanguage>
    <StartingVolume>80</StartingVolume>
    <EnableSTTAudioLogging>false</EnableSTTAudioLogging>
  </Voice>
  <Printing>
    <BaudRate>9600</BaudRate>
    <DataBits>8</DataBits>
    <Parity>none</Parity>
    <StopBits>1</StopBits>
    <FlowControl>none</FlowControl>
  </Printing>
  <PrinterType>None</PrinterType>
  <SourceVersion>0</SourceVersion>
</HostProfile>