﻿<?xml version="1.0" encoding="utf-8"?>
<ArrayOfScriptWithScope xmlns:xsi="http://www.w3.org/2001/XMLSchema-instance" xmlns:xsd="http://www.w3.org/2001/XMLSchema">
  <ScriptWithScope>
    <FunctionName>speak</FunctionName>
    <DisplayName>Speak</DisplayName>
    <ScriptText>
readText();

if( repeatOnChange === true ) {
	//If repeatOnChange we need to register for screen changes and check if the given element has changed value
	var currentElementText = ModernScreen.getTextById(elementId);
	var changeFunc = function(){ onElementChange( elementId, currentElementText ); };
	WLEvent.on( "ScreenUpdated",  changeFunc );
}

function readText() {
	//Lets use the element ID to get a string
	var elementText = ModernScreen.getTextById(elementId);

	if( elementText ) {
		elementText = elementText.toLowerCase();
		//If dictionary items have been added, lets replace the text
		if( typeof ttsDict !== "undefined"  ) {
			Logger.debug("ttsDict: " + JSON.stringify(ttsDict));
			for( var i = 0; i&lt;ttsDict.length; i++ ) {
				elementText = elementText.toLowerCase().replace( new RegExp('\\b' + ttsDict[i]["key"] + '\\b', "g"), ttsDict[i]["value"] );
			}
		}
	}

	//Now lets parse according to the paramaters given

	if( stripLeadingZeros === true) {
		phrase = phrase.replace(/^[0]+/g,"");
	}

	//Cycle through characters to strip and remove them from the strings
	for( var i=0; i&lt; charactersToStrip.length; i++ ) {
		phrase = phrase.replace(new RegExp(charactersToStrip[i], 'g'), "");
		elementText = elementText.replace(new RegExp(charactersToStrip[i], 'g'), "");
	}

	//If phonetic is true then we replace the letters with words form the phonetic alphabet. 
	if( phonetic === true) {
		//phrase = convertToPhonetic(phrase);
		elementText = convertToPhonetic(elementText);
	}

	//Now lets add it all together and speak it
	var completePhrase = "";

	if( mode === "character" &amp;&amp; phonetic === false ) {
		completePhrase += "{readmode:character}";
	}

	if(phrase) completePhrase += phrase;
	if(elementText) completePhrase += " " + elementText;

	var dict = Voice.getGlobalDictionary();
	var properties = Voice.getDefaultProperties();
	Voice.speak(completePhrase, dict, properties);
}

function onElementChange( id, originalElementText ) {

	var newElementText = ModernScreen.getTextById(elementId);
	if( originalElementText !== newElementText ) {
		readText();
		changeFunc = function(){ onElementChange( elementId, newElementText ); };
	}
}

function convertToPhonetic(text)
{
	text = text.toLowerCase();
	text = text.replace(new RegExp("a", 'g'), "ALPHA ");
	text = text.replace(new RegExp("b", 'g'), "BRAVO ");
	text = text.replace(new RegExp("c", 'g'), "CHARLIE ");
	text = text.replace(new RegExp("d", 'g'), "DELTA ");
	text = text.replace(new RegExp("e", 'g'), "ECHO ");
	text = text.replace(new RegExp("f", 'g'), "FOX TROT ");
	text = text.replace(new RegExp("g", 'g'), "GOLF ");
	text = text.replace(new RegExp("h", 'g'), "HOTEL ");
	text = text.replace(new RegExp("i", 'g'), "INDIA ");
	text = text.replace(new RegExp("j", 'g'), "JULIET ");
	text = text.replace(new RegExp("k", 'g'), "KILO ");
	text = text.replace(new RegExp("l", 'g'), "LEEMA ");
	text = text.replace(new RegExp("m", 'g'), "MICHAEL ");
	text = text.replace(new RegExp("n", 'g'), "NOVEMBER ");
	text = text.replace(new RegExp("o", 'g'), "OSCAR ");
	text = text.replace(new RegExp("p", 'g'), "PAPA ");
	text = text.replace(new RegExp("q", 'g'), "QUEBEC ");
	text = text.replace(new RegExp("r", 'g'), "ROMEO ");
	text = text.replace(new RegExp("s", 'g'), "SIERRA ");
	text = text.replace(new RegExp("t", 'g'), "TANGO ");
	text = text.replace(new RegExp("u", 'g'), "UNIFORM ");
	text = text.replace(new RegExp("v", 'g'), "VICTOR ");
	text = text.replace(new RegExp("w", 'g'), "WHISKEY ");
	text = text.replace(new RegExp("x", 'g'), "X-RAY ");
	text = text.replace(new RegExp("y", 'g'), "YANKEE ");
	text = text.replace(new RegExp("z", 'g'), "ZOO LOO ");

	text = text.replace(new RegExp("0", 'g'), " 0 ");
	text = text.replace(new RegExp("1", 'g'), " 1 ");
	text = text.replace(new RegExp("2", 'g'), " 2 ");
	text = text.replace(new RegExp("3", 'g'), " 3 ");
	text = text.replace(new RegExp("4", 'g'), " 4 ");
	text = text.replace(new RegExp("5", 'g'), " 5 ");
	text = text.replace(new RegExp("6", 'g'), " 6 ");
	text = text.replace(new RegExp("7", 'g'), " 7 ");
	text = text.replace(new RegExp("8", 'g'), " 8 ");
	text = text.replace(new RegExp("9", 'g'), " 9 ");

	return text;
}
</ScriptText>
    <Description>A script that will take a phrase and/or an elementID and speak it. It also has options for changing the way things are spoken.</Description>
    <Autogenerated>false</Autogenerated>
    <IgnoreScope>false</IgnoreScope>
    <Tags />
    <Version>1.0</Version>
    <Modified>2017-01-20T12:11:22.3945249-08:00</Modified>
    <Parameters>
      <ScriptParameter>
        <VariableName>phrase</VariableName>
        <DefaultValue />
        <DisplayName>Phrase</DisplayName>
        <Description>(Optional) The phrase you want spoken. You can leave this blank if you are only using an element ID.</Description>
        <StringType>true</StringType>
        <Options />
      </ScriptParameter>
      <ScriptParameter>
        <VariableName>elementId</VariableName>
        <DefaultValue />
        <DisplayName>ElementId</DisplayName>
        <Description>(Optional) The ID of the element you want to speak. You can leave this blank if you are only using a static phrase.</Description>
        <StringType>true</StringType>
        <Options />
      </ScriptParameter>
      <ScriptParameter>
        <VariableName>charactersToStrip</VariableName>
        <DefaultValue />
        <DisplayName>Characters To Strip</DisplayName>
        <Description>(Optional) Any characters you want stripped from the text before it is spoken. If you want multiple characters stripped just add them together. I.E. -^%</Description>
        <StringType>true</StringType>
        <Options />
      </ScriptParameter>
      <ScriptParameter>
        <VariableName>mode</VariableName>
        <DefaultValue>sentence</DefaultValue>
        <DisplayName>Mode</DisplayName>
        <Description>Whether or not the given phrase\element should be spoken one character at a time.</Description>
        <StringType>true</StringType>
        <Options>
          <ScriptOption>
            <Value>character</Value>
            <DisplayName>Character</DisplayName>
          </ScriptOption>
          <ScriptOption>
            <Value>sentence</Value>
            <DisplayName>Sentence</DisplayName>
          </ScriptOption>
        </Options>
      </ScriptParameter>
      <ScriptParameter>
        <VariableName>phonetic</VariableName>
        <DefaultValue>false</DefaultValue>
        <DisplayName>Speak Phonetically</DisplayName>
        <Description>Whether or not the phrase/element should be spoken using the US Military phonetic alphabet.</Description>
        <StringType>false</StringType>
        <Options>
          <ScriptOption>
            <Value>true</Value>
            <DisplayName>TRUE</DisplayName>
          </ScriptOption>
          <ScriptOption>
            <Value>false</Value>
            <DisplayName>FALSE</DisplayName>
          </ScriptOption>
        </Options>
      </ScriptParameter>
      <ScriptParameter>
        <VariableName>stripLeadingZeros</VariableName>
        <DefaultValue>false</DefaultValue>
        <DisplayName>Strip Leading Zeros</DisplayName>
        <Description>Whether or not to strip leading zeros before speaking. This is usefull for speaking numbers better.</Description>
        <StringType>false</StringType>
        <Options>
          <ScriptOption>
            <Value>true</Value>
            <DisplayName>TRUE</DisplayName>
          </ScriptOption>
          <ScriptOption>
            <Value>false</Value>
            <DisplayName>FALSE</DisplayName>
          </ScriptOption>
        </Options>
      </ScriptParameter>
      <ScriptParameter>
        <VariableName>repeatOnChange</VariableName>
        <DefaultValue>false</DefaultValue>
        <DisplayName>Repeat On Change</DisplayName>
        <Description>If TRUE this element will be spoken again if its value changes. This only works if an Element ID is provided.</Description>
        <StringType>false</StringType>
        <Options>
          <ScriptOption>
            <Value>true</Value>
            <DisplayName>TRUE</DisplayName>
          </ScriptOption>
          <ScriptOption>
            <Value>false</Value>
            <DisplayName>FALSE</DisplayName>
          </ScriptOption>
        </Options>
      </ScriptParameter>
    </Parameters>
    <Resources />
    <DefaultScope>session</DefaultScope>
    <Scopes>
      <ScriptScope>
        <ScopeIdentifier>@000MainMenu</ScopeIdentifier>
        <ParameterValues>
          <string>Speakeasy Main Menu</string>
          <string />
          <string />
          <string>sentence</string>
          <string>false</string>
          <string>false</string>
          <string>false</string>
        </ParameterValues>
      </ScriptScope>
      <ScriptScope>
        <ScopeIdentifier>@000ErrMainMenuIR</ScopeIdentifier>
        <ParameterValues>
          <string>Menu Option not recognized,,,Speakeasy Main Menu</string>
          <string />
          <string />
          <string>sentence</string>
          <string>false</string>
          <string>false</string>
          <string>false</string>
        </ParameterValues>
      </ScriptScope>
      <ScriptScope>
        <ScopeIdentifier>@W01WhseMenu</ScopeIdentifier>
        <ParameterValues>
          <string>Warehouse Menu</string>
          <string />
          <string />
          <string>sentence</string>
          <string>false</string>
          <string>false</string>
          <string>false</string>
        </ParameterValues>
      </ScriptScope>
      <ScriptScope>
        <ScopeIdentifier>@W01ErrWhseMenu</ScopeIdentifier>
        <ParameterValues>
          <string>Menu Option not Recognized,,,Warehouse Menu</string>
          <string />
          <string />
          <string>sentence</string>
          <string>false</string>
          <string>false</string>
          <string>false</string>
        </ParameterValues>
      </ScriptScope>
      <ScriptScope>
        <ScopeIdentifier>@W02OutboundMenu</ScopeIdentifier>
        <ParameterValues>
          <string>Outbound Menu</string>
          <string />
          <string />
          <string>sentence</string>
          <string>false</string>
          <string>false</string>
          <string>false</string>
        </ParameterValues>
      </ScriptScope>
      <ScriptScope>
        <ScopeIdentifier>@W02ErrOutboundMenu</ScopeIdentifier>
        <ParameterValues>
          <string>Menu Option not recognized,,,Outbound Menu</string>
          <string />
          <string />
          <string>sentence</string>
          <string>false</string>
          <string>false</string>
          <string>false</string>
        </ParameterValues>
      </ScriptScope>
      <ScriptScope>
        <ScopeIdentifier>@S01StoreMenu</ScopeIdentifier>
        <ParameterValues>
          <string>Storefront Menu</string>
          <string />
          <string />
          <string>sentence</string>
          <string>false</string>
          <string>false</string>
          <string>false</string>
        </ParameterValues>
      </ScriptScope>
      <ScriptScope>
        <ScopeIdentifier>@S01ErrStoreMenu</ScopeIdentifier>
        <ParameterValues>
          <string>Menu option not recognized,,,Storefront Menu</string>
          <string />
          <string />
          <string>sentence</string>
          <string>false</string>
          <string>false</string>
          <string>false</string>
        </ParameterValues>
      </ScriptScope>
      <ScriptScope>
        <ScopeIdentifier>@W03PTTScanTask</ScopeIdentifier>
        <ParameterValues>
          <string>Scan Task</string>
          <string />
          <string />
          <string>sentence</string>
          <string>false</string>
          <string>false</string>
          <string>false</string>
        </ParameterValues>
      </ScriptScope>
      <ScriptScope>
        <ScopeIdentifier>@W03PTTErrScanTask</ScopeIdentifier>
        <ParameterValues>
          <string>Task Number required,,,Scan Task</string>
          <string />
          <string />
          <string>sentence</string>
          <string>false</string>
          <string>false</string>
          <string>false</string>
        </ParameterValues>
      </ScriptScope>
      <ScriptScope>
        <ScopeIdentifier>@W04PTTScanLoc</ScopeIdentifier>
        <ParameterValues>
          <string>Scan Location</string>
          <string>added_636528191443281112</string>
          <string />
          <string>sentence</string>
          <string>true</string>
          <string>false</string>
          <string>true</string>
        </ParameterValues>
      </ScriptScope>
      <ScriptScope>
        <ScopeIdentifier>@W04PTTErrScanLoc</ScopeIdentifier>
        <ParameterValues>
          <string>Location Required,,Scan Location</string>
          <string>added_636528195732956531</string>
          <string />
          <string>sentence</string>
          <string>true</string>
          <string>false</string>
          <string>true</string>
        </ParameterValues>
      </ScriptScope>
      <ScriptScope>
        <ScopeIdentifier>@W04PTTErrScanLocWL</ScopeIdentifier>
        <ParameterValues>
          <string>Wrong Location,,Scan Location</string>
          <string>added_636528196797547016</string>
          <string />
          <string>sentence</string>
          <string>true</string>
          <string>false</string>
          <string>true</string>
        </ParameterValues>
      </ScriptScope>
      <ScriptScope>
        <ScopeIdentifier>@W05PTTEnterQty</ScopeIdentifier>
        <ParameterValues>
          <string>Confirm</string>
          <string>added_636485843038325433</string>
          <string />
          <string>sentence</string>
          <string>false</string>
          <string>false</string>
          <string>false</string>
        </ParameterValues>
      </ScriptScope>
      <ScriptScope>
        <ScopeIdentifier>@W06PTTPrintTask</ScopeIdentifier>
        <ParameterValues>
          <string>Select Printer</string>
          <string />
          <string />
          <string>sentence</string>
          <string>false</string>
          <string>false</string>
          <string>false</string>
        </ParameterValues>
      </ScriptScope>
      <ScriptScope>
        <ScopeIdentifier>@W06PTTErrPrintTask</ScopeIdentifier>
        <ParameterValues>
          <string>Printer Required,,,Select Printer</string>
          <string />
          <string />
          <string>sentence</string>
          <string>false</string>
          <string>false</string>
          <string>false</string>
        </ParameterValues>
      </ScriptScope>
      <ScriptScope>
        <ScopeIdentifier>@W07PTTStageLoc</ScopeIdentifier>
        <ParameterValues>
          <string>Scan Stage Location</string>
          <string />
          <string />
          <string>sentence</string>
          <string>false</string>
          <string>false</string>
          <string>false</string>
        </ParameterValues>
      </ScriptScope>
      <ScriptScope>
        <ScopeIdentifier>@W07PTTErrStageLoc</ScopeIdentifier>
        <ParameterValues>
          <string>Stage Location required,,,Scan Stage Location</string>
          <string />
          <string />
          <string>sentence</string>
          <string>false</string>
          <string>false</string>
          <string>false</string>
        </ParameterValues>
      </ScriptScope>
      <ScriptScope>
        <ScopeIdentifier>@W0809PTTHoldTask</ScopeIdentifier>
        <ParameterValues>
          <string>Hold Task?</string>
          <string />
          <string />
          <string>sentence</string>
          <string>false</string>
          <string>false</string>
          <string>false</string>
        </ParameterValues>
      </ScriptScope>
      <ScriptScope>
        <ScopeIdentifier>@W10PTTShortPick</ScopeIdentifier>
        <ParameterValues>
          <string>Short Quantity</string>
          <string />
          <string />
          <string>sentence</string>
          <string>false</string>
          <string>false</string>
          <string>true</string>
        </ParameterValues>
      </ScriptScope>
      <ScriptScope>
        <ScopeIdentifier>@W10PTTErrShortPick</ScopeIdentifier>
        <ParameterValues>
          <string>Quantity Required,,Say Short Quantity</string>
          <string />
          <string />
          <string>sentence</string>
          <string>false</string>
          <string>false</string>
          <string>true</string>
        </ParameterValues>
      </ScriptScope>
      <ScriptScope>
        <ScopeIdentifier>@W10PTTErrShortPickQE</ScopeIdentifier>
        <ParameterValues>
          <string>Quantity Exceeded,,Say Short Quantity</string>
          <string />
          <string />
          <string>sentence</string>
          <string>false</string>
          <string>false</string>
          <string>true</string>
        </ParameterValues>
      </ScriptScope>
      <ScriptScope>
        <ScopeIdentifier>@W12PBLScanLPN</ScopeIdentifier>
        <ParameterValues>
          <string>Scan L P N</string>
          <string />
          <string />
          <string>sentence</string>
          <string>false</string>
          <string>false</string>
          <string>false</string>
        </ParameterValues>
      </ScriptScope>
      <ScriptScope>
        <ScopeIdentifier>@W12PBLErrScanLPN</ScopeIdentifier>
        <ParameterValues>
          <string>L P N Required,,,Scan L P N</string>
          <string />
          <string />
          <string>sentence</string>
          <string>false</string>
          <string>false</string>
          <string>false</string>
        </ParameterValues>
      </ScriptScope>
      <ScriptScope>
        <ScopeIdentifier>@W14PBLScanLoc</ScopeIdentifier>
        <ParameterValues>
          <string>Scan Shelf</string>
          <string>added_636528389399943233</string>
          <string />
          <string>sentence</string>
          <string>true</string>
          <string>false</string>
          <string>true</string>
        </ParameterValues>
      </ScriptScope>
      <ScriptScope>
        <ScopeIdentifier>@W14PBLErrScanLoc</ScopeIdentifier>
        <ParameterValues>
          <string>Shelf Required,,,Scan Shelf</string>
          <string>added_636528390220717379</string>
          <string />
          <string>sentence</string>
          <string>true</string>
          <string>false</string>
          <string>true</string>
        </ParameterValues>
      </ScriptScope>
      <ScriptScope>
        <ScopeIdentifier>@W14PBLErrScanLocWL</ScopeIdentifier>
        <ParameterValues>
          <string>Wrong Shelf,,,Scan Shelf</string>
          <string>added_636528390525445973</string>
          <string />
          <string>sentence</string>
          <string>true</string>
          <string>false</string>
          <string>true</string>
        </ParameterValues>
      </ScriptScope>
      <ScriptScope>
        <ScopeIdentifier>@W15PBLEnterQty</ScopeIdentifier>
        <ParameterValues>
          <string>Requires</string>
          <string>added_636492027918973725</string>
          <string />
          <string>sentence</string>
          <string>false</string>
          <string>false</string>
          <string>false</string>
        </ParameterValues>
      </ScriptScope>
      <ScriptScope>
        <ScopeIdentifier>@W15PBLErrEnterQty</ScopeIdentifier>
        <ParameterValues>
          <string>Quantity Exceeded,,,requires</string>
          <string>added_636492027918973725</string>
          <string />
          <string>sentence</string>
          <string>false</string>
          <string>false</string>
          <string>false</string>
        </ParameterValues>
      </ScriptScope>
      <ScriptScope>
        <ScopeIdentifier>@W15PBLErrEnterQtyQR</ScopeIdentifier>
        <ParameterValues>
          <string>Quantity Required,,,requires</string>
          <string>added_636492027918973725</string>
          <string />
          <string>sentence</string>
          <string>false</string>
          <string>false</string>
          <string>false</string>
        </ParameterValues>
      </ScriptScope>
      <ScriptScope>
        <ScopeIdentifier>@W16PBLOverrideQty</ScopeIdentifier>
        <ParameterValues>
          <string>Confirm</string>
          <string>added_636486614479227368</string>
          <string />
          <string>sentence</string>
          <string>false</string>
          <string>false</string>
          <string>false</string>
        </ParameterValues>
      </ScriptScope>
      <ScriptScope>
        <ScopeIdentifier>@W18CycleCntLoc</ScopeIdentifier>
        <ParameterValues>
          <string>Scan Location</string>
          <string />
          <string />
          <string>sentence</string>
          <string>false</string>
          <string>false</string>
          <string>false</string>
        </ParameterValues>
      </ScriptScope>
      <ScriptScope>
        <ScopeIdentifier>@W18CycleCntErrLocReq</ScopeIdentifier>
        <ParameterValues>
          <string>Location required,,,scan location</string>
          <string />
          <string />
          <string>sentence</string>
          <string>false</string>
          <string>false</string>
          <string>false</string>
        </ParameterValues>
      </ScriptScope>
      <ScriptScope>
        <ScopeIdentifier>@W19CycleCountQty</ScopeIdentifier>
        <ParameterValues>
          <string>Count Stock of</string>
          <string>added_636530022484980483</string>
          <string />
          <string>sentence</string>
          <string>false</string>
          <string>false</string>
          <string>false</string>
        </ParameterValues>
      </ScriptScope>
      <ScriptScope>
        <ScopeIdentifier>@W19ErrCycleCountQty</ScopeIdentifier>
        <ParameterValues>
          <string>Count Required,,,Count Stock of</string>
          <string>added_636489291745958662</string>
          <string />
          <string>sentence</string>
          <string>false</string>
          <string>false</string>
          <string>false</string>
        </ParameterValues>
      </ScriptScope>
      <ScriptScope>
        <ScopeIdentifier>@W20AcceptShelfQty</ScopeIdentifier>
        <ParameterValues>
          <string>Confirm</string>
          <string>added_636487495857066472</string>
          <string />
          <string>sentence</string>
          <string>false</string>
          <string>false</string>
          <string>false</string>
        </ParameterValues>
      </ScriptScope>
      <ScriptScope>
        <ScopeIdentifier>@W22IEScanItem</ScopeIdentifier>
        <ParameterValues>
          <string>Scan U P C or S K U</string>
          <string />
          <string />
          <string>sentence</string>
          <string>false</string>
          <string>false</string>
          <string>false</string>
        </ParameterValues>
      </ScriptScope>
      <ScriptScope>
        <ScopeIdentifier>@W22IEErrScanItemIR</ScopeIdentifier>
        <ParameterValues>
          <string>Product Scan Required,,,Scan U P C or S K U</string>
          <string />
          <string />
          <string>sentence</string>
          <string>false</string>
          <string>false</string>
          <string>false</string>
        </ParameterValues>
      </ScriptScope>
      <ScriptScope>
        <ScopeIdentifier>@W23ItemDescription</ScopeIdentifier>
        <ParameterValues>
          <string>Product</string>
          <string>added_636488348276967331</string>
          <string />
          <string>sentence</string>
          <string>false</string>
          <string>false</string>
          <string>false</string>
        </ParameterValues>
      </ScriptScope>
      <ScriptScope>
        <ScopeIdentifier>@W24WhseStock</ScopeIdentifier>
        <ParameterValues>
          <string>Warehouse Backstock</string>
          <string />
          <string />
          <string>sentence</string>
          <string>false</string>
          <string>false</string>
          <string>false</string>
        </ParameterValues>
      </ScriptScope>
      <ScriptScope>
        <ScopeIdentifier>@S12StrItemEnquiry</ScopeIdentifier>
        <ParameterValues>
          <string>Scan Item</string>
          <string />
          <string />
          <string>sentence</string>
          <string>false</string>
          <string>false</string>
          <string>false</string>
        </ParameterValues>
      </ScriptScope>
      <ScriptScope>
        <ScopeIdentifier>@S12ErrStrItemEnquiry</ScopeIdentifier>
        <ParameterValues>
          <string>Store Item Required,,,Scan Item</string>
          <string />
          <string />
          <string>sentence</string>
          <string>false</string>
          <string>false</string>
          <string>false</string>
        </ParameterValues>
      </ScriptScope>
      <ScriptScope>
        <ScopeIdentifier>@S13ItemDetails</ScopeIdentifier>
        <ParameterValues>
          <string />
          <string>added_636488439847764304</string>
          <string />
          <string>sentence</string>
          <string>false</string>
          <string>false</string>
          <string>false</string>
        </ParameterValues>
      </ScriptScope>
      <ScriptScope>
        <ScopeIdentifier>@S14StoreStock</ScopeIdentifier>
        <ParameterValues>
          <string>Other Stores</string>
          <string />
          <string />
          <string>sentence</string>
          <string>false</string>
          <string>false</string>
          <string>false</string>
        </ParameterValues>
      </ScriptScope>
      <ScriptScope>
        <ScopeIdentifier>@S03Replenishment</ScopeIdentifier>
        <ParameterValues>
          <string>Scan U P C or S K U</string>
          <string />
          <string />
          <string>sentence</string>
          <string>false</string>
          <string>false</string>
          <string>false</string>
        </ParameterValues>
      </ScriptScope>
      <ScriptScope>
        <ScopeIdentifier>@S03ErrReplenishment</ScopeIdentifier>
        <ParameterValues>
          <string>Scan Required,,,Scan U P C or S K U</string>
          <string />
          <string />
          <string>sentence</string>
          <string>false</string>
          <string>false</string>
          <string>false</string>
        </ParameterValues>
      </ScriptScope>
      <ScriptScope>
        <ScopeIdentifier>@S04ScanShelf</ScopeIdentifier>
        <ParameterValues>
          <string>Scan Shelf</string>
          <string>added_636488555459769309</string>
          <string />
          <string>sentence</string>
          <string>true</string>
          <string>false</string>
          <string>false</string>
        </ParameterValues>
      </ScriptScope>
      <ScriptScope>
        <ScopeIdentifier>@S04ErrScanShelfWL</ScopeIdentifier>
        <ParameterValues>
          <string>Wrong Location,,Scan Shelf</string>
          <string>added_636488555459769309</string>
          <string />
          <string>sentence</string>
          <string>true</string>
          <string>false</string>
          <string>false</string>
        </ParameterValues>
      </ScriptScope>
      <ScriptScope>
        <ScopeIdentifier>@S04ErrScanShelfSR</ScopeIdentifier>
        <ParameterValues>
          <string>Shelf Required,,Scan Shelf</string>
          <string>added_636488555459769309</string>
          <string />
          <string>sentence</string>
          <string>true</string>
          <string>false</string>
          <string>false</string>
        </ParameterValues>
      </ScriptScope>
      <ScriptScope>
        <ScopeIdentifier>@S05ReplshQty</ScopeIdentifier>
        <ParameterValues>
          <string>Replenish Quantity</string>
          <string />
          <string />
          <string>sentence</string>
          <string>false</string>
          <string>false</string>
          <string>false</string>
        </ParameterValues>
      </ScriptScope>
      <ScriptScope>
        <ScopeIdentifier>@S05ErrReplshQtyOR</ScopeIdentifier>
        <ParameterValues>
          <string>Quantity Required,,,Replenish Quantity</string>
          <string />
          <string />
          <string>sentence</string>
          <string>false</string>
          <string>false</string>
          <string>false</string>
        </ParameterValues>
      </ScriptScope>
      <ScriptScope>
        <ScopeIdentifier>@S06ConfirmReplshQty</ScopeIdentifier>
        <ParameterValues>
          <string>Confirm Quantity is</string>
          <string>added_636488571478607667</string>
          <string />
          <string>sentence</string>
          <string>false</string>
          <string>false</string>
          <string>false</string>
        </ParameterValues>
      </ScriptScope>
      <ScriptScope>
        <ScopeIdentifier>@S08ItemCount</ScopeIdentifier>
        <ParameterValues>
          <string>Scan Shelf</string>
          <string />
          <string />
          <string>sentence</string>
          <string>false</string>
          <string>false</string>
          <string>false</string>
        </ParameterValues>
      </ScriptScope>
      <ScriptScope>
        <ScopeIdentifier>@S08ErrItemCount</ScopeIdentifier>
        <ParameterValues>
          <string>Shelf Scan Required,,,Scan Shelf</string>
          <string />
          <string />
          <string>sentence</string>
          <string>false</string>
          <string>false</string>
          <string>false</string>
        </ParameterValues>
      </ScriptScope>
      <ScriptScope>
        <ScopeIdentifier>@S09ActualItemCount</ScopeIdentifier>
        <ParameterValues>
          <string>Count</string>
          <string>added_636488650759821143</string>
          <string />
          <string>sentence</string>
          <string>false</string>
          <string>false</string>
          <string>false</string>
        </ParameterValues>
      </ScriptScope>
      <ScriptScope>
        <ScopeIdentifier>@S09ErrActualItemCnt</ScopeIdentifier>
        <ParameterValues>
          <string>Count Required,,Count</string>
          <string>added_636488650759821143</string>
          <string />
          <string>sentence</string>
          <string>false</string>
          <string>false</string>
          <string>false</string>
        </ParameterValues>
      </ScriptScope>
      <ScriptScope>
        <ScopeIdentifier>@S10AcceptShelfQty</ScopeIdentifier>
        <ParameterValues>
          <string>Confirm</string>
          <string>added_636488658132652590</string>
          <string />
          <string>sentence</string>
          <string>false</string>
          <string>false</string>
          <string>false</string>
        </ParameterValues>
      </ScriptScope>
    </Scopes>
  </ScriptWithScope>
  <ScriptWithScope>
    <FunctionName>loadGrammar</FunctionName>
    <DisplayName>Load Grammar</DisplayName>
    <ScriptText>Voice.loadGrammars(grammar);
WLEvent.onExitScope(function () { Voice.unloadGrammars(grammar); });

WLEvent.on("SpeechResult", sendMacro);

function sendMacro( event ) {

	if( event.grammar=== grammar &amp;&amp; event.result !== "" ) {
		
		Device.sendKeys(event.result);
		Device.sendKeys(keyMacro);
		event.eventHandled = true;		

	}

}
</ScriptText>
    <Description>Loads the given grammar for the given scope. Once the given scope is exited the grammar will be unloaded. Note: Do not include the .bnf extension in the name.</Description>
    <Autogenerated>false</Autogenerated>
    <IgnoreScope>false</IgnoreScope>
    <Tags />
    <Modified>2017-01-13T11:08:52.5766464-08:00</Modified>
    <Parameters>
      <ScriptParameter>
        <VariableName>grammar</VariableName>
        <DefaultValue />
        <DisplayName>Grammar</DisplayName>
        <Description>The name of the grammar you want to load. (Do not include ".bnf" extension.)</Description>
        <StringType>true</StringType>
        <Options />
      </ScriptParameter>
      <ScriptParameter>
        <VariableName>keyMacro</VariableName>
        <DefaultValue />
        <DisplayName>Key Macro</DisplayName>
        <Description>(Optional) The key macro you want pressed after the result.</Description>
        <StringType>true</StringType>
        <Options />
      </ScriptParameter>
    </Parameters>
    <Resources />
    <DefaultScope>session</DefaultScope>
    <Scopes>
      <ScriptScope>
        <ScopeIdentifier>@W10PTTShortPick</ScopeIdentifier>
        <ParameterValues>
          <string>Lib_digits_4_phonetic</string>
          <string>{return}</string>
        </ParameterValues>
      </ScriptScope>
      <ScriptScope>
        <ScopeIdentifier>@W10PTTErrShortPick</ScopeIdentifier>
        <ParameterValues>
          <string>Lib_digits_4_phonetic</string>
          <string>{return}</string>
        </ParameterValues>
      </ScriptScope>
      <ScriptScope>
        <ScopeIdentifier>@W10PTTErrShortPickQE</ScopeIdentifier>
        <ParameterValues>
          <string>Lib_digits_4_phonetic</string>
          <string>{return}</string>
        </ParameterValues>
      </ScriptScope>
      <ScriptScope>
        <ScopeIdentifier>@W15PBLEnterQty</ScopeIdentifier>
        <ParameterValues>
          <string>Lib_digits_4_phonetic</string>
          <string>{return}</string>
        </ParameterValues>
      </ScriptScope>
      <ScriptScope>
        <ScopeIdentifier>@W15PBLErrEnterQtyQR</ScopeIdentifier>
        <ParameterValues>
          <string>Lib_digits_4_phonetic</string>
          <string>{return}</string>
        </ParameterValues>
      </ScriptScope>
      <ScriptScope>
        <ScopeIdentifier>@W15PBLErrEnterQty</ScopeIdentifier>
        <ParameterValues>
          <string>Lib_digits_4_phonetic</string>
          <string>{return}</string>
        </ParameterValues>
      </ScriptScope>
      <ScriptScope>
        <ScopeIdentifier>@W19CycleCountQty</ScopeIdentifier>
        <ParameterValues>
          <string>Lib_digits_4_phonetic</string>
          <string>{return}</string>
        </ParameterValues>
      </ScriptScope>
      <ScriptScope>
        <ScopeIdentifier>@W19ErrCycleCountQty</ScopeIdentifier>
        <ParameterValues>
          <string>Lib_digits_4_phonetic</string>
          <string>{return}</string>
        </ParameterValues>
      </ScriptScope>
      <ScriptScope>
        <ScopeIdentifier>@S05ReplshQty</ScopeIdentifier>
        <ParameterValues>
          <string>Lib_digits_4_phonetic</string>
          <string>{return}</string>
        </ParameterValues>
      </ScriptScope>
      <ScriptScope>
        <ScopeIdentifier>@S05ErrReplshQtyOR</ScopeIdentifier>
        <ParameterValues>
          <string>Lib_digits_4_phonetic</string>
          <string>{return}</string>
        </ParameterValues>
      </ScriptScope>
      <ScriptScope>
        <ScopeIdentifier>@S09ActualItemCount</ScopeIdentifier>
        <ParameterValues>
          <string>Lib_digits_4_phonetic</string>
          <string>{return}</string>
        </ParameterValues>
      </ScriptScope>
      <ScriptScope>
        <ScopeIdentifier>@S09ErrActualItemCnt</ScopeIdentifier>
        <ParameterValues>
          <string>Lib_digits_4_phonetic</string>
          <string>{return}</string>
        </ParameterValues>
      </ScriptScope>
    </Scopes>
  </ScriptWithScope>
  <ScriptWithScope>
    <FunctionName>ConfirmLocation</FunctionName>
    <DisplayName>Confirm Location</DisplayName>
    <ScriptText>
Device.sendKeys( Screen.getText(nRow,nColumn,nLength) + "{enter}" );
//Device.beepPlayFile("laser.mp3");</ScriptText>
    <Description>Confirm a location without having to scan the location or enter the location on the keyboard

Please NOTE:  The row and column variables are ZERO BASED.  Example Row 4 is (4-1) or 3</Description>
    <Autogenerated>false</Autogenerated>
    <IgnoreScope>false</IgnoreScope>
    <Tags />
    <Version>v1.0</Version>
    <Modified>2018-01-19T10:02:42.0078326-08:00</Modified>
    <Parameters>
      <ScriptParameter>
        <VariableName>nRow</VariableName>
        <DefaultValue />
        <DisplayName>Row</DisplayName>
        <Description>Row of the screen location that is being captured</Description>
        <StringType>false</StringType>
        <Options />
      </ScriptParameter>
      <ScriptParameter>
        <VariableName>nColumn</VariableName>
        <DefaultValue />
        <DisplayName>Column</DisplayName>
        <Description>Column of the screen location that is being captured</Description>
        <StringType>false</StringType>
        <Options />
      </ScriptParameter>
      <ScriptParameter>
        <VariableName>nLength</VariableName>
        <DefaultValue />
        <DisplayName>Length</DisplayName>
        <Description>Length of the screen location that is being captured</Description>
        <StringType>false</StringType>
        <Options />
      </ScriptParameter>
    </Parameters>
    <Resources />
    <DefaultScope>session</DefaultScope>
    <Scopes />
  </ScriptWithScope>
  <ScriptWithScope>
    <FunctionName>ttsDictionary</FunctionName>
    <DisplayName>TTS Dictionary</DisplayName>
    <ScriptText>Logger.debug("Before Array");
Logger.debug("Type of ttsDict: " + typeof ttsDict);
if( typeof ttsDict === "undefined" ) {
    Logger.debug("Creating Dictionary");
    ttsDict = new Array();
}

//Add the entry to the array
ttsDict.push({"key": originalWord.toLowerCase(), "value": replacementWord.toLowerCase()});</ScriptText>
    <Description>This script allows you to specify replacement words to be spoken when using the "Speak" script. For example you can replace "Err" with "Error" to make sure it is spoken correctly. Link this script to the session. Link multiple times to add multiple replacements.</Description>
    <Autogenerated>false</Autogenerated>
    <IgnoreScope>false</IgnoreScope>
    <Tags />
    <Modified>2016-12-01T10:27:10.2092322-08:00</Modified>
    <Parameters>
      <ScriptParameter>
        <VariableName>originalWord</VariableName>
        <DefaultValue />
        <DisplayName>Original Word</DisplayName>
        <Description>The word you want to be replaced.</Description>
        <StringType>true</StringType>
        <Options />
      </ScriptParameter>
      <ScriptParameter>
        <VariableName>replacementWord</VariableName>
        <DefaultValue />
        <DisplayName>Replacement Word</DisplayName>
        <Description>The word you want to replace the Original Word With.</Description>
        <StringType>true</StringType>
        <Options />
      </ScriptParameter>
    </Parameters>
    <Resources />
    <DefaultScope>session</DefaultScope>
    <Scopes>
      <ScriptScope>
        <ScopeIdentifier>session</ScopeIdentifier>
        <ParameterValues>
          <string>EA</string>
          <string>Each</string>
        </ParameterValues>
      </ScriptScope>
      <ScriptScope>
        <ScopeIdentifier>session</ScopeIdentifier>
        <ParameterValues>
          <string>CS</string>
          <string>Cases</string>
        </ParameterValues>
      </ScriptScope>
      <ScriptScope>
        <ScopeIdentifier>session</ScopeIdentifier>
        <ParameterValues>
          <string>mg</string>
          <string>milligram</string>
        </ParameterValues>
      </ScriptScope>
    </Scopes>
  </ScriptWithScope>
</ArrayOfScriptWithScope>