﻿<?xml version="1.0" encoding="utf-8"?>
<templates version="3" next-auto-number="9">
  <screen-group name="default">
    <screen-template name="T1" match="orderMatch('Wavelink ','Demo Server')" html-id="auto-component-3iTy">
      <logo ishide="True" title="Banner" html-id="themeBanner" html-style="text-align:left;font-family:sans-serif;font-size:20pt;font-weight:normal;font-style:normal;text-decoration:none;color:rgba(60,136,200,1);background-color:rgba(66,66,66,1);" />
      <context-menu>
        <shortcut-item start-row="1" start-column="1" ishide="False" isglobal="False" key="{script:var props = &quot;Ip=&quot; + Network.getWifiIPAddress() + &quot; , MAC=&quot; + Network.getWifiMACAddress() + &quot; , Serial=&quot; + Device.getSerial();Prompt.prompt( &quot;Device Properties&quot;, props , &quot;&quot;, &quot;&quot;, &quot;&quot;);}" label="Device Properties" isvoiceenabled="False" />
      </context-menu>
    </screen-template>
  </screen-group>
</templates>