﻿<?xml version="1.0" encoding="utf-8"?>
<ArrayOfScriptWithScope xmlns:xsi="http://www.w3.org/2001/XMLSchema-instance" xmlns:xsd="http://www.w3.org/2001/XMLSchema">
  <ScriptWithScope>
    <FunctionName>addTextReplace</FunctionName>
    <DisplayName>Add Text Replace</DisplayName>
    <ScriptText>
if (typeof textReplace === "undefined")
	textReplace = [];

var item = { orig: originalText, replace: replacementText };
textReplace.push(item);</ScriptText>
    <Description>This script will tke the given but of text and replace it with the given replacement when creating the modern screens</Description>
    <Autogenerated>false</Autogenerated>
    <IgnoreScope>false</IgnoreScope>
    <Tags />
    <Modified>2018-01-04T15:19:18.8871778-08:00</Modified>
    <Parameters>
      <ScriptParameter>
        <VariableName>originalText</VariableName>
        <DefaultValue />
        <DisplayName>Original Text</DisplayName>
        <Description>The text you want to replace</Description>
        <StringType>true</StringType>
        <Options />
      </ScriptParameter>
      <ScriptParameter>
        <VariableName>replacementText</VariableName>
        <DefaultValue />
        <DisplayName>Repalcement Text</DisplayName>
        <Description>The text you want to replace the original text</Description>
        <StringType>true</StringType>
        <Options />
      </ScriptParameter>
    </Parameters>
    <Resources />
    <DefaultScope>session</DefaultScope>
    <Scopes />
  </ScriptWithScope>
  <ScriptWithScope>
    <FunctionName>addGlobalShortcut</FunctionName>
    <DisplayName>Add Global Shortcut</DisplayName>
    <ScriptText>
if (typeof globalButtons === "undefined")
	globalButtons = [];

if (typeof globalContextMenuItems === "undefined")
	globalContextMenuItems = [];

var item = { label: label, macro: macro };
if( type === "contextMenu" || type === "both" )
	globalContextMenuItems.push( item );

if( type === "button" || type === "both" )
	globalButtons.push( item );</ScriptText>
    <Description>This script allows you to add a global button or context menu item to the session. Buttons will be placed in a footer at the bottom of each screen, context menu items will be placed in the context menu.</Description>
    <Autogenerated>false</Autogenerated>
    <IgnoreScope>false</IgnoreScope>
    <Tags />
    <Modified>2017-12-15T22:39:06.8195441-08:00</Modified>
    <Parameters>
      <ScriptParameter>
        <VariableName>label</VariableName>
        <DefaultValue />
        <DisplayName>Label</DisplayName>
        <Description>The text you want placed on the button or context menu item.</Description>
        <StringType>true</StringType>
        <Options />
      </ScriptParameter>
      <ScriptParameter>
        <VariableName>macro</VariableName>
        <DefaultValue />
        <DisplayName>Macro</DisplayName>
        <Description>The macro you want executed when the item is pressed.</Description>
        <StringType>true</StringType>
        <Options />
      </ScriptParameter>
      <ScriptParameter>
        <VariableName>type</VariableName>
        <DefaultValue>contextMenu</DefaultValue>
        <DisplayName>Type</DisplayName>
        <Description>Whether you want this to be a button, context menu or both.</Description>
        <StringType>true</StringType>
        <Options>
          <ScriptOption>
            <Value>contextMenu</Value>
            <DisplayName>Context Menu</DisplayName>
          </ScriptOption>
          <ScriptOption>
            <Value>button</Value>
            <DisplayName>Button</DisplayName>
          </ScriptOption>
          <ScriptOption>
            <Value>both</Value>
            <DisplayName>Both</DisplayName>
          </ScriptOption>
        </Options>
      </ScriptParameter>
    </Parameters>
    <Resources />
    <DefaultScope>session</DefaultScope>
    <Scopes />
  </ScriptWithScope>
  <ScriptWithScope>
    <FunctionName>screenParser</FunctionName>
    <DisplayName>Screen Parser</DisplayName>
    <ScriptText>//Load the rules for the selected wms (**Parsing rules exists in another script "Get Parsing Rules"
var rules = getParsingRules( selectedRules );

//We are taking over predictive completely so lets shut it off
ModernScreen.disablePredictive("All");

//textReplace is a global array, lets make sure it exists before we try and reference it
if (typeof textReplace === "undefined")
	textReplace = [];

//Holds buttons to be placed in the footer or context menu until we are ready to process them
var shortcuts;

//Main function that identifies the screen type and then calls the appropriate parser
function parseScreen( event ) {
	
	startTime("Total Time");
	shortcuts = new Array();

	startTime("DetectingMessageScreen");
	//Is this a mesage screen
	for( var i=0; i&lt; 25; i++ ) {
		var lineText = event.getTextAt( i, 0, 80 );
		if(	rules.errorScreenRegex.exec( lineText )  ) {
			if(rules.messageScreenHandler)
				rules.messageScreenHandler( event );
			parseGlobalShortcuts(event);
			return;
		}
	}
	endTime("DetectingMessageScreen");
	
	startTime("DetectingMenu");
	//Is this a menu
	var isMenu = false;
	for( var i=0; i&lt;rules.menuDetect.length; i++) {
		if( event.getTextAt(rules.menuDetect[i].line,0,80).match( rules.menuDetect[i].keyTextRegex )  ) {
			parseMenu( event, rules.menuDetect[i] );
			isMenu = true;
		}
	}
	endTime("DetectingMenu");
	
	if( !isMenu )
		parseNonMenu( event );
	
	//Parse any global shortcuts added by script "Add Global Shortcut"
	startTime( "ParseGlobalShortcuts" );
	parseGlobalShortcuts( event );
	endTime( "ParseGlobalShortcuts" );
	
	//Generate shortcuts saved in shortcuts
	startTime( "Creating shortcuts" );
	if( shortcuts.length &gt; 0 ) {
	
		//Cleanup results without seperate label
		for( var i=0; i&lt; shortcuts.length; i++ ) {
			if( !shortcuts[i].label || shortcuts[i].label.trim() === "" )
				shortcuts[i].label = shortcuts[i].macro.replace("{", "").replace("}", "");
		}
		
		//Do our replacements
		if( rules.buttonProcessor ) {
			for( var i=0; i&lt; shortcuts.length; i++ ) 
				shortcuts[i] = rules.buttonProcessor(shortcuts[i]);
		}
			
		
		if( shortcutLocation === "footer" || shortcutLocation === "both" ) {
			footer = event.createFooter( 0, 0 );
			var span = event.createSpanGroup();
			for( var i=0; i&lt; shortcuts.length; i++ ) 
				span.add( event.createButton( 0,0,shortcuts[i].label, shortcuts[i].macro ) );
			footer.add( span );
			event.add( footer );
		}
		if( shortcutLocation === "contextMenu" || shortcutLocation === "both" ) {
			for( var i=0; i&lt; shortcuts.length; i++ ) 
				event.add( event.createShortcut( 0,0,shortcuts[i].label, shortcuts[i].macro ) );
		}
	}
	endTime( "Creating shortcuts" );
	endTime("Total Time");
}

//Add any global shortcuts added by script "Add Global Shortcut"
function parseGlobalShortcuts( event ) {

	if (typeof globalButtons === "undefined")
		globalButtons = [];

	if (typeof globalContextMenuItems === "undefined")
		globalContextMenuItems = [];

	if( globalButtons.length &gt; 0 ) {
		
		for( var i=0; i&lt; globalButtons.length; i++ ) {
			shortcuts.push( globalButtons[i] );			
		}
	}
}

function parseMenu( eventObject, menuDetect ) {
	
	//Disable Keyboard
	Keyboard.enable( false );
	keyboardEnabled = false;
	var re = menuDetect.regex;
	
	//Is there a tittle to display in the banner
	if( menuDetect.tittleLine &gt; -1 ) {
		eventObject.add( eventObject.createBanner( eventObject.getTextAt( menuDetect.tittleLine,0,rules.ignoreAfterColumn ).trim(), "res://velocity/resources/" + bannerImage ));  
		eventObject.markScreen(0,0,80);
	}

	for (var i = 0; i &lt; 25; i ++) {
		var currentLine = eventObject.getTextAt(i, 0);
		//Logger.debug( currentLine );
		for (var n = 0; n &lt; re.length; n++) {
			var result = re[n].exec( currentLine );
			re[n].lastIndex = 0;
			//Logger.debug( JSON.stringify( result ) );
			if (result) {
  				var value = result[1];
  				var label = result[2];

  				var menuItem = eventObject.createMenuItem(i, 0, label, value + rules.menuMacro);
  				eventObject.add(menuItem);
			
  				eventObject.markScreen(i, result.index, result[0].length);
  				break;
			}	
		}
		if( (b = rules.buttonRegex.exec(currentLine) ) ) {
				do  {
					//If only one group is returned then use it for both label and macro
					//Logger.debug( JSON.stringify(b) );
					if( b.length === 2 ) b.push(b[1].trim());
					if( !b[2] ) b[2] = b[1].trim();
					//Logger.debug( JSON.stringify(b) );
					if(rules.reverseButtonGroups) {
						shortcuts.push( {label: removeChars( b[1], rules.charsToRemove ), macro:"{" + b[2] + "}" } );
						//Logger.debug( "Adding Footer Button: " + removeChars( b[1], rules.charsToRemove ) );
					}
					else {
						shortcuts.push( {label: removeChars( b[2], rules.charsToRemove ), macro: "{" + b[1] + "}" } );
						//Logger.debug( "Adding Footer Button: " + removeChars( b[2], rules.charsToRemove ) );
					}
				}while( b = rules.buttonRegex.exec(currentLine) );
		}
  	}
	//Mark the line the cursor is on
	eventObject.markScreen( eventObject.getCursorPosition().row, 0, 80 );
}

function parseNonMenu( event ) {

	//Enable Keyboard
	Keyboard.enable( true );

	startTime("ParsingLines");
	//Parse all the content and break it out into seperate elements	
	var lineResults = [];
	for( var i=0; i&lt;25; i++ ) {
		var matches = [];

		while ((match = rules.elementRegex.exec( event.getTextAt( i, 0, rules.ignoreAfterColumn ) )) !== null) {
				match[0] = match[0].trim();
  				matches.push(match);
		}
		lineResults.push(matches);
	}
	endTime("ParsingLines");
	
	startTime("ParsingElements");
	var elements = [];
	var title = "";

	//Lets convert the data into the appropriate elements
	var ignoreCursor = false;
	for( var x=0; x&lt;lineResults.length; x++ ) {

		for( var y=0; y&lt;lineResults[x].length; y++ ) {
			
			var elementData = lineResults[x][y];
			var l, b;
			
			var isTittle = true;
			if( rules.tittleRegex &amp;&amp; x === rules.tittleRegex[0].line ) {
				for( var i=0; i&lt;rules.tittleRegex.length; i++ ) {
					if( !rules.tittleRegex[i].regex.exec( event.getTextAt( i, 0, 80 ) ) ) { 
						isTittle = false;
						break;
					}
				}
				if( isTittle ) {
					title = removeChars( event.getTextAt( x, 0, 80 ).trim(), rules.charsToRemove );
					event.add( event.createBanner(title, "res://velocity/resources/" + bannerImage ) ) ;
					continue;
				}
			}
			
			if( rules.removeEmptySpace &amp;&amp; !elementData[0] &amp;&amp; lineResults[x].length &gt; 1) {
				//If set removeEmptySpace, dont add empty elements. We still add empty lines though
				continue;	
			}
			//Is this a message?
			else if( x === rules.errorLine  &amp;&amp; lineResults[x].length === 1 &amp;&amp; rules.isMessageRegex &amp;&amp; rules.isMessageRegex.exec( event.getTextAt( x, 0, 80 ) ) ) {
				var messageLine = removeChars( elementData[0], rules.charsToRemove ) ;
				
				if( messageLine === "" ) continue;
				else if( rules.errorLineRegex &amp;&amp; rules.errorLineRegex.exec(elementData[0]) ) {
					l =  event.createErrorMessage( x, y, "", messageLine) ;
					l.type = "error";
					//Logger.debug("Error at: " + x.toString() + ":" + y.toString() );
				}
				else if( rules.warningLineRegex &amp;&amp; rules.warningLineRegex.exec(elementData[0]) ) {
					l =  event.createWarningMessage( x, y, "", messageLine) ;
					l.type = "warning";
					//Logger.debug("Warning at: " + x.toString() + ":" + y.toString() );
				}
				else {
					l = event.createInfoMessage( x, y, "", messageLine );
					l.type = "info";
					//Logger.debug("Info at: " + x.toString() + ":" + y.toString() );
				}
			}
			//Is this a button?
			else if( (b = rules.buttonRegex.exec(elementData[0]) ) ) {
				do  {
					//If only one group is returned then use it for both label and macro
					//Logger.debug( JSON.stringify(b) );
					if( b.length === 2 ) b.push(b[1].trim());
					if( !b[2] ) b[2] = b[1].trim();
					//Logger.debug( JSON.stringify(b) );
					if(rules.reverseButtonGroups) {
						shortcuts.push( {label: removeChars( b[1], rules.charsToRemove ), macro:"{" + b[2] + "}" } );
						//Logger.debug( "Adding Footer Button: " + removeChars( b[1], rules.charsToRemove ) );
					}
					else {
						shortcuts.push( {label: removeChars( b[2], rules.charsToRemove ), macro: "{" + b[1] + "}" } );
						//Logger.debug( "Adding Footer Button: " + removeChars( b[2], rules.charsToRemove ) );
					}
				}while( b = rules.buttonRegex.exec(elementData[0]) );
				
				//Is the cursor sitting on this button? if ao we need to ignore the cursor so a field is not drawn
				if( x === event.getCursorPosition().row &amp;&amp; event.getCursorPosition().column &gt;= elementData.index &amp;&amp; event.getCursorPosition().column &lt;= (elementData.index + elementData[0].length)  )
					ignoreCursor = true;
				continue;
			}
			//Is this a label?
			else if( b = rules.labelRegex.exec(elementData[0]) ) { 
				var temp = removeChars( elementData[0], rules.charsToRemove );
				for( var i = 0; i&lt; textReplace.length; i++)
					temp = temp.replace(textReplace[i].orig, textReplace[i].replace);
				l = event.createDataLabel( x, elementData.index, temp);
				l.type = "label";
				l.value = temp;
				//Logger.debug( "Adding Label: " + temp );
			}
			//Default is value
			else {
				l = event.createDataValue( x, elementData.index, elementData[0].length);
				l.type = "value";
				//Logger.debug( "Adding Value: " + event.getTextAt( x, elementData.index, elementData[0].length ) );
			}
			l.row = x;
			l.col = elementData.index;
			l.length = elementData[0].length;
			
			if( x &lt;= rules.ignoreBelowLine )
				elements.push(l);
		}		
	}
	endTime("ParsingElements");
	startTime("ParsingField");
	
	//No need to check for ignoreing the cursor if we are already ignoring it
	if( !ignoreCursor ) {
		//Before generating the field, lets see if the cursor is in one of the ignore positions
		for( var i=0; i&lt;rules.ignoreCursorInPositions.length; i++ ) {
			if(	rules.ignoreCursorInPositions[i].row === event.getCursorPosition().row &amp;&amp;
				rules.ignoreCursorInPositions[i].column === event.getCursorPosition().column){
				ignoreCursor = true;
				break;
			}
		}
	}
	
	//Make sure we shouldnt ignore the cursor
	if( ignoreCursor ) {
		//Do Nothing
	}
	else {
		//Figure out where to put the field
		var length = 0;
		var col = event.getCursorPosition().column;

		//Try underscore method
		for( var i=event.getCursorPosition().column; i&lt;80; i++ ) {
			if( event.getTextAt( event.getCursorPosition().row, i, 1 ) === "_" )
				length++;
			else
				break;
		}
		for( var i=event.getCursorPosition().column-1; i &gt;=0; i-- ) {
			if( event.getTextAt( event.getCursorPosition().row, i, 1 ).match(/[^\s:&gt;;,_]/) )
				col--;
			else
				break;
		}
		//Try reverse video
		if( length === 0 ) {
			col = event.getCursorPosition().column;
			for( var i=event.getCursorPosition().column; i&lt;80; i++ ) {
				//Logger.debug( event.getAttributeAt(event.getCursorPosition.row, i).toString(16)	 );
			}
			for( var i=event.getCursorPosition().column-1; i &gt;=0; i-- ) {
			}
		}
		//Sometimes a field starts with char if so lets counts the chars and spaces after
		if( length === 0 &amp;&amp; event.getTextAt( event.getCursorPosition().row, event.getCursorPosition().column, 1 ) !== " ") {
			col = event.getCursorPosition().column;
			var lengthCheck = event.getTextAt( event.getCursorPosition().row, event.getCursorPosition().column, 80 ).match( /(\w+\s+)/ );
			if( lengthCheck &amp;&amp; lengthCheck[1] ) length = lengthCheck[1].length; 
			
			for( var i=event.getCursorPosition().column-1; i &gt;=0; i-- ) {
				if( event.getTextAt( event.getCursorPosition().row, i, 1 ).match(/[^\s:&gt;;,]/) )
					col--;
				else
					break;
			}
		}
		//Default count spaces
		if( length === 0 )  {
			col = event.getCursorPosition().column;
			for( var i=event.getCursorPosition().column; i&lt;80; i++ ) {
				if( length &gt;= 15 )
					break;
				else if( event.getTextAt( event.getCursorPosition().row, i, 1 ) === " " )
					length++;
				else
					break;
			}
			for( var i=event.getCursorPosition().column-1; i &gt;=0; i-- ) {
				if( event.getTextAt( event.getCursorPosition().row, i, 1 ).match(/[^\s:&gt;;,]/) )
					col--;
				else
					break;
			}
		}
		//Enforce some min and max values to keep it from clipping or getting too large
		if( length === 0 ) length = 15;
		if( length &gt; 20 ) length = 20;
		
		//Create the field
		var l = event.createField( event.getCursorPosition().row, col, length );
		l.row = event.getCursorPosition().row;
		l.col = col;
		l.length = length;
		l.type = "field";
		
		var fieldIndex = -1;
		//Figure out where to put the field in the list of elements
		for( var i=0; i&lt;elements.length; i++ ) {
			if( elements[i].row &gt;= l.row ) {
				if(elements[i].row === l.row ) {
					if( elements[i].col === l.col ) {
						elements.splice(i, 1, l);
						fieldIndex = i;
						break;
					}
					else if( elements[i].col &gt; l.col ) {
						elements.splice(i, 0, l);
						fieldIndex = i;
						break;
					}
				}
				else if( elements[i].row &gt; l.row ) {
					elements.splice(i, 0, l);
					fieldIndex = i;
					break;
				}
			}
		}
		//Never found a spot to insert the field so lets add it to the end
		if( fieldIndex === -1 ) {
			elements.push(l);
			fieldIndex = elements.length;
		}
		//See if we can display the proper keyboard
		if( rules.contextKeyboards  ) {
			for( var x=0; x&lt; rules.contextKeyboards.length; x++ ) {
				if( 	(rules.contextKeyboards[x].method === "title" &amp;&amp; title.match( rules.contextKeyboards[x].regex )) || 
					(rules.contextKeyboards[x].method === "fieldLabel" &amp;&amp; elements[fieldIndex-1].type === "label" &amp;&amp; elements[fieldIndex-1].value.trim().match(rules.contextKeyboards[x].regex ) ) ) {
					//Keyboard.toggleVisible( (rules.contextKeyboards[x].visibility === "show") );
					Keyboard.changeKeyboard( rules.contextKeyboards[x].keyboard );
					break;
				}
			}
		}
	}
	endTime("ParsingField");
	startTime("ParsingExtraButtons");
	//Lets insert the extra buttons, these are buttons that are added when certain text is found on the screen based on rules.extraButtons
	//We loop backwards so that while we are inserting into the array things dont get screwed up
	var showField = true;
	for( var i = elements.length-1; i &gt;=0; i-- ) {
		if( typeof( elements[i].type ) === "undefined" || elements[i].type === "button" || elements[i].type === "field" ) continue;
		var text = event.getTextAt(elements[i].row, elements[i].col, elements[i].length).trim();
		for( var q = 0; q&lt; rules.extraButtons.length; q++) {
		   	if( rules.extraButtons[q].regex.exec( text ) ) {
		   		if( !rules.extraButtons[q].showField ) showField = false;
				for( var b = 0; b&lt;rules.extraButtons[q].buttons.length; b++ ) {
					var button = event.createButton( elements[i].row, elements[i].col, rules.extraButtons[q].buttons[b].label, rules.extraButtons[q].buttons[b].macro ) ;
					if( i === elements.length-1-b )
						elements.push(button);
					else
						elements.splice(i+1+b, 0, button );
				}
				break;
			}
		}
	}
	if( !showField ) {
		for( var i=0; i&lt; elements.length; i++ ) {
			if( elements[i].type === "field" ) {
				elements.splice(i, 1 );
				break;
			}
		}
	}
	endTime("ParsingExtraButtons");		

	startTime("CreatingTables");
	//Now lets run through the elements and figure out the table situation
	var tableElements = [];
	var tableRows = [];

	while(   elements.length &gt; 0 ) {
	
		//Errors need special treatment, they cannot be tabled
		if( elements[0].type === "error"  || elements[0].type === "info"  ) {
			event.add( elements[0] );
			elements.shift();
		}

		//is it time for a new table?
		//No accounting for end of page
		//Logger.debug( event.getTextAt(elements[0].row, 0, 80) + "|" + removeChars( event.getTextAt(elements[0].row, 0, 80), rules.charsToRemove ).trim() );
		if( elements[0].type !== "field" &amp;&amp;  removeChars( event.getTextAt(elements[0].row, 0, 80), rules.charsToRemove ).trim() === "" &amp;&amp; (tableRows.length &gt; 0) ) {
			createTable( event, tableRows, tableRows[0][0].row, 0 );	
			tableRows = [];
		}
		
		var currentRow = elements[0].row;
		var row = [];
		while( elements.length &gt; 0 &amp;&amp; elements[0].row === currentRow ) {
			if( removeChars( event.getTextAt(elements[0].row, 0, 80), rules.charsToRemove ).trim() || elements[0].type === "field" )
				row.push(elements[0]);
			elements.shift();
		}
		if( row.length &gt; 0 )
			tableRows.push(row);
	}
	//Add the last bit of data if any
	if( tableRows.length &gt; 0 )
		createTable( event, tableRows, 24, 0 );	
		
	endTime("CreatingTables");
}

function createTable( event, tableRows, tableRow, tableCol ) {
	//Get the number of cols
	var numCols = 0;
	for( var i=0; i&lt;tableRows.length; i++ )
		if( tableRows[i].length &gt; numCols ) numCols = tableRows[i].length;

	var table = event.createTable( tableRow, tableCol, tableRows.length, numCols);

	for( var row=0; row&lt;tableRows.length; row++ ) {
		for( var col=0; col&lt;numCols; col++ ) {
			if( tableRows[row].length &gt;col )
				table.addToCell( tableRows[row][col], row, col );
		}
	}
	event.add(table);
}

function removeChars( text, chars ) {
	if( chars ) return text.replace(chars, "");
	else return text;
}

var times = [];
function startTime( tag ) {

	if( !tag ) {
		Logger.debug("Start Time ignored, No tag provided");
		return;
	}

	times.push( {tag: tag, time: Date.now() } );
	Logger.debug( tag + ": Time Started" );

}

function endTime( tag ) {

	if( !tag ) {
		Logger.debug("End Time ignored, No tag provided");
		return;
	}

	for( var i=0; i &lt; times.length; i++ ) {
		if( times.length &gt; 0 &amp;&amp; times[i].tag === tag ) {
				Logger.debug( tag + ": End Time:  " + (Date.now() - times[i].time).toString()  + " ms");
				times.splice( i, 1);
				return;
		}
	}
	Logger.debug("No time with tag: " + tag);
}

WLEvent.on("ParseScreen", parseScreen);</ScriptText>
    <Description>.</Description>
    <Autogenerated>false</Autogenerated>
    <IgnoreScope>false</IgnoreScope>
    <Tags />
    <Modified>2018-02-11T20:18:23.1334288-08:00</Modified>
    <Parameters>
      <ScriptParameter>
        <VariableName>bannerImage</VariableName>
        <DefaultValue>ivantiLogo.png</DefaultValue>
        <DisplayName>Banner Image</DisplayName>
        <Description>The name of the image resource you want to use for the banner Image. If no image is provided then we will use the default ivanti logo.

Note: The image should be 80x100</Description>
        <StringType>true</StringType>
        <Options />
      </ScriptParameter>
      <ScriptParameter>
        <VariableName>selectedRules</VariableName>
        <DefaultValue>default</DefaultValue>
        <DisplayName>Parsing Rules</DisplayName>
        <Description>The rules you want to use to parse your screens, varies by WMS</Description>
        <StringType>true</StringType>
        <Options>
          <ScriptOption>
            <Value>manhattan</Value>
            <DisplayName>Manhattan</DisplayName>
          </ScriptOption>
          <ScriptOption>
            <Value>default</Value>
            <DisplayName>Default</DisplayName>
          </ScriptOption>
          <ScriptOption>
            <Value>highJump</Value>
            <DisplayName>High Jump</DisplayName>
          </ScriptOption>
          <ScriptOption>
            <Value>oracle</Value>
            <DisplayName>Oracle</DisplayName>
          </ScriptOption>
          <ScriptOption>
            <Value>sap</Value>
            <DisplayName>SAP</DisplayName>
          </ScriptOption>
          <ScriptOption>
            <Value>demoV2</Value>
            <DisplayName>Demo V2</DisplayName>
          </ScriptOption>
          <ScriptOption>
            <Value>oracleLogfire</Value>
            <DisplayName>Oracle Logfire</DisplayName>
          </ScriptOption>
        </Options>
      </ScriptParameter>
      <ScriptParameter>
        <VariableName>shortcutLocation</VariableName>
        <DefaultValue>footer</DefaultValue>
        <DisplayName>Shortcut Location</DisplayName>
        <Description>The location you want to place any shortcuts that are identified on the screen or added with the script "Add Global Shortcut". If you selected "Footer" then a footer will be created at the bottom of each screen with a button for each shortcut. If you select "Context Menu" the all shortcuts will be added to the context menu (Good for devices with small screens).</Description>
        <StringType>true</StringType>
        <Options>
          <ScriptOption>
            <Value>footer</Value>
            <DisplayName>Footer</DisplayName>
          </ScriptOption>
          <ScriptOption>
            <Value>contextMenu</Value>
            <DisplayName>Context Menu</DisplayName>
          </ScriptOption>
          <ScriptOption>
            <Value>both</Value>
            <DisplayName>Both</DisplayName>
          </ScriptOption>
        </Options>
      </ScriptParameter>
    </Parameters>
    <Resources />
    <DefaultScope>session</DefaultScope>
    <Scopes>
      <ScriptScope>
        <ScopeIdentifier>session</ScopeIdentifier>
        <ParameterValues>
          <string>logo.png</string>
          <string>demoV2</string>
          <string>both</string>
        </ParameterValues>
      </ScriptScope>
    </Scopes>
  </ScriptWithScope>
  <ScriptWithScope>
    <FunctionName>setKeyboard</FunctionName>
    <DisplayName>Set Keyboard</DisplayName>
    <ScriptText>if (typeof contextKeyboards === "undefined")
	contextKeyboards = [];
	
contextKeyboards.push( { tag: fieldTag, keyboard: keyboardName } );</ScriptText>
    <Description>Sets the keyboard default and visibility for a given field following the given label.</Description>
    <Autogenerated>false</Autogenerated>
    <IgnoreScope>false</IgnoreScope>
    <Tags />
    <Modified>2018-01-12T14:41:51.7381638-08:00</Modified>
    <Parameters>
      <ScriptParameter>
        <VariableName>visibility</VariableName>
        <DefaultValue>hide</DefaultValue>
        <DisplayName>Visibility</DisplayName>
        <Description>Whether or not to show or hide the keyboard.</Description>
        <StringType>true</StringType>
        <Options>
          <ScriptOption>
            <Value>hide</Value>
            <DisplayName>Hide</DisplayName>
          </ScriptOption>
          <ScriptOption>
            <Value>show</Value>
            <DisplayName>Show</DisplayName>
          </ScriptOption>
        </Options>
      </ScriptParameter>
      <ScriptParameter>
        <VariableName>keyboardName</VariableName>
        <DefaultValue />
        <DisplayName>Keyboard Name</DisplayName>
        <Description>The name of the keyboard you want to set as the default.</Description>
        <StringType>true</StringType>
        <Options />
      </ScriptParameter>
      <ScriptParameter>
        <VariableName>fieldTag</VariableName>
        <DefaultValue />
        <DisplayName>Field Tag</DisplayName>
        <Description>The text of the tag shown before the field</Description>
        <StringType>true</StringType>
        <Options />
      </ScriptParameter>
    </Parameters>
    <Resources />
    <DefaultScope>session</DefaultScope>
    <Scopes />
  </ScriptWithScope>
  <ScriptWithScope>
    <FunctionName>elementAnimator</FunctionName>
    <DisplayName>Element Animator</DisplayName>
    <ScriptText>
//Add the necessary animate.css reference
View.evaluateJavascript( "var link = document.createElement('link');", "" );
View.evaluateJavascript( "link.href = 'http://velocity/resources/animate.css';", "" );
View.evaluateJavascript( "link.type = 'text/css';", "" );
View.evaluateJavascript( "link.rel = 'stylesheet';", "" );
View.evaluateJavascript( "link.media = 'screen,print';", "" );
View.evaluateJavascript( "document.getElementsByTagName( 'head' )[0].appendChild( link );", "" );</ScriptText>
    <Description>.</Description>
    <Autogenerated>false</Autogenerated>
    <IgnoreScope>false</IgnoreScope>
    <Tags />
    <Modified>2018-01-13T05:28:58.0468435-08:00</Modified>
    <Parameters />
    <Resources />
    <DefaultScope>session</DefaultScope>
    <Scopes />
  </ScriptWithScope>
  <ScriptWithScope>
    <FunctionName>getParsingRules</FunctionName>
    <DisplayName>Get Parsing Rules</DisplayName>
    <ScriptText>
var defaultRules = {
	buttonRegex: /(F\d\d?)\s?=((?:$|\s$)|((?:\s?\w+\s?)+))/g, // Before the = is the action, after is the label
	tittleRegex: [ { line:0, regex: /\w((?!\?).)*$/ }, {line: 1, regex: /\s{80}/} ], //Does not end with a ?
	ignoreCursorInPositions: [ {row:0,column:0} ], //If true then a field will not be added if the cursor is in the top left of the screen
	ignoreCursorIfOnButton: true, //If true, a field will not be added if the cursor is on top of a button
	errorScreenRegex: /((?:--|──)+(ERROR|WARNING|INFO)(?:--|──)+)/g, //Used to identify error screens
	messageScreenHandler: null, //A function to handle error messages
	errorLineRegex: /Err/,
	warningLineRegex: null,
	isMessageRegex: /^(?!\s)^(?!([\w]+:))/,
	
	buttonProcessor: function(button) {
		button.macro = button.macro.replace("{F8}", "{hex:001B}[19~");
		button.macro = button.macro.replace("{F5}", "{hex:001B}OT{hex:001B}OT");
		return button;
	},
	
	contextKeyboards: null,

	errorLine: -1,
	elementRegex: /((?:F\d\d?=((?:\s|$)|(?:[^\s]+)))|(?:(?:[!@#$%^&amp;*()\-+={}\[\]\\|;"'&lt;,&gt;\.\?\/`~](?:\s|:)?|[^\W_]\s?):?)+|(\s|_){80})/g,
	ignoreBelowLine: 24,
	ignoreAfterColumn: 80,
	removeEmptySpace: false,
	charsToRemove: /_/g,
	extraButtons: [{ regex: /Press &lt;ENTER&gt;/, buttons: [ {label: "Enter", macro: "{enter}"} ], showField: false }, { regex: /Press &lt;BACKUP&gt;/, buttons: [ {label: "Backup", macro: "{F1}"} ], showField: false }],
	labelRegex: /([\w\s#]+:)/,
	reverseButtonGroups: false,
	menuDetect: [{ tittleLine: -1, line: 12, keyTextRegex: /Enter Selection/, regex: [/([A-Z])\s\s?((?:[a-zA-Z\(\)-]+\s)+)/] }],
	menuMacro: "{enter}" //The macro you want placed after the parsed menu item value for example {enter}, leave blank if not needed
}

var oracleLogfireRules = {
	buttonRegex: /(Ctrl..):\s(.+)/g, // Before the = is the action, after is the label
	tittleRegex: [ { line:0, regex: /^\s{2,10}[^"]*$/ } ], //Does not end with a ?
	ignoreCursorInPositions: [ {row:0,column:0} ], //If true then a field will not be added if the cursor is in the top left of the screen
	ignoreCursorIfOnButton: true, //If true, a field will not be added if the cursor is on top of a button
	errorScreenRegex: /┌─+┐/g, //Used to identify error screens
		messageScreenHandler: function( event ) {
	
		var topFound = false;
		var message = "";
		for( var i=0; i&lt;25; i++ ) {
			if(event.getTextAt(i,0,80).match(/(---)|(───)/) )
				if( !topFound ) topFound = true;
				else break;
			else{
				var m = event.getTextAt(i,0,80).match( /(?:\||│)\s{0,5}(.+)\s{0,5}(?:\||│)/ );
				if( m ) message += m[1].trim() ;
			}
		}
		
		var table = event.createTable(0, 0, 3, 1);
		
		table.addToCell( event.createImage( 0, 0, "res://velocity/resources/error.png" ), 0, 0 );
		table.addToCell( event.createHeader( 0, 0, message.toString() ), 1, 0 );
		
		var table2 = event.createTable( 0, 0, 1, 2 );
		//TODO: Update to correct ctrl values
		table2.addToCell( event.createButton( 0,0, "Go Back", "{Ctrl-W}" ), 0, 0 );
		table2.addToCell( event.createButton( 0,0, "Accept", "{Ctrl-A}" ), 0, 1 );
		event.add( table );
		event.add( table2 );
		
	}, //A function to handle error messages
	errorLineRegex: /Err/,
	warningLineRegex: null,
	isMessageRegex: /^(?!\s)^(?!([\w]+:))/,
	
	contextKeyboards: null,

	errorLine: -1,
	elementRegex: /(Ctrl-.:.+)|((?:(?:[!@#$%^&amp;*()\-+={}\[\]\\|:;"'&lt;,&gt;\.\?\/`~]\s?|[^\s]\s?):?)+|(\s|_){80})/g,
	ignoreBelowLine: 24,
	ignoreAfterColumn: 80,
	removeEmptySpace: false,
	charsToRemove: null,
	extraButtons: [{ regex: /\?/, buttons: [ {label: "Yes", macro: "y{enter}"}, {label: "No", macro: "n{enter}"} ], showField: false }],
	labelRegex: /([\w\s#]+:)/,
	reverseButtonGroups: false,
	menuDetect: [{ tittleLine: -1, line: 7, keyTextRegex: /=&gt;/, regex: [/(\d)\)\s?(.+)/] }],
	menuMacro: "{enter}" //The macro you want placed after the parsed menu item value for example {enter}, leave blank if not needed
}




//This is a workaround for the fact that the console does not seem to recognize the Keyboard object
if (typeof Keyboard === "undefined") {
	Keyboard = new Object();
	Keyboard.enable = function( enable ) {
		Logger.debug( "Keyboard Enable set to: " + enable.toString() );
	};
	Keyboard.toggleVisible = function( toggle ) {
		Logger.debug("Toggling Visibility to: " + toggle.toString() );
	};
	Keyboard.changeKeyboard = function( keyboard ) {
		Logger.debug( "Changing Keyboard to: " + keyboard );
	};
}

var jdaRules = {
	buttonRegex: /(F\d\d?)\s?-\s?((?:\w+\s?)+)/g, // Before the - is the action, after is the label
	tittleRegex: [ { line:0, regex: /^[^:?]+$/ }, {line: 0, regex: /\d?\s{2,6}\w*/} ], //Does not end with a ?
	ignoreCursorInPositions: [ {row:0,column:0} ], //If true then a field will not be added if the cursor is in the top left of the screen
	ignoreCursorIfOnButton: true, //If true, a field will not be added if the cursor is on top of a button
	errorScreenRegex: /((?:--|──)+(ERROR|WARNING|INFO)(?:--|──)+)/g, //Used to identify error screens
	messageScreenHandler: null, //A function to handle error messages
	errorLineRegex: /Inv/,
	warningLineRegex: null,
	isMessageRegex: /^(?!\s)^(?!([\w]+:))/,
	
	contextKeyboards: null,


	errorLine: -1,
	elementRegex: /((?:(?:[!@#$%^&amp;*()\-+={}\[\]\\|:;"'&lt;,&gt;\.\?\/`~]\s?|[^\W_]\s?):?)+|(\s|_){80})/g,
	ignoreBelowLine: 24,
	ignoreAfterColumn: 80,
	removeEmptySpace: false,
	charsToRemove: /_|_/g, 
	extraButtons: [{ regex: /Enter/g, buttons: [ {label: "Enter", macro: "{enter}"} ], showField: false }],
	labelRegex: /(.+:)/,
	reverseButtonGroups: false,
	menuDetect: [{ tittleLine: 0, line: 6, keyTextRegex: /Enter Option/, regex: [/(\d)\s\s?((?:[a-zA-Z\(\)-]+\s)+)/] }, { tittleLine: 0, line: 11, keyTextRegex: /Enter Option/, regex: [/(\d)\s\s?((?:[a-zA-Z\(\)-]+\s)+)/] }],
	menuMacro: "{enter}" //The macro you want placed after the parsed menu item value for example {enter}, leave blank if not needed
};



var demoV2Rules = {
	buttonRegex: /(\w+)\s?=\s?((?:\w+\s?)+)/g, // Before the = is the action, after is the label
	tittleRegex: [ { line:0, regex: /\w((?!\?).)*$/ }, { line:1, regex: /^\s{3}/} ], //Does not end with a ?
	ignoreCursorInPositions: [ {row:0,column:0} ], //If true then a field will not be added if the cursor is in the top left of the screen
	ignoreCursorIfOnButton: true, //If true, a field will not be added if the cursor is on top of a button
	errorScreenRegex: /((?:--|──)+(?:ERROR|WARNING|INFO)(?:--|──)+)/g, //Used to identify error screens
	messageScreenHandler: null, //A function to handle error messages
	errorLineRegex: /Err/,
	warningLineRegex: null,
	isMessageRegex: /^(?!\s)^(?!([\w]+:))/,
	
	contextKeyboards: [ //Method can be "title" or "fieldLabel"	
			{ visibility: "hide", keyboard: "Demo_Numeric", method: "title", regex: /\(W03\)/ },
			{ visibility: "hide", keyboard: "Demo_Location List", method: "title", regex: /\(W04\)/ },
			{ visibility: "hide", keyboard: "Demo_Function", method: "title", regex: /\(W05\)/ },
			{ visibility: "show", keyboard: "Demo_Printer", method: "title", regex: /\(W06\)/ },
			{ visibility: "hide", keyboard: "Demo_Qwerty", method: "title", regex: /\(W07\)/ },
			{ visibility: "hide", keyboard: "Demo_Numeric", method: "title", regex: /\(W08\)/ },
			{ visibility: "show", keyboard: "Demo_Numeric", method: "title", regex: /\(W09\)/ },
			{ visibility: "show", keyboard: "Demo_Numeric", method: "title", regex: /\(W10\)/ },
			{ visibility: "hide", keyboard: "Demo_Numeric", method: "title", regex: /\(W12\)/ },
			{ visibility: "hide", keyboard: "Demo_Numeric", method: "title", regex: /\(W13\)/ },
			{ visibility: "hide", keyboard: "Demo_Shelf List", method: "title", regex: /\(W14\)/ },
			{ visibility: "show", keyboard: "Demo_Numeric", method: "title", regex: /\(W15\)/ },
			{ visibility: "hide", keyboard: "Demo_Numeric", method: "title", regex: /\(W16\)/ },
			{ visibility: "hide", keyboard: "Demo_Qwerty", method: "title", regex: /\(W18\)/ },
			{ visibility: "show", keyboard: "Demo_Numeric", method: "title", regex: /\(W19\)/ },
			{ visibility: "hide", keyboard: "Demo_Numeric", method: "title", regex: /\(W20\)/ },
			{ visibility: "hide", keyboard: "Demo_Qwerty", method: "title", regex: /\(W22\)/ },
			{ visibility: "hide", keyboard: "Demo_Numeric", method: "title", regex: /\(W23\)/ },
			{ visibility: "hide", keyboard: "Demo_Numeric", method: "title", regex: /\(W24\)/ },

			
// added by Paul Reynolds for Storefront screens

			{ visibility: "hide", keyboard: "Demo_Numeric", method: "title", regex: /\(S03\)/ },
			{ visibility: "hide", keyboard: "Demo_Shelf List", method: "title", regex: /\(S04\)/ },
			{ visibility: "show", keyboard: "Demo_Numeric", method: "title", regex: /\(S05\)/ },
			{ visibility: "show", keyboard: "Demo_Yes No", method: "title", regex: /\(S06\)/ },
			{ visibility: "hide", keyboard: "Demo_Shelf List", method: "title", regex: /\(S08\)/ },
			{ visibility: "show", keyboard: "Demo_Numeric", method: "title", regex: /\(S09\)/ },
			{ visibility: "show", keyboard: "Demo_Yes No", method: "title", regex: /\(S10\)/ },
			{ visibility: "hide", keyboard: "Demo_Numeric", method: "title", regex: /\(S12\)/ },
			{ visibility: "hide", keyboard: "Demo_Function", method: "title", regex: /\(S13\)/ },
			{ visibility: "hide", keyboard: "Demo_Function", method: "title", regex: /\(S14\)/ }],

			
	//V1 errorLine: 7,
	errorLine: 9,
	elementRegex: /((?:(?:[!@#$%^&amp;*()\-+={}\[\]\\|:;"'&lt;,&gt;\.\?\/`~]\s?|[^\W_]\s?)(:?))+ |(\s|_){80})/g,
	ignoreBelowLine: 24,
	ignoreAfterColumn: 80,
	removeEmptySpace: false,
	charsToRemove: null,

	extraButtons: [	
					{ regex: /Y\/N/, buttons: [ {label: "Yes", macro: "y"}, {label: "No", macro: "n"} ], showField: false },
					{ regex: /Press &lt;Enter&gt; to Confirm/, buttons: [ {label: "Confirm", macro: "{enter}"} ], showField: false },
					{ regex: /Confirm[^:]/, buttons: [ {label: "Yes", macro: "y{enter}"}, {label: "No", macro: "n{enter}"} ], showField: false }],
	labelRegex: /([\w\s#]+:)/,
	reverseButtonGroups: false,
	menuDetect: [{ tittleLine: -1, line: 7, keyTextRegex: /Select/, regex: [/^(\d)\.?\s?\s?((?:[a-zA-Z\(\)-]+\s)+)/] }],
	menuMacro: "" //The macro you want placed after the parsed menu item value for example {enter}, leave blank if not needed
};

var manhattanOneRules = {

	buttonRegex: /(Ctrl-\w)\s([^\s]+\s?[^\sF]+\s?[^\sF]+)/g, // Before the = is the action, after is the label
	tittleRegex: [ { line:0, regex: /^((?![\?:]).)*$/ } ], //Does not end with a ? or :
	ignoreCursorInPositions: [ {row:0,column:0} ], //If true then a field will not be added if the cursor is in the top left of the screen
	ignoreCursorIfOnButton: true, //If true, a field will not be added if the cursor is on top of a button
	errorScreenRegex: defaultRules.errorScreenRegex, //Used to identify error screens
	messageScreenHandler: function( event ) {
	
		var tittle;
		var message = "";
		for( var i=0; i&lt;25; i++ ) {
			if( !tittle ) {
				tittle = event.getTextAt(i,0,80).match( /(?:--|──)+(ERROR|WARNING|INFO)(?:--|──)+/  );
			}
			else if(event.getTextAt(i,0,80).match(/(---)|(───)/) )
				break;
			else{
				var m = event.getTextAt(i,0,80).match( /(?:\||│)\s{0,5}(.+)\s{0,5}(?:\||│)/ );
				if( m ) message += m[1].trim() + " ";
			}
		}
		
		var table = event.createTable(0, 0, 3, 1);
		
		if( tittle[1] === "WARNING" )
			table.addToCell( event.createImage( 0, 0, "res://velocity/resources/warning.png" ), 0, 0 );
		else if( tittle[1] === "ERROR" )
			table.addToCell( event.createImage( 0, 0, "res://velocity/resources/error.png" ), 0, 0 );
		table.addToCell( event.createHeader( 0, 0, message.toString() ), 1, 0 );
		
		var table2 = event.createTable( 0, 0, 1, 2 );
		//TODO: Update to correct ctrl values
		table2.addToCell( event.createButton( 0,0, "Back", "{ctrl-x}" ), 0, 0 );
		table2.addToCell( event.createButton( 0,0, "Confirm", "{ctrl-w}" ), 0, 1 );
		event.add( table );
		event.add( table2 );
		
	}, //A function to handle error messages
	errorLineRegex: null,
	warningLineRegex: null,
	isMessageRegex: null,
	
	contextKeyboards: null,
	
	//Determines how bits of text on the same line are seperated into individual elements,
	errorLine: -1,
	elementRegex: defaultRules.elementRegex,
	ignoreBelowLine: 20,
	ignoreAfterColumn: 80,
	removeEmptySpace: true,
	charsToRemove: /_/g,
	extraButtons: [],
	labelRegex: defaultRules.labelRegex,
	reverseButtonGroups: false,
	menuDetect: [{ tittleLine: -1, line: 6, keyTextRegex: /S=&gt;/, regex: [/(\d)(?:\.\s\s)((?:\w\s?)+)/g] }],
	menuMacro: "{enter}" //The macro you want placed after the parsed menu item value for example {enter}, leave blank if not needed
}

var highJumpRules = {

	buttonRegex: /((?:F\d{1,2})|(?:ENTER)):((?:\w|&amp;)*\s?(?:[^\WF]|&amp;)*)/g, // Before the = is the action, after is the label
	tittleRegex: defaultRules.tittleRegex, //Does not end with a ?
	ignoreCursorInPositions: [ {row:0,column:0} ], //If true then a field will not be added if the cursor is in the top left of the screen
	ignoreCursorIfOnButton: true, //If true, a field will not be added if the cursor is on top of a button
	errorScreenRegex: defaultRules.errorScreenRegex, //Used to identify error screens
	messageScreenHandler: null, //A function to handle error messages
	errorLineRegex: null,
	warningLineRegex: null,
	isMessageRegex: null,
	
	contextKeyboards: null,
	
	//Determines how bits of text on the same line are seperated into individual elements,
	errorLine: -1,
	elementRegex: defaultRules.elementRegex,
	ignoreBelowLine: 20,
	ignoreAfterColumn: 80,
	removeEmptySpace: true,
	charsToRemove: /_\[/g,
	extraButtons: [{ regex: /Y or N/, buttons: [ {label: "Yes", macro: "y"}, {label: "No", macro: "n"} ], showField: false }],
	labelRegex: defaultRules.labelRegex,
	reverseButtonGroups: false,
	menuDetect: [{ tittleLine: 0, line: 7, keyTextRegex: /OPTION/, regex: [/(\d)(?:\s)((?:\w\s?)+)/g] }],
	menuMacro: "{enter}" //The macro you want placed after the parsed menu item value for example {enter}, leave blank if not needed
}

var oracleRules = {

	buttonRegex: /&lt;((\w).+)&gt;/g, // Before the = is the action, after is the label
	tittleRegex: [ { line:0, regex: /.+/ } ],  //Does not end with a ?
	ignoreCursorInPositions: [ {row:0,column:0}, {row:15,column:20} ], //If true then a field will not be added if the cursor is in the top left of the screen
	ignoreCursorIfOnButton: true, //If true, a field will not be added if the cursor is on top of a button
	errorScreenRegex: /(Error|Warning|Info)/g, //Used to identify error screens
	
	//A function to handle error messages
	messageScreenHandler: function(event) { 
		//Get message
		var message = "";
		var i = 2;
		var line = event.getTextAt( i, 0, 80 );
		while( line.indexOf("&lt;") != 0 &amp;&amp; i&lt;80 ) {
			Logger.debug("Parsing Message: " + line );
			message = message + line.substring(0,20);
			i++;
			line = event.getTextAt( i, 0, 80 );
		}
		Logger.debug( "Final Message: " + message );
		
		var table = event.createTable(0, 0, 3, 1);
		table.addToCell( event.createImage( 0, 0, "res://velocity/resources/warning.png" ), 0, 0 );
		table.addToCell( event.createHeader( 0, 0, message.toString() ), 1, 0 );
		
		var table2 = event.createTable( 0, 0, 1, 2 );
		table2.addToCell( event.createButton( 0,0, "Yes", "y" ), 0, 0 );
		table2.addToCell( event.createButton( 0,0, "No", "n" ), 0, 1 );
		event.add( table );
		event.add( table2 );
		
	},
	errorLineRegex: /[^/\\]/,
	isMessageRegex: /^[^\.:?/\\]*$+/,
	
	contextKeyboards: null,
	
	//Determines how bits of text on the same line are seperated into individual elements,
	errorLine: 15,
	elementRegex: /&lt;((\w)(?:.+))&gt;|([^:]+([:&gt;]))|(\b.+)|[-\s]{80}/g,
	ignoreBelowLine: 20,
	ignoreAfterColumn: 80,
	removeEmptySpace: true,
	charsToRemove: /[-:&gt;/\\]/g,
	extraButtons: [{ regex: /y\/n/, buttons: [ {label: "Yes", macro: "y"}, {label: "No", macro: "n"} ], showField: false }],
	labelRegex: /([\w\s]+[:&gt;])/,
	reverseButtonGroups: true,
	menuDetect: [{ tittleLine: 0, line: 1, keyTextRegex: /\d\d?&lt;/, regex: [/(\d{1,2})&lt;([\w\s&amp;#]*)/g] }],
	menuMacro: "{enter}" //The macro you want placed after the parsed menu item value for example {enter}, leave blank if not needed
}

var sapRules = {

	buttonRegex: /\[\s?((?:F\d\d?)|(?:[^\]]*))\s?([^\][]*)\s?((?:\])|(?=\[|$))/g, // Before the = is the action, after is the label
	tittleRegex: null, //Does not end with a ?
	ignoreCursorInPositions: [ {row:0,column:0}, {row:1,column:0} ], //If true then a field will not be added if the cursor is in the top left of the screen
	ignoreCursorIfOnButton: true, //If true, a field will not be added if the cursor is on top of a button
	errorScreenRegex: defaultRules.errorScreenRegex, //Used to identify error screens
	messageScreenHandler: null, //A function to handle error messages
	errorLineRegex: null,
	warningLineRegex: null,
	isMessageRegex: null,
	
	contextKeyboards: null,
	
	//Determines how bits of text on the same line are seperated into individual elements,
	errorLine: -1,
	elementRegex: /(?:\[[^\]]+\])|(?:(?:[^\s]+\s?)+)|(?:\s{20})/g,
	ignoreBelowLine: 20,
	ignoreAfterColumn: 20,
	removeEmptySpace: true,
	charsToRemove: /\*/g,
	extraButtons: [{ regex: /Y or N/, buttons: [ {label: "Yes", macro: "y"}, {label: "No", macro: "n"} ], showField: false }],
	labelRegex: /^[^\d]+$/,
	reverseButtonGroups: false,
	menuDetect: [{ tittleLine: -1, line: 3, keyTextRegex: /\[1\./, regex: [/\[(\d\d?)\.([^\.\]]+)/g] }],
	menuMacro: "{enter}" //The macro you want placed after the parsed menu item value for example {enter}, leave blank if not needed
}

var staylinkedRules = {
	buttonRegex: /(?:(\w+)\s?=\s?((?:\w+\s?)+)|(?:(^\s?Enter)(^\s?Enter)))/g, // Before the = is the action, after is the label
	tittleRegex: [ { line:0, regex: /\w((?!\?).)*$/ }, {line: 1, regex: /\s{80}/} ], //Does not end with a ?
	ignoreCursorInPositions: [ {row:0,column:0} ], //If true then a field will not be added if the cursor is in the top left of the screen
	ignoreCursorIfOnButton: true, //If true, a field will not be added if the cursor is on top of a button
	errorScreenRegex: /((?:--|──)+(ERROR|WARNING|INFO)(?:--|──)+)/g, //Used to identify error screens
	messageScreenHandler: null, //A function to handle error messages
	errorLineRegex: /Err/,
	warningLineRegex: null,
	isMessageRegex: /^(?!\s)^(?!([\w]+:))/,
	
	contextKeyboards: null,

	errorLine: -1,
	elementRegex: /((?:(?:[!@#$%^&amp;*()\-+={}\[\]\\|:;"'&lt;,&gt;\.\?\/`~]\s?|[^\W_]\s?):?)+|(\s|_){80})/g,
	ignoreBelowLine: 24,
	ignoreAfterColumn: 80,
	removeEmptySpace: false,
	charsToRemove: null,
	extraButtons: [{ regex: /\?/, buttons: [ {label: "Yes", macro: "y{enter}"}, {label: "No", macro: "n{enter}"} ], showField: false }],
	labelRegex: /([\w\s#]+:)/,
	reverseButtonGroups: false,
	menuDetect: [{ tittleLine: -1, line: 11, keyTextRegex: /Selection/, regex: [/(\d)\.\)\s((?:[a-zA-Z\(\)-]+\s)+)/] }],
	menuMacro: "{enter}" //The macro you want placed after the parsed menu item value for example {enter}, leave blank if not needed
}

if( ruleName === "default" ) return defaultRules;
else if( ruleName === "manhattan") return manhattanOneRules;
else if( ruleName === "highJump") return highJumpRules;
else if( ruleName === "oracle") return oracleRules;
else if( ruleName === "sap") return sapRules;
else if( ruleName === "demoV2") return demoV2Rules;
else if( ruleName === "jda") return jdaRules;
else if( ruleName === "oracleLogfire") return oracleLogfireRules;
</ScriptText>
    <Description>.</Description>
    <Autogenerated>false</Autogenerated>
    <IgnoreScope>false</IgnoreScope>
    <Tags />
    <Modified>2018-01-15T12:49:54.7123863-08:00</Modified>
    <Parameters>
      <ScriptParameter>
        <VariableName>ruleName</VariableName>
        <DefaultValue />
        <DisplayName>Rule Name</DisplayName>
        <Description>.</Description>
        <StringType>true</StringType>
        <Options />
      </ScriptParameter>
    </Parameters>
    <Resources />
    <DefaultScope>session</DefaultScope>
    <Scopes />
  </ScriptWithScope>
</ArrayOfScriptWithScope>