﻿<?xml version="1.0" encoding="utf-8"?>
<screen-template name="T1" match="true" html-id="auto-component-QEma" html-style="font-family:sans-serif;font-size:12pt;font-weight:normal;font-style:normal;text-decoration:none;color:rgba(153,153,151,1);background-color:rgba(255,255,255,1.000);">
  <logo ishide="False" title="Ivanti Velocity " image-name="Logo.png" image-ref="images\4e6d370e49b8085a37414ef64c7195dc.png" html-id="themeBanner" html-style="text-align:left;font-family:sans-serif;font-size:20pt;font-weight:bold;font-style:normal;text-decoration:none;color:rgba(255,255,255,1.000);background-color:rgba(20,78,131,1.000);" />
  <header start-row="1" start-column="1" value="Header" html-id="auto-component-2c2Y" html-style="text-align:center;font-family:sans-serif;font-size:14pt;font-weight:bold;font-style:normal;text-decoration:none;color:rgba(20,78,131,1.000);background-color:rgba(255,255,255,0.000);" />
  <display-text start-row="1" start-column="1" value="Data Label" html-id="auto-component-hCRS" html-style="text-align:center;font-family:sans-serif;font-size:14pt;font-weight:normal;font-style:normal;text-decoration:none;color:rgba(20,78,131,1.000);background-color:rgba(0,0,0,0);" />
  <display-text start-row="1" start-column="1" copy-value="[2,1:10]" html-id="auto-component-1hnc" html-style="text-align:center;font-family:sans-serif;font-size:14pt;font-weight:bold;font-style:normal;text-decoration:none;color:rgba(20,78,131,1.000);background-color:rgba(0,0,0,0);" />
  <input-field start-row="1" start-column="1" copy-value="[1,1:10]" html-id="auto-component-W287" html-style="font-family:sans-serif;font-size:14pt;font-weight:bold;font-style:normal;text-decoration:none;color:rgba(20,78,131,1.000);background-color:rgba(255,255,255,1.000);" />
  <menu-item start-row="1" start-column="1" label="Menu Item" value="0" html-id="auto-component-rbk-" html-style="text-align:center;font-family:sans-serif;font-size:18pt;font-weight:bold;font-style:normal;text-decoration:none;color:rgba(20,78,131,1.000);background-color:rgba(224,227,228,1.000);" />
  <button start-row="1" start-column="1" value="Button" html-id="auto-component-Mztl" html-style="text-align:center;font-family:sans-serif;font-size:12pt;font-weight:bold;font-style:normal;text-decoration:none;color:rgba(255,255,255,1.000);background-color:rgba(20,78,131,1.000);" />
  <image start-row="1" start-column="1" image-ref="themeDefaultImg.png" copy-value="[2,1]" html-id="theme-image" html-style="text-align:center;font-family:sans-serif;font-size:16pt;font-weight:normal;font-style:normal;text-decoration:none;color:rgba(250,250,250,1);background-color:rgba(0,0,0,0);" />
  <inline-message start-row="1" start-column="1" title="Error Message" value="This is an error message" type="Error" html-id="auto-component-_m-S" html-style="text-align:left;font-family:sans-serif;font-size:12pt;font-weight:normal;font-style:normal;text-decoration:none;color:rgba(51,51,51,1);background-color:rgba(242,222,222,1)" />
  <inline-message start-row="1" start-column="1" title="Warning Message" value="This is a warning message" type="Warning" html-id="auto-component-0vf4" html-style="text-align:left;font-family:sans-serif;font-size:12pt;font-weight:normal;font-style:normal;text-decoration:none;color:rgba(51,51,51,1);background-color:rgba(252,248,228,1)" />
  <inline-message start-row="1" start-column="1" title="Information Message" value="This is an informational message" type="Information" html-id="auto-component-t-Sm" html-style="text-align:left;font-family:sans-serif;font-size:12pt;font-weight:normal;font-style:normal;text-decoration:none;color:rgba(51,51,51,1);background-color:rgba(217,237,247,1)" />
  <table column-count="2" row-count="2" alt-row-color="#00000000" table-width="100" table-column-widths="33,33,34" html-id="auto-component-C_w6" html-style="font-family:sans-serif;font-size:12pt;font-weight:normal;font-style:normal;text-decoration:none;color:rgba(153,153,151,1);background-color:rgba(0,0,0,0);">
    <empty />
    <empty />
    <empty />
    <empty />
  </table>
  <footer html-id="auto-component-G6y3" html-style="background-color:rgba(255,255,255,0.000);">
    <empty />
  </footer>
</screen-template>