﻿<?xml version="1.0" encoding="utf-8"?>
<HostProfile xmlns:xsi="http://www.w3.org/2001/XMLSchema-instance" xmlns:xsd="http://www.w3.org/2001/XMLSchema">
  <Version>7</Version>
  <Name>{1} - [M]igrate</Name>
  <Address>127.0.0.1</Address>
  <Port>2300</Port>
  <OnlyUseConnectPro>false</OnlyUseConnectPro>
  <EmulationType>VT220</EmulationType>
  <WebEmulationParameters>
    <EnableAutomaticSIP>false</EnableAutomaticSIP>
    <ClearCache>false</ClearCache>
    <ClearCookies>false</ClearCookies>
    <ConnectTimeout>30</ConnectTimeout>
    <ScannerAutoKeys>NoKey</ScannerAutoKeys>
    <DefaultScannerState>false</DefaultScannerState>
    <TextSize>100</TextSize>
    <DetectNetworkOutofRange>true</DetectNetworkOutofRange>
    <OutofRangeMessage />
    <Override404 />
    <Override500 />
    <NoConnectionOverride />
    <ReceiveTimeout>30</ReceiveTimeout>
    <ScannerPostProcessing>false</ScannerPostProcessing>
  </WebEmulationParameters>
  <SafeMode>true</SafeMode>
  <AutoSwitchToNativeMode>false</AutoSwitchToNativeMode>
  <AllowSwitchModes>false</AllowSwitchModes>
  <CodePage>0</CodePage>
  <DisplayCodePage>0</DisplayCodePage>
  <CarriageReturn>false</CarriageReturn>
  <HardwareBackButtonKey />
  <KeyboardHeight>35</KeyboardHeight>
  <KeyboardTransparency>0</KeyboardTransparency>
  <HostID>0</HostID>
  <DisablePinchZoom>true</DisablePinchZoom>
  <EnableSessionLogging>false</EnableSessionLogging>
  <LogFileMaxSize>1024</LogFileMaxSize>
  <IsLaunchOnStartup>false</IsLaunchOnStartup>
  <LicenseServerAddress />
  <LicenseServerPort>1820</LicenseServerPort>
  <LicenseServerSiteId>0</LicenseServerSiteId>
  <TelnetNegotiationString />
  <EnableVoice>false</EnableVoice>
  <FixedScreenMode>false</FixedScreenMode>
  <HideToolbar>false</HideToolbar>
  <ToggleKeyboardVisibilityKey />
  <ToggleMenuVisibilityKey />
  <ToggleShortcutMenuVisibilityKey />
  <EnableScreenCapture>true</EnableScreenCapture>
  <EnableWakeLock>false</EnableWakeLock>
  <FieldForwardCommand>{Tab}</FieldForwardCommand>
  <FieldBackCommand />
  <SSH>false</SSH>
  <SSHTunneling>false</SSHTunneling>
  <HostSettings>false</HostSettings>
  <SSHAutoLoginUser />
  <SSHAcceptNewKeys>No</SSHAcceptNewKeys>
  <SSHKnownHost />
  <SSHTunnelAddress />
  <SSHTunnelPort>22</SSHTunnelPort>
  <SSHAlternativeKnownHost />
  <SSL>false</SSL>
  <MenuUpKey />
  <MenuDownKey />
  <AutoLoginUser />
  <AutoLoginUserPrompt>login:</AutoLoginUserPrompt>
  <AutoLoginPasswordPrompt>password:</AutoLoginPasswordPrompt>
  <AutoLoginProgram />
  <AutoLoginMenu />
  <AutoLoginLibrary />
  <AutoLoginCommandPrompt />
  <AutoLoginCommand />
  <VTScanTerminator>\0D</VTScanTerminator>
  <VTAnswerBack />
  <WorkstationId />
  <RetryWorkstationID>false</RetryWorkstationID>
  <DisablePredictive>false</DisablePredictive>
  <HideCloseSession>false</HideCloseSession>
  <AutoLoginPassword />
  <SSHAutoLoginPassword />
  <ScreenRotation>LockPortrait</ScreenRotation>
  <KeyboardVisibility>Show</KeyboardVisibility>
  <ScannerSettinglist>
    <ScannerSetting xsi:type="SymbologySettings">
      <BarcodeMSR>
        <EnableAustraliaPostal>false</EnableAustraliaPostal>
        <EnableAztec>true</EnableAztec>
        <EnableCanadaPostal>false</EnableCanadaPostal>
        <EnableChinese2of5>false</EnableChinese2of5>
        <EnableCodebar>true</EnableCodebar>
        <EnableCode11>false</EnableCode11>
        <EnableCode128>true</EnableCode128>
        <EnableCode39>true</EnableCode39>
        <EnableCode93>false</EnableCode93>
        <EnableCompositeAB>false</EnableCompositeAB>
        <EnableCompositeC>false</EnableCompositeC>
        <EnableDataMatrix>true</EnableDataMatrix>
        <EnableDiscrete2of5>false</EnableDiscrete2of5>
        <EnableDutchPostal>false</EnableDutchPostal>
        <EnableEAN13>true</EnableEAN13>
        <EnableEAN8>true</EnableEAN8>
        <EnableGS1Databar>true</EnableGS1Databar>
        <EnableGS1DatabarExpanded>true</EnableGS1DatabarExpanded>
        <EnableGS1DatabarLimited>false</EnableGS1DatabarLimited>
        <EnableInterleaved2of5>false</EnableInterleaved2of5>
        <EnableJapanesePostal>false</EnableJapanesePostal>
        <EnableKorean3of5>false</EnableKorean3of5>
        <EnableMatrix2of5>false</EnableMatrix2of5>
        <EnableMaxicode>true</EnableMaxicode>
        <EnableMicroPDF>false</EnableMicroPDF>
        <EnableMicroQR>false</EnableMicroQR>
        <EnableMSI>false</EnableMSI>
        <EnablePDF417>true</EnablePDF417>
        <EnableQRCode>true</EnableQRCode>
        <EnableSignature>false</EnableSignature>
        <EnableTLC39>false</EnableTLC39>
        <EnableTrioptic39>false</EnableTrioptic39>
        <EnableUKPostal>false</EnableUKPostal>
        <EnableUPCA>true</EnableUPCA>
        <EnableUPCE0>true</EnableUPCE0>
        <EnableUPCE1>false</EnableUPCE1>
        <EnableUS4State>false</EnableUS4State>
        <EnableUS4StateFICS>false</EnableUS4StateFICS>
        <EnableUSPlanet>false</EnableUSPlanet>
        <EnableUSPostnet>false</EnableUSPostnet>
        <EnableWebCode>false</EnableWebCode>
        <EnableMSR>false</EnableMSR>
        <EnableHANXIN>false</EnableHANXIN>
        <EnableMAILMARK>false</EnableMAILMARK>
      </BarcodeMSR>
      <BasicDataFormatting>
        <Enable>true</Enable>
        <Prefix />
        <Suffix />
        <EnableSendData>true</EnableSendData>
        <EnableSendAsHex>false</EnableSendAsHex>
      </BasicDataFormatting>
      <DecoderSettings>
        <CodeBar>
          <EnableCLSIEditing>false</EnableCLSIEditing>
          <LowerLimitLength>6</LowerLimitLength>
          <UpperLimitLength>55</UpperLimitLength>
          <EnableNOTISEditing>false</EnableNOTISEditing>
          <EnableRedundancy>true</EnableRedundancy>
        </CodeBar>
        <Code11>
          <LowerLimitLength>4</LowerLimitLength>
          <UpperLimitLength>55</UpperLimitLength>
          <EnableRedundancy>true</EnableRedundancy>
          <EnableReportCheckDigit>false</EnableReportCheckDigit>
          <VerifyCheckDigit>NoCheckDigit</VerifyCheckDigit>
        </Code11>
        <Code128>
          <EnableCheckISBTTable>false</EnableCheckISBTTable>
          <EnableGS1_128>true</EnableGS1_128>
          <EnablePlainCode128>true</EnablePlainCode128>
          <EnableISBT128>false</EnableISBT128>
          <LowerLimitLength>0</LowerLimitLength>
          <UpperLimitLength>55</UpperLimitLength>
          <EnableISBT128ConcatenationMode>false</EnableISBT128ConcatenationMode>
          <EnableRedundancy>true</EnableRedundancy>
          <SecurityLevel>Level0</SecurityLevel>
          <V63_EnableISBT128ConcatenationMode>ConcatModeNever</V63_EnableISBT128ConcatenationMode>
          <V63_EnableMarginlessDecode>false</V63_EnableMarginlessDecode>
          <V63_EnableIgnoreFnc4>false</V63_EnableIgnoreFnc4>
        </Code128>
        <Code39>
          <EnableConvert39To32>false</EnableConvert39To32>
          <EnableFullASCII>false</EnableFullASCII>
          <LowerLimitLength>0</LowerLimitLength>
          <UpperLimitLength>55</UpperLimitLength>
          <EnableRedundancy>false</EnableRedundancy>
          <EnableReportCheckDigit>false</EnableReportCheckDigit>
          <EnableReportCode32Prefix>false</EnableReportCode32Prefix>
          <EnableVerifyCheckDigit>false</EnableVerifyCheckDigit>
          <SecurityLevel>Level1</SecurityLevel>
          <V63_EnableMarginlessDecode>false</V63_EnableMarginlessDecode>
        </Code39>
        <Code93>
          <LowerLimitLength>0</LowerLimitLength>
          <UpperLimitLength>55</UpperLimitLength>
          <EnableRedundancy>false</EnableRedundancy>
        </Code93>
        <CompositeAB>
          <UCCLinkMode>AutoDiscriminate</UCCLinkMode>
        </CompositeAB>
        <Discrete2of5>
          <LowerLimitLength>0</LowerLimitLength>
          <UpperLimitLength>14</UpperLimitLength>
          <EnableRedundancy>true</EnableRedundancy>
        </Discrete2of5>
        <Interleaved2of5>
          <Digit>No</Digit>
          <EnableConvertITF14toEAN13>false</EnableConvertITF14toEAN13>
          <LowerLimitLength>10</LowerLimitLength>
          <UpperLimitLength>14</UpperLimitLength>
          <EnableRedundancy>true</EnableRedundancy>
          <EnableReportCheckDigit>false</EnableReportCheckDigit>
          <SecurityLevel>Level0</SecurityLevel>
          <V63_EnableMarginlessDecode>false</V63_EnableMarginlessDecode>
        </Interleaved2of5>
        <Matrix2of5>
          <LowerLimitLength>0</LowerLimitLength>
          <UpperLimitLength>10</UpperLimitLength>
          <EnableRedundancy>false</EnableRedundancy>
          <EnableReportCheckDigit>true</EnableReportCheckDigit>
          <EnableVerifyCheckDigit>true</EnableVerifyCheckDigit>
        </Matrix2of5>
        <MSI>
          <Digit>One</Digit>
          <DigitScheme>Mod11_10</DigitScheme>
          <LowerLimitLength>4</LowerLimitLength>
          <UpperLimitLength>55</UpperLimitLength>
          <EnableRedundancy>true</EnableRedundancy>
          <EnableReportCheckDigit>false</EnableReportCheckDigit>
        </MSI>
        <UKPostal>
          <EnableReportCheckDigit>false</EnableReportCheckDigit>
        </UKPostal>
        <UPCA>
          <Preamble>SysChar</Preamble>
          <EnableReportCheckDigit>true</EnableReportCheckDigit>
        </UPCA>
        <UPCE0>
          <EnableConvertUPCE0toUPCA>false</EnableConvertUPCE0toUPCA>
          <Preamble>None</Preamble>
          <EnableReportCheckDigit>false</EnableReportCheckDigit>
        </UPCE0>
        <UPCE1>
          <EnableConvertUPCE1toUPCA>false</EnableConvertUPCE1toUPCA>
          <Preamble>None</Preamble>
          <EnableReportCheckDigit>false</EnableReportCheckDigit>
        </UPCE1>
        <GS1DataBarLimited>
          <SecurityLevel>Level1</SecurityLevel>
        </GS1DataBarLimited>
        <HanXin>
          <HanXinInverse>Disable</HanXinInverse>
        </HanXin>
        <USPostnet>
          <EnableReportCheckDigit>false</EnableReportCheckDigit>
        </USPostnet>
        <USPlanet>
          <EnableReportCheckDigit>false</EnableReportCheckDigit>
        </USPlanet>
      </DecoderSettings>
      <ReaderSettings>
        <BeamTimer>15000</BeamTimer>
        <EnableIlluminationMode>true</EnableIlluminationMode>
        <Inverse1DMode>Disable</Inverse1DMode>
        <EnableLCDMode>false</EnableLCDMode>
        <LinearSecurityLevel>AllowTwice</LinearSecurityLevel>
        <LowPowerTimeout>250</LowPowerTimeout>
        <Picklist>Disabled</Picklist>
        <ViewFinderMode>StaticReticle</ViewFinderMode>
        <V63_AimMode>on</V63_AimMode>
        <V63_AimType>0</V63_AimType>
        <V63_AimTimer>500</V63_AimTimer>
        <V63_BeamWidth>Default</V63_BeamWidth>
        <V63_AdaptiveScanning>Default</V63_AdaptiveScanning>
        <V63_PowerMode>Default</V63_PowerMode>
        <V63_MphoneDisplayMode>Default</V63_MphoneDisplayMode>
        <V63_ReaderMode>0</V63_ReaderMode>
        <V63_SameSymbologyTimeout>500</V63_SameSymbologyTimeout>
        <V63_DiffSymbologyTimeout>500</V63_DiffSymbologyTimeout>
        <V63_DelayToLowpower>Default</V63_DelayToLowpower>
        <V63_IlluminationBrughtness>10</V63_IlluminationBrughtness>
        <V63_ViewfinderSize>100</V63_ViewfinderSize>
        <V63_ViewfinderX>0</V63_ViewfinderX>
        <V63_ViewfinderY>0</V63_ViewfinderY>
        <V63_1dQuietZoneLvl>1</V63_1dQuietZoneLvl>
        <V63_PoorQualityEffet>0</V63_PoorQualityEffet>
        <V63_CharsetName>UTF-8</V63_CharsetName>
      </ReaderSettings>
      <ScanSettings>
        <CodeIDType>None</CodeIDType>
        <DataCaptureLEDID>8</DataCaptureLEDID>
        <DecodeAudioFeedback />
        <DecodeFeedbackLEDTimer>75</DecodeFeedbackLEDTimer>
        <EnableDecodeHapticFeedback>true</EnableDecodeHapticFeedback>
        <DecodingLEDNotification>false</DecodingLEDNotification>
        <Scanner>Auto</Scanner>
        <V63_BeepVolumeChannel>Notifications</V63_BeepVolumeChannel>
      </ScanSettings>
      <UPCEANSettings>
        <EnableBooklandCode>true</EnableBooklandCode>
        <BooklandFormat>ISBN_10</BooklandFormat>
        <EnableConvertDataBarToUPCEAN>false</EnableConvertDataBarToUPCEAN>
        <EnableCoupon>true</EnableCoupon>
        <CouponReportMode>Both</CouponReportMode>
        <EnableLinearDecode>false</EnableLinearDecode>
        <EnableRandomWeightCheckDigit>false</EnableRandomWeightCheckDigit>
        <EnableEanZeroExtend>false</EnableEanZeroExtend>
        <EnableReducedQuietZone>false</EnableReducedQuietZone>
        <RetryCount>10</RetryCount>
        <SecurityLevel>Level1</SecurityLevel>
        <EnableSupplemental2>false</EnableSupplemental2>
        <EnableSupplemental5>false</EnableSupplemental5>
        <SupplementalMode>No</SupplementalMode>
      </UPCEANSettings>
      <EmdkVersion>Zebra</EmdkVersion>
    </ScannerSetting>
    <ScannerSetting xsi:type="PanasonicScannerSettings">
      <Symbologies>
        <AztecCode xmlns="Symbology_Shared.Panasonic">
          <Enabled>true</Enabled>
          <Inverse>RegularOnly</Inverse>
        </AztecCode>
        <Code39 xmlns="Symbology_Shared.Panasonic">
          <Enabled>true</Enabled>
          <Length1>2</Length1>
          <Length2>55</Length2>
          <Code39>true</Code39>
          <TriopticCode39>false</TriopticCode39>
          <ConvertCode39ToCode32>false</ConvertCode39ToCode32>
          <ReportCode32Prefix>false</ReportCode32Prefix>
          <VerifyCheckDigit>false</VerifyCheckDigit>
          <ReportCheckDigit>false</ReportCheckDigit>
          <FullASCII>false</FullASCII>
          <Code39ReducedQuietZone>false</Code39ReducedQuietZone>
        </Code39>
        <Code128 xmlns="Symbology_Shared.Panasonic">
          <Enabled>true</Enabled>
          <Length1>0</Length1>
          <Length2>0</Length2>
          <Code128>true</Code128>
          <GS1_128>true</GS1_128>
          <ISBT_128>true</ISBT_128>
          <ISBT128ConcatenationMode>ConcatModeNever</ISBT128ConcatenationMode>
          <ISBT128ConcatenationRedundancy>10</ISBT128ConcatenationRedundancy>
          <CheckISBTTable>true</CheckISBTTable>
          <Code128ReducedQuietZone>false</Code128ReducedQuietZone>
          <IgnoreCode128Fnc4>false</IgnoreCode128Fnc4>
        </Code128>
        <DataMatrix xmlns="Symbology_Shared.Panasonic">
          <Enabled>true</Enabled>
          <Inverse>RegularOnly</Inverse>
          <DecodeMirrorImages>Never</DecodeMirrorImages>
        </DataMatrix>
        <UpcEanJan xmlns="Symbology_Shared.Panasonic">
          <Enabled>true</Enabled>
          <UPC_A>true</UPC_A>
          <UPC_E>true</UPC_E>
          <UPC_E1>false</UPC_E1>
          <EAN_8_JAN_8>true</EAN_8_JAN_8>
          <EAN_13_JAN_13>true</EAN_13_JAN_13>
          <BooklandEAN>false</BooklandEAN>
          <ISSN_EAN>false</ISSN_EAN>
          <SupplementalMode>NoSupplementals</SupplementalMode>
          <UserProgrammableSupplemental1>0</UserProgrammableSupplemental1>
          <UserProgrammableSupplemental2>0</UserProgrammableSupplemental2>
          <SupplementalRedundancy>10</SupplementalRedundancy>
          <UPC_A_ReportCheckDigit>true</UPC_A_ReportCheckDigit>
          <UPC_E_ReportCheckDigit>true</UPC_E_ReportCheckDigit>
          <UPC_E1_ReportCheckDigit>true</UPC_E1_ReportCheckDigit>
          <UPC_A_Preamble>PreambleSysChar</UPC_A_Preamble>
          <UPC_E_Preamble>PreambleSysChar</UPC_E_Preamble>
          <UPC_E1_Preamble>PreambleSysChar</UPC_E1_Preamble>
          <Convert_UPC_E_To_UPC_A>false</Convert_UPC_E_To_UPC_A>
          <Convert_UPC_E1_To_UPC_A>false</Convert_UPC_E1_To_UPC_A>
          <EAN_8_Jan_8_Zero_Extend>false</EAN_8_Jan_8_Zero_Extend>
          <SupplementalAimIdFormat>Combined</SupplementalAimIdFormat>
          <BooklandFormat>ISBN_10</BooklandFormat>
          <UCCCouponExtendedCode>false</UCCCouponExtendedCode>
          <CouponReport>NewCouponSymbols</CouponReport>
          <UPCReducedQuietZone>false</UPCReducedQuietZone>
        </UpcEanJan>
        <QRCode xmlns="Symbology_Shared.Panasonic">
          <Enabled>true</Enabled>
          <Inverse>RegularOnly</Inverse>
        </QRCode>
        <AustralianPostal xmlns="Symbology_Shared.Panasonic">
          <Enabled>false</Enabled>
          <Format>Autodiscriminate</Format>
        </AustralianPostal>
        <Chinese2Of5 xmlns="Symbology_Shared.Panasonic">
          <Enabled>false</Enabled>
          <Length1>11</Length1>
          <Length2>0</Length2>
        </Chinese2Of5>
        <Codabar xmlns="Symbology_Shared.Panasonic">
          <Enabled>false</Enabled>
          <Length1>5</Length1>
          <Length2>55</Length2>
          <CLSIEditing>false</CLSIEditing>
          <NOTISEditing>false</NOTISEditing>
        </Codabar>
        <Code11 xmlns="Symbology_Shared.Panasonic">
          <Enabled>false</Enabled>
          <Length1>4</Length1>
          <Length2>55</Length2>
          <ReportCheckDigit>false</ReportCheckDigit>
          <VerifyCheckDigit>NoCheckDigit</VerifyCheckDigit>
        </Code11>
        <Code93 xmlns="Symbology_Shared.Panasonic">
          <Enabled>false</Enabled>
          <Length1>4</Length1>
          <Length2>55</Length2>
        </Code93>
        <Composite xmlns="Symbology_Shared.Panasonic">
          <Enabled>false</Enabled>
          <CompositeCC_C>false</CompositeCC_C>
          <CompositeCC_AB>false</CompositeCC_AB>
          <CompositeTLC_39>false</CompositeTLC_39>
          <UPCCompositeMode>UPCNeverLinked</UPCCompositeMode>
          <GST128_EmulationMode_UCC_EAN128>false</GST128_EmulationMode_UCC_EAN128>
        </Composite>
        <Discrete2Of5 xmlns="Symbology_Shared.Panasonic">
          <Enabled>false</Enabled>
          <Length1>12</Length1>
          <Length2>0</Length2>
        </Discrete2Of5>
        <GS1DataBar xmlns="Symbology_Shared.Panasonic">
          <Enabled>false</Enabled>
          <GS1_DataBar14>false</GS1_DataBar14>
          <GS1_DataBarLimited>false</GS1_DataBarLimited>
          <GS1_DataBarExpanded>false</GS1_DataBarExpanded>
          <GS1_DataBarLimitedSecurityLevel>Level3</GS1_DataBarLimitedSecurityLevel>
          <ConvertGS1DataBarToUPC_EAN>false</ConvertGS1DataBarToUPC_EAN>
        </GS1DataBar>
        <HanXin xmlns="Symbology_Shared.Panasonic">
          <Enabled>false</Enabled>
          <HanXinInverse>RegularOnly</HanXinInverse>
        </HanXin>
        <Interleaved2of5 xmlns="Symbology_Shared.Panasonic">
          <Enabled>false</Enabled>
          <Length1>14</Length1>
          <Length2>0</Length2>
          <VerifyCheckDigit>NoCheckDigit</VerifyCheckDigit>
          <ReportCheckDigit>false</ReportCheckDigit>
          <Convert_I_2_Of_5_To_EAN13>false</Convert_I_2_Of_5_To_EAN13>
          <SecurityLevel>SecurityLevel1</SecurityLevel>
          <ReducedQuietZone>false</ReducedQuietZone>
        </Interleaved2of5>
        <JapanPostal xmlns="Symbology_Shared.Panasonic">
          <Enabled>false</Enabled>
        </JapanPostal>
        <Korean3Of5 xmlns="Symbology_Shared.Panasonic">
          <Enabled>false</Enabled>
        </Korean3Of5>
        <Matrix2Of5 xmlns="Symbology_Shared.Panasonic">
          <Enabled>false</Enabled>
          <Length1>14</Length1>
          <Length2>0</Length2>
          <Redundancy>false</Redundancy>
          <VerifyCheckDigit>false</VerifyCheckDigit>
          <ReportCheckDigit>false</ReportCheckDigit>
        </Matrix2Of5>
        <Maxicode xmlns="Symbology_Shared.Panasonic">
          <Enabled>false</Enabled>
        </Maxicode>
        <MicroPdf417 xmlns="Symbology_Shared.Panasonic">
          <Enabled>false</Enabled>
          <Code128Emulation>false</Code128Emulation>
        </MicroPdf417>
        <MicroQR xmlns="Symbology_Shared.Panasonic">
          <Enabled>false</Enabled>
        </MicroQR>
        <MSI xmlns="Symbology_Shared.Panasonic">
          <Enabled>false</Enabled>
          <Length1>4</Length1>
          <Length2>55</Length2>
          <CheckDigitOption>OneDigit</CheckDigitOption>
          <ReportCheckDigit>false</ReportCheckDigit>
          <CheckDigitAlgorithm>DoubleModulo_10</CheckDigitAlgorithm>
        </MSI>
        <NetherlandsKIXCode xmlns="Symbology_Shared.Panasonic">
          <Enabled>false</Enabled>
        </NetherlandsKIXCode>
        <PDF417 xmlns="Symbology_Shared.Panasonic">
          <Enabled>false</Enabled>
        </PDF417>
        <UKPostal xmlns="Symbology_Shared.Panasonic">
          <Enabled>false</Enabled>
          <ReportCheckDigit>true</ReportCheckDigit>
        </UKPostal>
        <UPUFICSPostal xmlns="Symbology_Shared.Panasonic">
          <Enabled>false</Enabled>
        </UPUFICSPostal>
        <USPS4CBOneCodeIntelligentMail xmlns="Symbology_Shared.Panasonic">
          <Enabled>false</Enabled>
        </USPS4CBOneCodeIntelligentMail>
        <USPostal xmlns="Symbology_Shared.Panasonic">
          <Enabled>false</Enabled>
          <USPostnet>false</USPostnet>
          <USPlanet>false</USPlanet>
          <ReportCheckDigit>true</ReportCheckDigit>
        </USPostal>
      </Symbologies>
      <DataTransmissionSettings>
        <Preamble />
        <Postamble />
        <TransmitCodeID>None</TransmitCodeID>
        <TransmitNoReadMessage>false</TransmitNoReadMessage>
        <DataEditing>
          <ToughpadApi />
          <IntentOutput />
          <KeyboardWedge />
          <IPOutput />
        </DataEditing>
        <Encoding>UTF_8</Encoding>
      </DataTransmissionSettings>
      <ReaderSettings>
        <TriggerMode xmlns="Symbology_Shared.Panasonic">Level</TriggerMode>
        <PicklistMode xmlns="Symbology_Shared.Panasonic">false</PicklistMode>
        <DecodeTimeout xmlns="Symbology_Shared.Panasonic">false</DecodeTimeout>
        <DecodeTimeoutPeriod xmlns="Symbology_Shared.Panasonic">99</DecodeTimeoutPeriod>
        <TimeoutBetweenDecodes xmlns="Symbology_Shared.Panasonic">6</TimeoutBetweenDecodes>
        <ContinuousDecodeInterval xmlns="Symbology_Shared.Panasonic">1</ContinuousDecodeInterval>
        <Illumination xmlns="Symbology_Shared.Panasonic">true</Illumination>
        <IlluminationPowerLevel xmlns="Symbology_Shared.Panasonic">10</IlluminationPowerLevel>
        <MotionIllumination xmlns="Symbology_Shared.Panasonic">true</MotionIllumination>
        <Inverse1DMode xmlns="Symbology_Shared.Panasonic">RegularOnly</Inverse1DMode>
        <Fuzzy1DProcessing xmlns="Symbology_Shared.Panasonic">true</Fuzzy1DProcessing>
        <MobilePhoneDisplayMode xmlns="Symbology_Shared.Panasonic">false</MobilePhoneDisplayMode>
        <MultiDecodeMode xmlns="Symbology_Shared.Panasonic">
          <Enabled>false</Enabled>
          <BarCodesToRead>1</BarCodesToRead>
          <FullReadMode>true</FullReadMode>
        </MultiDecodeMode>
        <DecodeAimingPattern xmlns="Symbology_Shared.Panasonic">true</DecodeAimingPattern>
        <HandsFreeDocedeAimingPattern xmlns="Symbology_Shared.Panasonic">true</HandsFreeDocedeAimingPattern>
        <AudioFeedback xmlns="Symbology_Shared.Panasonic">Decode</AudioFeedback>
        <HapticFeedback xmlns="Symbology_Shared.Panasonic">false</HapticFeedback>
        <LEDFeedback xmlns="Symbology_Shared.Panasonic">false</LEDFeedback>
      </ReaderSettings>
      <SecurityLevels>
        <RedundancyLevel>Level1</RedundancyLevel>
        <SecurityLevel>Level1</SecurityLevel>
        <IntercharacterGapSize>Normal</IntercharacterGapSize>
        <QuietZoneLevel>QuietZoneLevel1</QuietZoneLevel>
      </SecurityLevels>
      <IntentOutputSettings>
        <IntentOutput>false</IntentOutput>
        <IntentActionName />
        <IntentCategoryName />
        <IntentDeliveryType>SendViaStartActivity</IntentDeliveryType>
      </IntentOutputSettings>
    </ScannerSetting>
    <ScannerSetting xsi:type="DataLogicScannerSetting">
      <Notification>
        <GoodReadDuration>70</GoodReadDuration>
        <GoodReadInterval>20</GoodReadInterval>
        <GoodReadNumber>1</GoodReadNumber>
        <EnableDisplayNotification>false</EnableDisplayNotification>
      </Notification>
      <GoodRead>
        <EnableGoodRead>true</EnableGoodRead>
        <EnableGreenSpot>true</EnableGreenSpot>
        <EnableGoodReadLED>true</EnableGoodReadLED>
        <EnableVibrator>false</EnableVibrator>
      </GoodRead>
      <Formatting>
        <Prefix />
        <Suffix />
        <GSDataSeparator />
        <RemoveNonPrintableChar>false</RemoveNonPrintableChar>
        <SendCodeID>None</SendCodeID>
      </Formatting>
      <ScannerOptions>
        <EnablePicklist>false</EnablePicklist>
        <EnableIllumination>true</EnableIllumination>
        <EnableAim>true</EnableAim>
        <TargetMode>NoDelay</TargetMode>
        <TargetTimeout>1</TargetTimeout>
        <ReleaseScanTimeout>2</ReleaseScanTimeout>
        <DecodeTimeout>5</DecodeTimeout>
      </ScannerOptions>
      <SymbologySettings>
        <Codabar xmlns="Symbology_Shared.DataLogic">
          <BasicCode>
            <Enable>true</Enable>
            <UserId>l</UserId>
            <Length1>4</Length1>
            <Length2>20</Length2>
            <LengthControlMode>Range</LengthControlMode>
          </BasicCode>
          <ConvertToCLSI>false</ConvertToCLSI>
          <EnableChecksum>false</EnableChecksum>
          <SendChecksum>false</SendChecksum>
          <SendStartStop>false</SendStartStop>
        </Codabar>
        <Code39 xmlns="Symbology_Shared.DataLogic">
          <BasicCode>
            <Enable>true</Enable>
            <UserId>C</UserId>
            <Length1>1</Length1>
            <Length2>20</Length2>
            <LengthControlMode>Range</LengthControlMode>
          </BasicCode>
          <Code32>
            <Enable>false</Enable>
            <UserId>Y</UserId>
          </Code32>
          <EnableCheckSum>false</EnableCheckSum>
          <FullAscii>false</FullAscii>
          <SendCheckSum>false</SendCheckSum>
          <Trioptic>
            <Enable>false</Enable>
            <UserId>X</UserId>
          </Trioptic>
        </Code39>
        <Code93 xmlns="Symbology_Shared.DataLogic">
          <Enable>false</Enable>
          <UserId>L</UserId>
          <Length1>2</Length1>
          <Length2>20</Length2>
          <LengthControlMode>Range</LengthControlMode>
        </Code93>
        <Code128 xmlns="Symbology_Shared.DataLogic">
          <BasicCode>
            <Enable>true</Enable>
            <UserId>K</UserId>
            <Length1>2</Length1>
            <Length2>40</Length2>
            <LengthControlMode>Range</LengthControlMode>
          </BasicCode>
          <GS1_128>
            <Enable>true</Enable>
            <UserId>o</UserId>
          </GS1_128>
        </Code128>
        <Discrete2of5 xmlns="Symbology_Shared.DataLogic">
          <Enable>false</Enable>
          <UserId>F</UserId>
          <Length1>6</Length1>
          <Length2>10</Length2>
          <LengthControlMode>Range</LengthControlMode>
        </Discrete2of5>
        <EAN8 xmlns="Symbology_Shared.DataLogic">
          <BasicCode>
            <Enable>true</Enable>
            <UserId>G</UserId>
          </BasicCode>
          <ConvertToEan13>false</ConvertToEan13>
          <SendChecksum>false</SendChecksum>
        </EAN8>
        <EAN13 xmlns="Symbology_Shared.DataLogic">
          <BasicCode>
            <Enable>true</Enable>
            <UserId>M</UserId>
          </BasicCode>
          <ConvertToISBN>false</ConvertToISBN>
          <ConvertToISSN>false</ConvertToISSN>
          <SendChecksum>false</SendChecksum>
        </EAN13>
        <GS1DataBar14 xmlns="Symbology_Shared.DataLogic">
          <Enable>true</Enable>
          <UserId>P</UserId>
        </GS1DataBar14>
        <GS1DataBarExpanded xmlns="Symbology_Shared.DataLogic">
          <Enable>true</Enable>
          <UserId>R</UserId>
          <Length1>1</Length1>
          <Length2>74</Length2>
          <LengthControlMode>Range</LengthControlMode>
        </GS1DataBarExpanded>
        <GS1DataBarLimited xmlns="Symbology_Shared.DataLogic">
          <Enable>true</Enable>
          <UserId>Q</UserId>
        </GS1DataBarLimited>
        <Interleaved2of5 xmlns="Symbology_Shared.DataLogic">
          <BasicCode>
            <Enable>true</Enable>
            <UserId>B</UserId>
            <Length1>6</Length1>
            <Length2>10</Length2>
            <LengthControlMode>Range</LengthControlMode>
          </BasicCode>
          <EnableChecksum>false</EnableChecksum>
          <SendChecksum>false</SendChecksum>
        </Interleaved2of5>
        <Matrix2of5 xmlns="Symbology_Shared.DataLogic">
          <Enable>false</Enable>
          <UserId>D</UserId>
          <Length1>6</Length1>
          <Length2>10</Length2>
          <LengthControlMode>Range</LengthControlMode>
        </Matrix2of5>
        <MSI xmlns="Symbology_Shared.DataLogic">
          <BasicCode>
            <Enable>false</Enable>
            <UserId>H</UserId>
            <Length1>4</Length1>
            <Length2>10</Length2>
            <LengthControlMode>Range</LengthControlMode>
          </BasicCode>
          <Checksum2Mod11>false</Checksum2Mod11>
          <Require2ChecksumR>false</Require2ChecksumR>
          <SendChecksum>false</SendChecksum>
        </MSI>
        <UPCA xmlns="Symbology_Shared.DataLogic">
          <BasicCode>
            <Enable>true</Enable>
            <UserId>A</UserId>
          </BasicCode>
          <ConvertToEan13>false</ConvertToEan13>
          <SendChecksum>false</SendChecksum>
          <SendSystemDigit>true</SendSystemDigit>
        </UPCA>
        <UPCE xmlns="Symbology_Shared.DataLogic">
          <BasicCode>
            <Enable>true</Enable>
            <UserId>E</UserId>
          </BasicCode>
          <ConvertToUpcA>false</ConvertToUpcA>
          <SendChecksum>false</SendChecksum>
          <SendSystemDigit>true</SendSystemDigit>
        </UPCE>
        <UPCEANExtensions xmlns="Symbology_Shared.DataLogic">
          <Enable2Digit>true</Enable2Digit>
          <Enable5Digit>true</Enable5Digit>
          <Require>false</Require>
        </UPCEANExtensions>
        <Aztec xmlns="Symbology_Shared.DataLogic">
          <Enable>true</Enable>
          <UserId>d</UserId>
          <Length1>1</Length1>
          <Length2>3750</Length2>
          <LengthControlMode>Range</LengthControlMode>
        </Aztec>
        <Datamatrix xmlns="Symbology_Shared.DataLogic">
          <Enable>true</Enable>
          <UserId>V</UserId>
          <Length1>1</Length1>
          <Length2>1500</Length2>
          <LengthControlMode>Range</LengthControlMode>
        </Datamatrix>
        <Maxicode xmlns="Symbology_Shared.DataLogic">
          <Enable>false</Enable>
          <UserId>W</UserId>
          <Length1>1</Length1>
          <Length2>138</Length2>
          <LengthControlMode>Range</LengthControlMode>
        </Maxicode>
        <Micropdf417 xmlns="Symbology_Shared.DataLogic">
          <Enable>false</Enable>
          <UserId>a</UserId>
          <Length1>1</Length1>
          <Length2>366</Length2>
          <LengthControlMode>Range</LengthControlMode>
        </Micropdf417>
        <MicroQR xmlns="Symbology_Shared.DataLogic">
          <Enable>false</Enable>
          <UserId>c</UserId>
          <Length1>1</Length1>
          <Length2>35</Length2>
          <LengthControlMode>Range</LengthControlMode>
        </MicroQR>
        <Pdf417 xmlns="Symbology_Shared.DataLogic">
          <Enable>true</Enable>
          <UserId>S</UserId>
          <Length1>1</Length1>
          <Length2>2710</Length2>
          <LengthControlMode>Range</LengthControlMode>
        </Pdf417>
        <QRCode xmlns="Symbology_Shared.DataLogic">
          <Enable>true</Enable>
          <UserId>c</UserId>
          <Length1>1</Length1>
          <Length2>3500</Length2>
          <LengthControlMode>Range</LengthControlMode>
        </QRCode>
        <PostalAustralian xmlns="Symbology_Shared.DataLogic">
          <Enable>false</Enable>
          <UserId>f</UserId>
        </PostalAustralian>
        <PostalJapan xmlns="Symbology_Shared.DataLogic">
          <Enable>false</Enable>
          <UserId>f</UserId>
        </PostalJapan>
        <PostalKix xmlns="Symbology_Shared.DataLogic">
          <Enable>false</Enable>
          <UserId>f</UserId>
        </PostalKix>
        <PostalRoyalMail xmlns="Symbology_Shared.DataLogic">
          <BasicCode>
            <Enable>false</Enable>
            <UserId>f</UserId>
          </BasicCode>
          <SendChecksum>true</SendChecksum>
        </PostalRoyalMail>
        <PostalUsPlanet xmlns="Symbology_Shared.DataLogic">
          <Enable>false</Enable>
          <UserId>f</UserId>
        </PostalUsPlanet>
        <PostalUsPostnet xmlns="Symbology_Shared.DataLogic">
          <Enable>false</Enable>
          <UserId>f</UserId>
        </PostalUsPostnet>
        <PostalUsps4State xmlns="Symbology_Shared.DataLogic">
          <Enable>false</Enable>
          <UserId>f</UserId>
        </PostalUsps4State>
      </SymbologySettings>
    </ScannerSetting>
    <ScannerSetting xsi:type="HoneywellScannerSetting">
      <DataProcessingSettings>
        <Prefix xmlns="Symbology_Shared.Honeywell" />
        <Suffix xmlns="Symbology_Shared.Honeywell" />
        <SymbologyPrefix xmlns="Symbology_Shared.Honeywell">None</SymbologyPrefix>
      </DataProcessingSettings>
      <SymbologySettings>
        <Code128 xmlns="Symbology_Shared.Honeywell">
          <Enabled>true</Enabled>
          <MinLength>0</MinLength>
          <MaxLength>80</MaxLength>
          <ISBT128Enabled>false</ISBT128Enabled>
        </Code128>
        <GS1128 xmlns="Symbology_Shared.Honeywell">
          <Enabled>true</Enabled>
          <MinLength>0</MinLength>
          <MaxLength>80</MaxLength>
        </GS1128>
        <Code39 xmlns="Symbology_Shared.Honeywell">
          <Enabled>true</Enabled>
          <MinLength>0</MinLength>
          <MaxLength>48</MaxLength>
          <CheckDigitMode>NoCheck</CheckDigitMode>
          <FullASCIIConversionEnabled>false</FullASCIIConversionEnabled>
          <StartStopTransmitEnabled>false</StartStopTransmitEnabled>
          <Base32ConversionEnabled>false</Base32ConversionEnabled>
        </Code39>
        <Datamatrix xmlns="Symbology_Shared.Honeywell">
          <Enabled>true</Enabled>
          <MinLength>1</MinLength>
          <MaxLength>3116</MaxLength>
        </Datamatrix>
        <UPCA xmlns="Symbology_Shared.Honeywell">
          <Enabled>true</Enabled>
          <TranslateEAN13>false</TranslateEAN13>
          <CouponCodeModeEnabled>false</CouponCodeModeEnabled>
          <CombineCouponCodeModeEnabled>false</CombineCouponCodeModeEnabled>
          <CheckDigitTransmitEnabled>false</CheckDigitTransmitEnabled>
          <NumberSystemTransmitEnabled>true</NumberSystemTransmitEnabled>
          <TwoCharAddendaEnabled>false</TwoCharAddendaEnabled>
          <FiveCharAddendaEnabled>false</FiveCharAddendaEnabled>
          <AddendaRequiredEnabled>false</AddendaRequiredEnabled>
          <AddendaSeparatorEnabled>false</AddendaSeparatorEnabled>
        </UPCA>
        <UPCE xmlns="Symbology_Shared.Honeywell">
          <Enabled>false</Enabled>
          <E1Enabled>false</E1Enabled>
          <ExpandToUPCA>false</ExpandToUPCA>
          <CheckDigitTransmitEnabled>false</CheckDigitTransmitEnabled>
          <NumberSystemTransmitEnabled>true</NumberSystemTransmitEnabled>
          <TwoCharAddendaEnabled>false</TwoCharAddendaEnabled>
          <FiveCharAddendaEnabled>false</FiveCharAddendaEnabled>
          <AddendaRequiredEnabled>false</AddendaRequiredEnabled>
          <AddendaSeparatorEnabled>false</AddendaSeparatorEnabled>
        </UPCE>
        <EAN8 xmlns="Symbology_Shared.Honeywell">
          <Enabled>false</Enabled>
          <CheckDigitTransmitEnabled>false</CheckDigitTransmitEnabled>
          <TwoCharAddendaEnabled>false</TwoCharAddendaEnabled>
          <FiveCharAddendaEnabled>false</FiveCharAddendaEnabled>
          <AddendaRequiredEnabled>false</AddendaRequiredEnabled>
          <AddendaSeparatorEnabled>false</AddendaSeparatorEnabled>
        </EAN8>
        <EAN13 xmlns="Symbology_Shared.Honeywell">
          <Enabled>true</Enabled>
          <CheckDigitTransmitEnabled>false</CheckDigitTransmitEnabled>
          <TwoCharAddendaEnabled>false</TwoCharAddendaEnabled>
          <FiveCharAddendaEnabled>false</FiveCharAddendaEnabled>
          <AddendaRequiredEnabled>false</AddendaRequiredEnabled>
          <AddendaSeparatorEnabled>false</AddendaSeparatorEnabled>
        </EAN13>
        <Aztec xmlns="Symbology_Shared.Honeywell">
          <Enabled>true</Enabled>
          <MinLength>1</MinLength>
          <MaxLength>3832</MaxLength>
        </Aztec>
        <ChinaPost xmlns="Symbology_Shared.Honeywell">
          <Enabled>false</Enabled>
          <MinLength>4</MinLength>
          <MaxLength>80</MaxLength>
        </ChinaPost>
        <Codabar xmlns="Symbology_Shared.Honeywell">
          <Enabled>true</Enabled>
          <MinLength>2</MinLength>
          <MaxLength>60</MaxLength>
          <StartStopTransmitEnabled>false</StartStopTransmitEnabled>
          <CheckDigitMode>NoCheck</CheckDigitMode>
          <ConcatEnabled>false</ConcatEnabled>
        </Codabar>
        <CodablockA xmlns="Symbology_Shared.Honeywell">
          <Enabled>false</Enabled>
          <MinLength>0</MinLength>
          <MaxLength>2048</MaxLength>
        </CodablockA>
        <CodablockF xmlns="Symbology_Shared.Honeywell">
          <Enabled>false</Enabled>
          <MinLength>0</MinLength>
          <MaxLength>2048</MaxLength>
        </CodablockF>
        <Code11 xmlns="Symbology_Shared.Honeywell">
          <Enabled>false</Enabled>
          <MinLength>1</MinLength>
          <MaxLength>80</MaxLength>
          <CheckDigitMode>DoubleCheckAndStripDigits</CheckDigitMode>
        </Code11>
        <Code93 xmlns="Symbology_Shared.Honeywell">
          <Enabled>false</Enabled>
          <MinLength>0</MinLength>
          <MaxLength>80</MaxLength>
        </Code93>
        <Composite xmlns="Symbology_Shared.Honeywell">
          <Enabled>false</Enabled>
          <MinLength>1</MinLength>
          <MaxLength>300</MaxLength>
        </Composite>
        <GS1DataBar xmlns="Symbology_Shared.Honeywell">
          <Enabled>false</Enabled>
          <MinLength>1</MinLength>
          <MaxLength>80</MaxLength>
          <LimitedEnabled>false</LimitedEnabled>
          <ExpandedEnabled>false</ExpandedEnabled>
        </GS1DataBar>
        <HanXin xmlns="Symbology_Shared.Honeywell">
          <Enabled>false</Enabled>
          <MinLength>1</MinLength>
          <MaxLength>6000</MaxLength>
        </HanXin>
        <IATA25 xmlns="Symbology_Shared.Honeywell">
          <Enabled>false</Enabled>
          <MinLength>4</MinLength>
          <MaxLength>80</MaxLength>
        </IATA25>
        <Interleaved25 xmlns="Symbology_Shared.Honeywell">
          <Enabled>true</Enabled>
          <MinLength>2</MinLength>
          <MaxLength>80</MaxLength>
          <CheckDigitMode>NoCheck</CheckDigitMode>
        </Interleaved25>
        <KoreanPost xmlns="Symbology_Shared.Honeywell">
          <Enabled>false</Enabled>
          <MinLength>4</MinLength>
          <MaxLength>48</MaxLength>
        </KoreanPost>
        <Matrix25 xmlns="Symbology_Shared.Honeywell">
          <Enabled>false</Enabled>
          <MinLength>4</MinLength>
          <MaxLength>80</MaxLength>
        </Matrix25>
        <Maxicode xmlns="Symbology_Shared.Honeywell">
          <Enabled>false</Enabled>
          <MinLength>1</MinLength>
          <MaxLength>150</MaxLength>
        </Maxicode>
        <MicroPDF417 xmlns="Symbology_Shared.Honeywell">
          <Enabled>false</Enabled>
          <MinLength>1</MinLength>
          <MaxLength>2750</MaxLength>
        </MicroPDF417>
        <MSI xmlns="Symbology_Shared.Honeywell">
          <Enabled>true</Enabled>
          <MinLength>4</MinLength>
          <MaxLength>48</MaxLength>
          <CheckDigitMode>NoCheck</CheckDigitMode>
        </MSI>
        <PDF417 xmlns="Symbology_Shared.Honeywell">
          <Enabled>false</Enabled>
          <MinLength>1</MinLength>
          <MaxLength>2750</MaxLength>
        </PDF417>
        <QRCode xmlns="Symbology_Shared.Honeywell">
          <Enabled>false</Enabled>
          <MinLength>1</MinLength>
          <MaxLength>7089</MaxLength>
        </QRCode>
        <Standard25 xmlns="Symbology_Shared.Honeywell">
          <Enabled>false</Enabled>
          <MinLength>4</MinLength>
          <MaxLength>48</MaxLength>
        </Standard25>
        <Telepen xmlns="Symbology_Shared.Honeywell">
          <Enabled>false</Enabled>
          <MinLength>1</MinLength>
          <MaxLength>60</MaxLength>
          <OldStyleEnabled>false</OldStyleEnabled>
        </Telepen>
        <TLC39 xmlns="Symbology_Shared.Honeywell">
          <Enabled>false</Enabled>
        </TLC39>
        <Trioptic xmlns="Symbology_Shared.Honeywell">
          <Enabled>false</Enabled>
        </Trioptic>
        <TwoDPostalSettings xmlns="Symbology_Shared.Honeywell">
          <Mode>NONE</Mode>
          <PlanetCheckDigitTransmitEnabled>false</PlanetCheckDigitTransmitEnabled>
          <PostnetCheckDigitTransmitEnabled>false</PostnetCheckDigitTransmitEnabled>
        </TwoDPostalSettings>
        <OCR xmlns="Symbology_Shared.Honeywell">
          <Mode>OFF</Mode>
          <ActiveTemplate>1</ActiveTemplate>
          <Template>1,3,7,7,7,7,7,7,7,7,0</Template>
        </OCR>
      </SymbologySettings>
      <DecodeSettings>
        <CenterDecode xmlns="Symbology_Shared.Honeywell">false</CenterDecode>
        <WindowTop xmlns="Symbology_Shared.Honeywell">50</WindowTop>
        <WindowBottom xmlns="Symbology_Shared.Honeywell">50</WindowBottom>
        <WindowLeft xmlns="Symbology_Shared.Honeywell">50</WindowLeft>
        <WindowRight xmlns="Symbology_Shared.Honeywell">50</WindowRight>
      </DecodeSettings>
      <ImagerSettings>
        <LightIntensity xmlns="Symbology_Shared.Honeywell">100</LightIntensity>
        <ExposureMode xmlns="Symbology_Shared.Honeywell">CONTEXT_SENSITIVE</ExposureMode>
        <SampleMethod xmlns="Symbology_Shared.Honeywell">CENTER_WEIGHTED</SampleMethod>
        <Exposure xmlns="Symbology_Shared.Honeywell">4800</Exposure>
        <Gain xmlns="Symbology_Shared.Honeywell">1024</Gain>
        <MaxExposure xmlns="Symbology_Shared.Honeywell">60000</MaxExposure>
        <MaxGain xmlns="Symbology_Shared.Honeywell">1024</MaxGain>
        <TargetValue xmlns="Symbology_Shared.Honeywell">100</TargetValue>
        <TargetAcceptableOffset xmlns="Symbology_Shared.Honeywell">40</TargetAcceptableOffset>
        <RejectionLimit xmlns="Symbology_Shared.Honeywell">5</RejectionLimit>
        <TargetPercentile xmlns="Symbology_Shared.Honeywell">97</TargetPercentile>
      </ImagerSettings>
      <TriggerSettings>
        <ScanDelay xmlns="Symbology_Shared.Honeywell">0</ScanDelay>
      </TriggerSettings>
      <NotificationSettings>
        <GoodReadEnabled xmlns="Symbology_Shared.Honeywell">true</GoodReadEnabled>
        <BadReadEnabled xmlns="Symbology_Shared.Honeywell">false</BadReadEnabled>
        <VibrateEnabled xmlns="Symbology_Shared.Honeywell">false</VibrateEnabled>
      </NotificationSettings>
    </ScannerSetting>
    <ScannerSetting xsi:type="BluebirdScannerSetting">
      <SymbologySettings>
        <UPCA xmlns="Symbology_Shared.Bluebird">
          <Enabled>true</Enabled>
          <CheckDigitTransmit>true</CheckDigitTransmit>
          <Preamble>CharacterOnly</Preamble>
        </UPCA>
        <UPCE xmlns="Symbology_Shared.Bluebird">
          <Enabled>true</Enabled>
          <CheckDigitTransmit>true</CheckDigitTransmit>
          <Preamble>CharacterOnly</Preamble>
        </UPCE>
        <UPCE1 xmlns="Symbology_Shared.Bluebird">
          <Enabled>false</Enabled>
          <CheckDigitTransmit>true</CheckDigitTransmit>
          <Preamble>CharacterOnly</Preamble>
        </UPCE1>
        <ConvertUPCEToUPCA xmlns="Symbology_Shared.Bluebird">false</ConvertUPCEToUPCA>
        <ConvertUPCE1ToUPCA xmlns="Symbology_Shared.Bluebird">false</ConvertUPCE1ToUPCA>
        <EAN8 xmlns="Symbology_Shared.Bluebird">
          <Enabled>true</Enabled>
          <EAN8Extend>false</EAN8Extend>
        </EAN8>
        <EAN13 xmlns="Symbology_Shared.Bluebird">
          <Enabled>true</Enabled>
        </EAN13>
        <CouponReport xmlns="Symbology_Shared.Bluebird">NewCouponSymbols</CouponReport>
        <BookLandEAN xmlns="Symbology_Shared.Bluebird">
          <Enabled>true</Enabled>
          <Format>BooklandISBN10</Format>
        </BookLandEAN>
        <EANTransmitISSN xmlns="Symbology_Shared.Bluebird">false</EANTransmitISSN>
        <SupplementalCode xmlns="Symbology_Shared.Bluebird">
          <Code>Ignore</Code>
          <Redundancy>10</Redundancy>
          <AIMID>false</AIMID>
        </SupplementalCode>
        <Code39 xmlns="Symbology_Shared.Bluebird">
          <Enabled>true</Enabled>
          <MinLength>3</MinLength>
          <MaxLength>30</MaxLength>
          <CheckDigit>false</CheckDigit>
          <CheckDigitTransmit>false</CheckDigitTransmit>
          <FullASCII>false</FullASCII>
        </Code39>
        <ConvertCode39ToCode32 xmlns="Symbology_Shared.Bluebird">false</ConvertCode39ToCode32>
        <TriopticCode39 xmlns="Symbology_Shared.Bluebird">
          <Enabled>true</Enabled>
        </TriopticCode39>
        <Code93 xmlns="Symbology_Shared.Bluebird">
          <Enabled>true</Enabled>
          <MinLength>3</MinLength>
          <MaxLength>30</MaxLength>
        </Code93>
        <Code128 xmlns="Symbology_Shared.Bluebird">
          <Enabled>true</Enabled>
          <MinLength>3</MinLength>
          <MaxLength>30</MaxLength>
        </Code128>
        <I2of5 xmlns="Symbology_Shared.Bluebird">
          <Enabled>true</Enabled>
          <MinLength>3</MinLength>
          <MaxLength>30</MaxLength>
          <CheckDigit>false</CheckDigit>
          <CheckDigitTransmit>false</CheckDigitTransmit>
        </I2of5>
        <ConvertI2of5ToEan13 xmlns="Symbology_Shared.Bluebird">false</ConvertI2of5ToEan13>
        <Codabar xmlns="Symbology_Shared.Bluebird">
          <Enabled>true</Enabled>
          <MinLength>3</MinLength>
          <MaxLength>30</MaxLength>
          <CLSIEditing>false</CLSIEditing>
          <NOTISEditing>false</NOTISEditing>
        </Codabar>
        <Code11 xmlns="Symbology_Shared.Bluebird">
          <Enabled>true</Enabled>
          <MinLength>3</MinLength>
          <MaxLength>30</MaxLength>
          <CheckDigit>false</CheckDigit>
          <CheckDigitTransmit>false</CheckDigitTransmit>
        </Code11>
        <MSI xmlns="Symbology_Shared.Bluebird">
          <Enabled>true</Enabled>
          <MinLength>3</MinLength>
          <MaxLength>20</MaxLength>
          <CheckDigit>Check1</CheckDigit>
          <CheckDigitAlgorithm>MOD10_10</CheckDigitAlgorithm>
          <CheckDigitTransmit>false</CheckDigitTransmit>
        </MSI>
        <GS1Databar xmlns="Symbology_Shared.Bluebird">
          <Enabled>true</Enabled>
          <Limited>false</Limited>
          <LimitedSecurityLevel>Level3</LimitedSecurityLevel>
          <Expanded>false</Expanded>
          <GS1128EmulationMode>false</GS1128EmulationMode>
          <ConvertToUPCEAN>false</ConvertToUPCEAN>
        </GS1Databar>
        <PDF417 xmlns="Symbology_Shared.Bluebird">
          <Enabled>true</Enabled>
        </PDF417>
        <ISBT128 xmlns="Symbology_Shared.Bluebird">
          <Enabled>true</Enabled>
          <Concatenation>false</Concatenation>
          <CheckISBT128Table>true</CheckISBT128Table>
          <ConcatenationRedundancy>true</ConcatenationRedundancy>
        </ISBT128>
        <Matrix25 xmlns="Symbology_Shared.Bluebird">
          <Enabled>true</Enabled>
          <MinLength>3</MinLength>
          <MaxLength>20</MaxLength>
          <Redundancy>false</Redundancy>
          <CheckDigit>false</CheckDigit>
          <CheckDigitTransmit>false</CheckDigitTransmit>
        </Matrix25>
        <Composite xmlns="Symbology_Shared.Bluebird">
          <CompositeCC_C>false</CompositeCC_C>
          <CompositeCC_AB>false</CompositeCC_AB>
          <CompositeTLC_39>false</CompositeTLC_39>
          <Mode>UPCAlwaysLinked</Mode>
        </Composite>
        <DataMatrix xmlns="Symbology_Shared.Bluebird">
          <Enabled>true</Enabled>
          <Inverse>RegularOnly</Inverse>
          <DecodeMirrorImages>Never</DecodeMirrorImages>
        </DataMatrix>
        <MaxiCode xmlns="Symbology_Shared.Bluebird">
          <Enabled>true</Enabled>
        </MaxiCode>
        <AztecCode xmlns="Symbology_Shared.Bluebird">
          <Enabled>true</Enabled>
          <Inverse>RegularOnly</Inverse>
        </AztecCode>
        <MicroPDF xmlns="Symbology_Shared.Bluebird">
          <Enabled>true</Enabled>
        </MicroPDF>
        <D2of5 xmlns="Symbology_Shared.Bluebird">
          <Enabled>true</Enabled>
          <MinLength>3</MinLength>
          <MaxLength>30</MaxLength>
        </D2of5>
        <UKPostal xmlns="Symbology_Shared.Bluebird">
          <Enabled>true</Enabled>
          <CheckDigitTransmit>true</CheckDigitTransmit>
        </UKPostal>
        <USPS4State xmlns="Symbology_Shared.Bluebird">
          <Enabled>true</Enabled>
        </USPS4State>
        <UPUFicsPostal xmlns="Symbology_Shared.Bluebird">
          <Enabled>true</Enabled>
        </UPUFicsPostal>
        <AusPost xmlns="Symbology_Shared.Bluebird">
          <Enabled>true</Enabled>
          <Format>Autodiscriminate</Format>
        </AusPost>
        <ChinesePost xmlns="Symbology_Shared.Bluebird">
          <Enabled>true</Enabled>
        </ChinesePost>
        <JapanesePost xmlns="Symbology_Shared.Bluebird">
          <Enabled>true</Enabled>
        </JapanesePost>
        <NetherlandsPost xmlns="Symbology_Shared.Bluebird">
          <Enabled>true</Enabled>
        </NetherlandsPost>
        <KoreanPost xmlns="Symbology_Shared.Bluebird">
          <Enabled>true</Enabled>
        </KoreanPost>
        <USPostnet xmlns="Symbology_Shared.Bluebird">
          <Enabled>true</Enabled>
          <CheckDigitTransmit>true</CheckDigitTransmit>
        </USPostnet>
        <USPlanet xmlns="Symbology_Shared.Bluebird">
          <Enabled>true</Enabled>
        </USPlanet>
        <QRCode xmlns="Symbology_Shared.Bluebird">
          <Enabled>true</Enabled>
          <Inverse>RegularOnly</Inverse>
        </QRCode>
        <MicroQR xmlns="Symbology_Shared.Bluebird">
          <Enabled>true</Enabled>
        </MicroQR>
        <Specific xmlns="Symbology_Shared.Bluebird">
          <RedundancyLevel>Level1</RedundancyLevel>
          <SecrityLevel>Level1</SecrityLevel>
          <IntercharacterGapSize>Six</IntercharacterGapSize>
        </Specific>
        <UserSupplemental xmlns="Symbology_Shared.Bluebird">
          <Supplementals1>false</Supplementals1>
          <Supplementals2>false</Supplementals2>
        </UserSupplemental>
        <HanXin xmlns="Symbology_Shared.Bluebird">
          <Enabled>true</Enabled>
          <Inverse>RegularOnly</Inverse>
        </HanXin>
        <Inverse1D xmlns="Symbology_Shared.Bluebird">RegularOnly</Inverse1D>
        <GS1128 xmlns="Symbology_Shared.Bluebird">
          <Enabled>true</Enabled>
        </GS1128>
      </SymbologySettings>
      <FixVolumeMode>
        <Prefix xmlns="Symbology_Shared.Bluebird" />
        <Suffix xmlns="Symbology_Shared.Bluebird" />
        <SoundMode xmlns="Symbology_Shared.Bluebird">true</SoundMode>
        <TriggerMode xmlns="Symbology_Shared.Bluebird">Pulse</TriggerMode>
        <AimerMode xmlns="Symbology_Shared.Bluebird">true</AimerMode>
        <IlluminationMode xmlns="Symbology_Shared.Bluebird">true</IlluminationMode>
        <DecodeTimeout xmlns="Symbology_Shared.Bluebird">3000</DecodeTimeout>
        <TimeoutSameSymbol xmlns="Symbology_Shared.Bluebird">600</TimeoutSameSymbol>
        <Preamble xmlns="Symbology_Shared.Bluebird" />
        <Postamble xmlns="Symbology_Shared.Bluebird" />
        <DataWedgeType xmlns="Symbology_Shared.Bluebird">Clipboard</DataWedgeType>
        <PickLiskmode xmlns="Symbology_Shared.Bluebird">false</PickLiskmode>
      </FixVolumeMode>
    </ScannerSetting>
    <ScannerSetting xsi:type="CipherLabScannerSetting">
      <ScannerPreferences>
        <DecodeTimeOut>3</DecodeTimeOut>
        <RedundancyLevel>Level1</RedundancyLevel>
        <SecurityLevel>Level0</SecurityLevel>
        <InterCharacterGapSize>Normal</InterCharacterGapSize>
        <ScanMode>LevelMode</ScanMode>
        <PresentationUsageTime>15</PresentationUsageTime>
        <Decodingillumniation>true</Decodingillumniation>
        <DecodingAimingPattern>true</DecodingAimingPattern>
        <PickListMode>false</PickListMode>
        <DisplayMode>false</DisplayMode>
        <InverseType>RegularOnly</InverseType>
        <AddonRedundancy>10</AddonRedundancy>
        <IlluminationPowerLevel>10</IlluminationPowerLevel>
        <TimeoutBetweenSameSymbology>1000</TimeoutBetweenSameSymbology>
        <ScanAngleType>Wide</ScanAngleType>
        <TransmitCodeIDType>false</TransmitCodeIDType>
      </ScannerPreferences>
      <ReaderOutputConfiguration>
        <ShowCodeType>false</ShowCodeType>
        <ShowCodeLen>false</ShowCodeLen>
        <PrefixCode />
        <SuffixCode />
        <FieldDelim>None</FieldDelim>
        <BarcodeCharset>windows-1250</BarcodeCharset>
        <ClearPreviousData>false</ClearPreviousData>
      </ReaderOutputConfiguration>
      <NotificationSettings>
        <EnableLED>false</EnableLED>
        <VibrationCounter>0.5</VibrationCounter>
        <BeepType>Sound1</BeepType>
      </NotificationSettings>
      <SymbologySettings>
        <Codabar xmlns="Symbology_Shared.CipherLab">
          <Enable>true</Enable>
          <Length1>4</Length1>
          <Length2>55</Length2>
          <LengthOption>Range</LengthOption>
          <ClsiEditing>false</ClsiEditing>
          <NotisEditingType>None</NotisEditingType>
          <VerifyCheckDigit>None</VerifyCheckDigit>
          <TransmitCheckDigit>true</TransmitCheckDigit>
        </Codabar>
        <Code11 xmlns="Symbology_Shared.CipherLab">
          <Enable>true</Enable>
          <Length1>4</Length1>
          <Length2>55</Length2>
          <LengthOption>Range</LengthOption>
          <NumberOfCheckDigits>None</NumberOfCheckDigits>
          <TransmitCheckDigit>false</TransmitCheckDigit>
        </Code11>
        <Code39 xmlns="Symbology_Shared.CipherLab">
          <Enable>true</Enable>
          <Length1>4</Length1>
          <Length2>55</Length2>
          <LengthOption>Range</LengthOption>
          <ConvertToCode32>false</ConvertToCode32>
          <ConvertToCode32Prefix>false</ConvertToCode32Prefix>
          <CheckDigitVerification>false</CheckDigitVerification>
          <TransmitCheckDigit>false</TransmitCheckDigit>
          <fullASCII>false</fullASCII>
        </Code39>
        <TriopticCode39 xmlns="Symbology_Shared.CipherLab">
          <Enable>false</Enable>
        </TriopticCode39>
        <Code93 xmlns="Symbology_Shared.CipherLab">
          <Enable>true</Enable>
          <Length1>4</Length1>
          <Length2>55</Length2>
          <LengthOption>Range</LengthOption>
        </Code93>
        <Code128 xmlns="Symbology_Shared.CipherLab">
          <Enable>true</Enable>
        </Code128>
        <GS1128 xmlns="Symbology_Shared.CipherLab">
          <Enable>true</Enable>
          <FieldSeparator />
          <EnableApplicationIdentifier>false</EnableApplicationIdentifier>
          <ApplicationIdentifierMark1 />
          <ApplicationIdentifierMark2 />
        </GS1128>
        <ISBT128 xmlns="Symbology_Shared.CipherLab">
          <Enable>true</Enable>
          <Concatenation>Auto</Concatenation>
          <ConcatenationRedundancy>10</ConcatenationRedundancy>
        </ISBT128>
        <Chinese25 xmlns="Symbology_Shared.CipherLab">
          <Enable>true</Enable>
        </Chinese25>
        <Discrete25 xmlns="Symbology_Shared.CipherLab">
          <Enable>true</Enable>
          <Length1>4</Length1>
          <Length2>55</Length2>
          <LengthOption>Range</LengthOption>
        </Discrete25>
        <Interleaved25 xmlns="Symbology_Shared.CipherLab">
          <Enable>true</Enable>
          <Length1>4</Length1>
          <Length2>55</Length2>
          <LengthOption>Range</LengthOption>
          <CheckDigitVerification>Disable</CheckDigitVerification>
          <TransmitCheckDigit>false</TransmitCheckDigit>
          <ConvertToEan13>false</ConvertToEan13>
        </Interleaved25>
        <Matrix25 xmlns="Symbology_Shared.CipherLab">
          <Enable>true</Enable>
          <Length1>4</Length1>
          <Length2>55</Length2>
          <LengthOption>Range</LengthOption>
          <Redundancy>false</Redundancy>
          <CheckDigitVerification>false</CheckDigitVerification>
          <TransmitCheckDigit>false</TransmitCheckDigit>
        </Matrix25>
        <Composite xmlns="Symbology_Shared.CipherLab">
          <EnableCC_AB>false</EnableCC_AB>
          <EnableCC_C>true</EnableCC_C>
          <EnableTLC39>false</EnableTLC39>
          <UPCCompositeMode>AlwaysLinksUPC</UPCCompositeMode>
          <enableEmulationMode>false</enableEmulationMode>
        </Composite>
        <GS1DataBar14 xmlns="Symbology_Shared.CipherLab">
          <Enable>true</Enable>
          <ConvertToUpcEan>false</ConvertToUpcEan>
          <SecurityLevel>Level1</SecurityLevel>
        </GS1DataBar14>
        <GS1DataBarLimited xmlns="Symbology_Shared.CipherLab">
          <Enable>true</Enable>
          <ConvertToUpcEan>false</ConvertToUpcEan>
          <SecurityLevel>3</SecurityLevel>
        </GS1DataBarLimited>
        <GS1DataBarExpanded xmlns="Symbology_Shared.CipherLab">
          <Enable>true</Enable>
          <FieldSeparator />
          <SecurityLevel>Level1</SecurityLevel>
        </GS1DataBarExpanded>
        <Korean35 xmlns="Symbology_Shared.CipherLab">
          <Enable>true</Enable>
        </Korean35>
        <MSI xmlns="Symbology_Shared.CipherLab">
          <Enable>true</Enable>
          <Length1>4</Length1>
          <Length2>55</Length2>
          <LengthOption>Range</LengthOption>
          <CheckDigitOption>OneDigit</CheckDigitOption>
          <TransmitCheckDigit>true</TransmitCheckDigit>
          <CheckDigitAlgorithm>Modulo_10_11</CheckDigitAlgorithm>
        </MSI>
        <Postal xmlns="Symbology_Shared.CipherLab">
          <USPostnet>true</USPostnet>
          <USPlanet>true</USPlanet>
          <UKPostal>true</UKPostal>
          <JapanPostal>true</JapanPostal>
          <AustralianPostal>true</AustralianPostal>
          <NetherlandsKIXCode>true</NetherlandsKIXCode>
          <USPSPostal>true</USPSPostal>
          <UPUFICSPostal>true</UPUFICSPostal>
          <USPostalTransmitCheckDigit>true</USPostalTransmitCheckDigit>
          <UKPostalTransmitCheckDigit>true</UKPostalTransmitCheckDigit>
        </Postal>
        <EAN8 xmlns="Symbology_Shared.CipherLab">
          <Enable>true</Enable>
          <Addon2>IgnoresAddon</Addon2>
          <Addon5>IgnoresAddon</Addon5>
          <TransmitCheckDigit>true</TransmitCheckDigit>
          <ConvertToEan13>false</ConvertToEan13>
        </EAN8>
        <EAN13 xmlns="Symbology_Shared.CipherLab">
          <Enable>true</Enable>
          <BooklandISBNFormat>ISBN_10</BooklandISBNFormat>
          <Addon2>IgnoresAddon</Addon2>
          <Addon5>IgnoresAddon</Addon5>
          <TransmitCheckDigit>true</TransmitCheckDigit>
          <ConvertToISSN>false</ConvertToISSN>
          <ConvertToISBN>false</ConvertToISBN>
        </EAN13>
        <UPCA xmlns="Symbology_Shared.CipherLab">
          <Enable>true</Enable>
          <Addon2>IgnoresAddon</Addon2>
          <Addon5>IgnoresAddon</Addon5>
          <Preamble>SysChar</Preamble>
          <TransmitCheckDigit>true</TransmitCheckDigit>
          <ConvertToEan13>false</ConvertToEan13>
        </UPCA>
        <UPCE xmlns="Symbology_Shared.CipherLab">
          <Enable>true</Enable>
          <Addon2>IgnoresAddon</Addon2>
          <Addon5>IgnoresAddon</Addon5>
          <Preamble>SysChar</Preamble>
          <ConvertToUpcA>false</ConvertToUpcA>
          <TransmitCheckDigit>true</TransmitCheckDigit>
        </UPCE>
        <UPCE1 xmlns="Symbology_Shared.CipherLab">
          <Enable>true</Enable>
          <Addon2>IgnoresAddon</Addon2>
          <Addon5>IgnoresAddon</Addon5>
          <Preamble>SysChar</Preamble>
          <ConvertToUpcA>false</ConvertToUpcA>
          <TransmitCheckDigit>true</TransmitCheckDigit>
        </UPCE1>
        <CouponCode xmlns="Symbology_Shared.CipherLab">
          <Enable>false</Enable>
        </CouponCode>
        <Aztec xmlns="Symbology_Shared.CipherLab">
          <Enable>true</Enable>
        </Aztec>
        <DataMatrix xmlns="Symbology_Shared.CipherLab">
          <Enable>true</Enable>
          <MirrorImage>Never</MirrorImage>
          <FieldSeparator />
        </DataMatrix>
        <MaxiCode xmlns="Symbology_Shared.CipherLab">
          <Enable>true</Enable>
        </MaxiCode>
        <MicroPDF417 xmlns="Symbology_Shared.CipherLab">
          <Enable>false</Enable>
          <Code128Emulation>false</Code128Emulation>
        </MicroPDF417>
        <MicroQR xmlns="Symbology_Shared.CipherLab">
          <Enable>true</Enable>
        </MicroQR>
        <PDF417 xmlns="Symbology_Shared.CipherLab">
          <Enable>true</Enable>
        </PDF417>
        <QRCode xmlns="Symbology_Shared.CipherLab">
          <Enable>true</Enable>
        </QRCode>
        <Telepen xmlns="Symbology_Shared.CipherLab">
          <Enable>true</Enable>
          <Length1>0</Length1>
          <Length2>0</Length2>
          <LengthOption>Range</LengthOption>
          <TelepenFormat>ASCII</TelepenFormat>
        </Telepen>
        <Plessey xmlns="Symbology_Shared.CipherLab">
          <Enable>true</Enable>
          <Length1>0</Length1>
          <Length2>0</Length2>
          <LengthOption>Range</LengthOption>
          <UnconventionalStop>true</UnconventionalStop>
          <TransmitCheckDigit>true</TransmitCheckDigit>
        </Plessey>
      </SymbologySettings>
    </ScannerSetting>
  </ScannerSettinglist>
  <ConnectProlist>
    <ConnectProSetting>
      <Type>None</Type>
      <Address />
      <Port>2300</Port>
      <TerminateConnectproSession>OnSessionExit</TerminateConnectproSession>
      <EnableReconnect>true</EnableReconnect>
      <ReconnectString />
      <UseSslTlsEncryption>false</UseSslTlsEncryption>
      <UseCustomEncryption>false</UseCustomEncryption>
      <EncryptionKey />
    </ConnectProSetting>
  </ConnectProlist>
  <Voice>
    <Language>ENU</Language>
    <VoiceName>Ava (F)</VoiceName>
    <VoiceRecognitionLanguage>ENU</VoiceRecognitionLanguage>
    <StartingVolume>80</StartingVolume>
    <EnableSTTAudioLogging>false</EnableSTTAudioLogging>
  </Voice>
  <Printing>
    <BaudRate>9600</BaudRate>
    <DataBits>8</DataBits>
    <Parity>none</Parity>
    <StopBits>1</StopBits>
    <FlowControl>none</FlowControl>
  </Printing>
  <PrinterType>None</PrinterType>
  <SourceVersion>0</SourceVersion>
</HostProfile>