﻿<?xml version="1.0" encoding="utf-8"?>
<HostProfile xmlns:xsi="http://www.w3.org/2001/XMLSchema-instance" xmlns:xsd="http://www.w3.org/2001/XMLSchema">
  <Version>5</Version>
  <Name>2 - Optimized (Ivanti)-Chinese</Name>
  <Address>127.0.0.1</Address>
  <Port>2300</Port>
  <OnlyUseConnectPro>false</OnlyUseConnectPro>
  <EmulationType>VT220</EmulationType>
  <WebEmulationParameters>
    <EnableAutomaticSIP>false</EnableAutomaticSIP>
    <ClearCache>false</ClearCache>
    <ClearCookies>false</ClearCookies>
    <ConnectTimeout>30</ConnectTimeout>
    <ScannerAutoKeys>NoKey</ScannerAutoKeys>
    <DefaultScannerState>false</DefaultScannerState>
    <TextSize>100</TextSize>
    <DetectNetworkOutofRange>true</DetectNetworkOutofRange>
    <OutofRangeMessage />
    <Override404 />
    <Override500 />
    <NoConnectionOverride />
    <ReceiveTimeout>30</ReceiveTimeout>
    <ScannerPostProcessing>false</ScannerPostProcessing>
  </WebEmulationParameters>
  <SafeMode>true</SafeMode>
  <AutoSwitchToNativeMode>true</AutoSwitchToNativeMode>
  <CodePage>65001</CodePage>
  <DisplayCodePage>936</DisplayCodePage>
  <CarriageReturn>false</CarriageReturn>
  <HardwareBackButtonKey />
  <KeyboardHeight>35</KeyboardHeight>
  <KeyboardTransparency>0</KeyboardTransparency>
  <HostID>0</HostID>
  <DisablePinchZoom>true</DisablePinchZoom>
  <EnableSessionLogging>false</EnableSessionLogging>
  <LogFileMaxSize>1024</LogFileMaxSize>
  <IsLaunchOnStartup>false</IsLaunchOnStartup>
  <LicenseServerAddress />
  <LicenseServerPort>1820</LicenseServerPort>
  <LicenseServerSiteId>0</LicenseServerSiteId>
  <TelnetNegotiationString />
  <EnableVoice>false</EnableVoice>
  <FixedScreenMode>false</FixedScreenMode>
  <FieldForwardCommand>{Tab}</FieldForwardCommand>
  <FieldBackCommand />
  <SSH>false</SSH>
  <SSHTunneling>false</SSHTunneling>
  <HostSettings>false</HostSettings>
  <SSHAutoLoginUser />
  <SSHKnownHost />
  <SSHTunnelAddress />
  <SSHTunnelPort>22</SSHTunnelPort>
  <SSL>false</SSL>
  <MenuUpKey />
  <MenuDownKey />
  <AutoLoginUser />
  <AutoLoginUserPrompt>login:</AutoLoginUserPrompt>
  <AutoLoginPasswordPrompt>password:</AutoLoginPasswordPrompt>
  <AutoLoginProgram />
  <AutoLoginMenu />
  <AutoLoginLibrary />
  <AutoLoginCommandPrompt />
  <AutoLoginCommand />
  <VTScanTerminator>\0D</VTScanTerminator>
  <VTAnswerBack />
  <WorkstationId />
  <RetryWorkstationID>false</RetryWorkstationID>
  <DisablePredictive>true</DisablePredictive>
  <AutoLoginPassword />
  <SSHAutoLoginPassword />
  <ScreenRotation>LockPortrait</ScreenRotation>
  <KeyboardVisibility>Hide</KeyboardVisibility>
  <ScannerSettinglist />
  <ConnectProlist>
    <ConnectProSetting>
      <Type>None</Type>
      <Address />
      <Port>4430</Port>
      <TerminateConnectproSession>OnSessionExit</TerminateConnectproSession>
      <EnableReconnect>true</EnableReconnect>
      <ReconnectString />
      <UseSslTlsEncryption>false</UseSslTlsEncryption>
      <UseCustomEncryption>false</UseCustomEncryption>
      <EncryptionKey />
    </ConnectProSetting>
  </ConnectProlist>
  <Voice>
    <Language>ENU</Language>
    <VoiceName>Samantha (F)</VoiceName>
    <VoiceRecognitionLanguage>ENU</VoiceRecognitionLanguage>
    <StartingVolume>50</StartingVolume>
    <EnableSTTAudioLogging>false</EnableSTTAudioLogging>
  </Voice>
  <SourceVersion>0</SourceVersion>
</HostProfile>