﻿<?xml version="1.0" encoding="utf-8"?>
<templates version="3" next-auto-number="29">
  <screen-group name="default">
    <screen-template name="T14" match="cursorZone('[7,9:3]') and orderMatch('拣','物品查询','选择:')" html-id="auto-component-yW43">
      <menu-item start-row="1" start-column="1" label="拣选" value="1{AutoEnter}" html-id="component-0" />
      <menu-item start-row="2" start-column="1" label="物品查询" value="2{AutoEnter}" html-id="component-1" />
      <menu-item start-row="3" start-column="1" label="循环盘点" value="3{AutoEnter}" html-id="component-2" />
      <input-field start-row="7" start-column="9" max-length="2" copy-value="[7,9:2]" html-id="input-00060008" />
    </screen-template>
    <screen-template name="T15" match="cursorZone('[4,1:16]') and orderMatch('出库拣选','扫描任务 #:','F3=')" html-id="auto-component-KS-3">
      <header start-row="1" start-column="1" value="出库拣选" html-id="component-0" />
      <display-text start-row="3" start-column="1" value="扫描任务#" html-id="component-1" />
      <input-field start-row="4" start-column="1" max-length="15" copy-value="[4,1:15]" html-id="input-00030000" />
      <context-menu>
        <shortcut-item start-row="12" start-column="3" ishide="False" isglobal="False" key="{F3}" label="返回" isvoiceenabled="False" />
      </context-menu>
    </screen-template>
    <screen-template name="T16" match="cursorZone('[6,1:15]') and orderMatch('位置:','条目:','扫描位置:','F3=返回')" html-id="auto-component-az2Q">
      <display-text start-row="1" start-column="1" value="任务#: 123" copy-value="[1,1]" html-id="component-0" />
      <display-text start-row="2" start-column="1" value="位置: M58 - 15 - 数量: 27 CS" copy-value="[2,1]" html-id="component-1" />
      <display-text start-row="3" start-column="1" value="条目: 7462523948" copy-value="[3,1]" html-id="component-2" />
      <display-text start-row="5" start-column="1" value="扫描位置" html-id="component-3" />
      <input-field start-row="6" start-column="1" max-length="14" copy-value="[6,1:14]" html-id="input-00050000" />
      <context-menu>
        <shortcut-item start-row="2" start-column="14" ishide="False" isglobal="False" key="{F10}" label="数量: 27 CS" isvoiceenabled="False" />
        <shortcut-item start-row="12" start-column="1" ishide="False" isglobal="False" key="{F3}" label="返回" isvoiceenabled="False" />
        <shortcut-item start-row="12" start-column="9" ishide="False" isglobal="False" key="{F4}" label="关闭" isvoiceenabled="False" />
      </context-menu>
    </screen-template>
    <screen-template name="T17" match="cursorZone('[5,6]') and orderMatch('位置:','条目:','数量:','输入数量')" html-id="auto-component-Toue">
      <display-text start-row="1" start-column="1" value="任务#: 123" copy-value="[1,1]" html-id="component-0" />
      <display-text start-row="2" start-column="1" value="位置: M58 - 15 - 数量: 27 CS" copy-value="[2,1]" html-id="component-1" />
      <display-text start-row="3" start-column="1" value="条目: 7462523948" copy-value="[3,1]" html-id="component-2" />
      <display-text start-row="5" start-column="1" value="数量" html-id="component-3" />
      <input-field start-row="5" start-column="6" copy-value="[5,6]" html-id="input-00040005" />
      <display-text start-row="8" start-column="1" value="输入数量" copy-value="[8,1]" html-id="component-5" />
      <context-menu>
        <shortcut-item start-row="2" start-column="14" ishide="False" isglobal="False" key="{F10}" label="数量: 27 CS" isvoiceenabled="False" />
        <shortcut-item start-row="12" start-column="1" ishide="False" isglobal="False" key="{F3}" label="返回" isvoiceenabled="False" />
        <shortcut-item start-row="12" start-column="9" ishide="False" isglobal="False" key="{F4}" label="关闭" isvoiceenabled="False" />
      </context-menu>
    </screen-template>
    <screen-template name="T18" match="cursorZone('[2,1:2]') and orderMatch('覆盖拣选数量')" html-id="auto-component-Y64X">
      <header start-row="1" start-column="1" value="覆盖拣选数量?" html-id="component-0" />
      <input-field start-row="2" start-column="1" max-length="1" copy-value="[2,1:1]" html-id="input-00010000" />
    </screen-template>
    <screen-template name="T19" match="cursorZone('[5,6:4]') and orderMatch('位置:','条目:','数量:','Error - Invalid Qty')" html-id="auto-component-HFF9">
      <display-text start-row="1" start-column="1" value="任务#: 123" copy-value="[1,1]" html-id="component-0" />
      <display-text start-row="2" start-column="1" value="位置: A34 - 40 - C11 数量: 43 CS" copy-value="[2,1]" html-id="component-1" />
      <display-text start-row="3" start-column="1" value="条目: 0037261735" copy-value="[3,1]" html-id="component-2" />
      <display-text start-row="5" start-column="1" value="数量" html-id="component-3" />
      <input-field start-row="5" start-column="6" max-length="3" copy-value="[5,6:3]" html-id="input-00040005" />
      <display-text start-row="8" start-column="1" value="Error - Invalid Qty" copy-value="[8,1]" html-id="component-5" />
      <context-menu>
        <shortcut-item start-row="12" start-column="1" ishide="False" isglobal="False" key="{F3}" label="返回" isvoiceenabled="False" />
        <shortcut-item start-row="12" start-column="9" ishide="False" isglobal="False" key="{F4}" label="关闭" isvoiceenabled="False" />
      </context-menu>
    </screen-template>
    <screen-template name="T20" match="cursorZone('[5,6]') and orderMatch('位置:','条目:','数量:','ERR - Qty cannot be blanks')" html-id="auto-component--7Yo">
      <display-text start-row="1" start-column="1" value="任务#: 1" copy-value="[1,1]" html-id="component-0" />
      <display-text start-row="2" start-column="1" value="位置: M58 - 15 - 数量: 27 CS" copy-value="[2,1]" html-id="component-1" />
      <display-text start-row="3" start-column="1" value="条目: 7462523948" copy-value="[3,1]" html-id="component-2" />
      <display-text start-row="5" start-column="1" value="数量" html-id="component-3" />
      <input-field start-row="5" start-column="6" copy-value="[5,6]" html-id="input-00040005" />
      <display-text start-row="8" start-column="1" value="ERR - Qty cannot be blanks" copy-value="[8,1]" html-id="component-5" />
      <context-menu>
        <shortcut-item start-row="2" start-column="14" ishide="False" isglobal="False" key="{F10}" label="数量: 27 CS" isvoiceenabled="False" />
        <shortcut-item start-row="12" start-column="1" ishide="False" isglobal="False" key="{F3}" label="返回" isvoiceenabled="False" />
        <shortcut-item start-row="12" start-column="9" ishide="False" isglobal="False" key="{F4}" label="关闭" isvoiceenabled="False" />
      </context-menu>
    </screen-template>
    <screen-template name="T21" match="cursorZone('[4,1:14]') and orderMatch('扫描打印机:','F3=暂停')" html-id="auto-component-50ku">
      <display-text start-row="1" start-column="1" value="任务#: 123" copy-value="[1,1]" html-id="component-0" />
      <display-text start-row="3" start-column="1" value="扫描打印机" html-id="component-1" />
      <input-field start-row="4" start-column="1" max-length="13" copy-value="[4,1:13]" html-id="input-00030000" />
      <context-menu>
        <shortcut-item start-row="12" start-column="3" ishide="False" isglobal="False" key="{F3}" label="暂停" isvoiceenabled="False" />
      </context-menu>
    </screen-template>
    <screen-template name="T22" match="cursorZone('[3,1:2]') and orderMatch('推迟任务:','暂停')" html-id="auto-component-cJZW">
      <display-text start-row="1" start-column="1" value="推迟任务:" copy-value="[1,1]" html-id="component-0" />
      <display-text start-row="2" start-column="1" value="暂停?" html-id="component-1" />
      <input-field start-row="3" start-column="1" max-length="1" copy-value="[3,1:1]" html-id="input-00020000" />
    </screen-template>
    <screen-template name="T23" match="orderMatch('物品查询','物料:','描述:','库存价格:') and cursorZone('[12,9:1]')" html-id="auto-component-kiJL">
      <header start-row="1" start-column="3" value="物品查询" html-id="component-0" />
      <display-text start-row="3" start-column="1" value="物料: 12" copy-value="[3,1]" html-id="component-1" />
      <display-text start-row="4" start-column="1" value="描述:" copy-value="[4,1]" html-id="component-2" />
      <display-text start-row="5" start-column="1" value="Plush Brown 12&quot;" copy-value="[5,1]" html-id="component-3" />
      <display-text start-row="6" start-column="1" value="Teddy Bear" copy-value="[6,1]" html-id="component-4" />
      <display-text start-row="8" start-column="1" value="库存价格:$29. 99" copy-value="[8,1]" html-id="component-5" />
      <display-text start-row="9" start-column="5" value="库存数量: 7" copy-value="[9,5]" html-id="component-6" />
      <input-field start-row="12" start-column="1" copy-value="[12,1]" html-id="component-7" />
      <context-menu>
        <shortcut-item start-row="11" start-column="1" ishide="False" isglobal="False" key="{F3}" label="返回" isvoiceenabled="False" />
      </context-menu>
    </screen-template>
    <screen-template name="T24" match="cursorZone('[3,7]') and orderMatch('物品查询','物料:','描述:','库存价格:','库存价格:','F3=退出')" html-id="auto-component-PScY">
      <header start-row="1" start-column="3" value="物品查询" html-id="component-0" />
      <display-text start-row="3" start-column="1" value="物料" html-id="component-1" />
      <input-field start-row="3" start-column="7" copy-value="[3,7]" html-id="input-00020006" />
      <display-text start-row="4" start-column="1" value="描述:" copy-value="[4,1]" html-id="component-3" />
      <display-text start-row="7" start-column="1" value="库存价格:" copy-value="[7,1]" html-id="component-4" />
      <display-text start-row="8" start-column="5" value="库存价格:" copy-value="[8,5]" html-id="component-5" />
      <context-menu>
        <shortcut-item start-row="10" start-column="1" ishide="False" isglobal="False" key="{F3}" label="退出" isvoiceenabled="False" />
      </context-menu>
    </screen-template>
    <screen-template name="T25" match="cursorZone('[10,1:15]') and orderMatch('循环盘点','位置:','条目:','描述:','扫描位置:','F3=')" html-id="auto-component-YtEk">
      <header start-row="1" start-column="3" value="循环盘点" html-id="component-0" />
      <display-text start-row="3" start-column="1" value="位置: M58 - 15 -" copy-value="[3,1]" html-id="component-1" />
      <display-text start-row="4" start-column="1" value="条目: 320184" copy-value="[4,1]" html-id="component-2" />
      <display-text start-row="5" start-column="1" value="描述:" copy-value="[5,1]" html-id="component-3" />
      <display-text start-row="6" start-column="1" value="Plush Brown 12&quot;" copy-value="[6,1]" html-id="component-4" />
      <display-text start-row="7" start-column="1" value="Teddy Bear" copy-value="[7,1]" html-id="component-5" />
      <display-text start-row="8" start-column="1" value="库存数量: 7" copy-value="[8,1]" html-id="component-6" />
      <display-text start-row="9" start-column="1" value="扫描位置" html-id="component-7" />
      <input-field start-row="10" start-column="1" max-length="14" copy-value="[10,1:14]" html-id="input-00090000" />
      <context-menu>
        <shortcut-item start-row="3" start-column="14" ishide="False" isglobal="False" key="{F10}" isvoiceenabled="False" />
        <shortcut-item start-row="12" start-column="1" ishide="False" isglobal="False" key="{F3}" label="退出" isvoiceenabled="False" />
      </context-menu>
    </screen-template>
    <screen-template name="T26" match="cursorZone('[10,1:3]') and orderMatch('循环盘点','位置:','条目:','描述:','实际数量:','F3=')" html-id="auto-component-wCr9">
      <header start-row="1" start-column="3" value="循环盘点" html-id="component-0" />
      <display-text start-row="3" start-column="1" value="位置: M58 - 15 -" copy-value="[3,1]" html-id="component-1" />
      <display-text start-row="4" start-column="1" value="条目: 320184" copy-value="[4,1]" html-id="component-2" />
      <display-text start-row="5" start-column="1" value="描述:" copy-value="[5,1]" html-id="component-3" />
      <display-text start-row="6" start-column="1" value="Plush Brown 12&quot;" copy-value="[6,1]" html-id="component-4" />
      <display-text start-row="7" start-column="1" value="Teddy Bear" copy-value="[7,1]" html-id="component-5" />
      <display-text start-row="8" start-column="1" value="库存数量: 7" copy-value="[8,1]" html-id="component-6" />
      <display-text start-row="9" start-column="1" value="实际数量" html-id="component-7" />
      <input-field start-row="10" start-column="1" max-length="2" copy-value="[10,1:2]" html-id="input-00090000" />
      <context-menu>
        <shortcut-item start-row="3" start-column="14" ishide="False" isglobal="False" key="{F10}" isvoiceenabled="False" />
        <shortcut-item start-row="12" start-column="1" ishide="False" isglobal="False" key="{F3}" label="退出" isvoiceenabled="False" />
      </context-menu>
    </screen-template>
    <screen-template name="T27" match="cursorZone('[4,1:15]') and orderMatch('阶段位置','位置:','F3=')" html-id="auto-component-8vIj">
      <header start-row="1" start-column="1" value="阶段位置" html-id="component-0" />
      <display-text start-row="3" start-column="1" value="位置" html-id="component-1" />
      <input-field start-row="4" start-column="1" max-length="14" copy-value="[4,1:14]" html-id="input-00030000" />
      <context-menu>
        <shortcut-item start-row="12" start-column="3" ishide="False" isglobal="False" key="{F3}" label="暂停" isvoiceenabled="False" />
      </context-menu>
    </screen-template>
    <screen-template name="T28" match="cursorZone('[1,1:1]') and orderMatch('位置              库存数量','Alderwood Mall','Cascade Dr.','Westlake','Times Square','West Pine Ave.','South Jordan','Enter=')" html-id="auto-component-Gw4D">
      <header start-row="1" start-column="1" value="位置 库存数量" html-id="component-0" />
      <header start-row="3" start-column="1" value="Alderwood Mall 10" html-id="component-1" />
      <header start-row="4" start-column="1" value="Cascade Dr. 4" html-id="component-2" />
      <header start-row="5" start-column="1" value="Westlake 2" html-id="component-3" />
      <header start-row="6" start-column="1" value="Times Square 22" html-id="component-4" />
      <header start-row="7" start-column="1" value="West Pine Ave. 9" html-id="component-5" />
      <header start-row="8" start-column="1" value="South Jordan 0" html-id="component-6" />
      <display-text start-row="10" start-column="1" value="Enter=继续" copy-value="[10,1]" html-id="component-7" />
      <input-field start-row="11" start-column="1" copy-value="[11,1:8]" html-id="added_636281545036662531" />
    </screen-template>
  </screen-group>
</templates>