﻿<?xml version="1.0" encoding="utf-8"?>
<screen-template name="T1" match="true" html-id="auto-component-hx1w" html-style="font-family:sans-serif;font-size:12pt;font-weight:normal;font-style:normal;text-decoration:none;color:rgba(153,153,151,1);background-color:rgba(51,51,51,1);">
  <header start-row="1" start-column="1" value="页眉" html-id="auto-component-RzT1" html-style="font-family:sans-serif;font-size:18pt;font-weight:normal;font-style:normal;text-decoration:none;color:rgba(60,136,200,1);background-color:rgba(0,0,0,0);" />
  <display-text start-row="1" start-column="1" value="数据标签" html-id="auto-component-z3rR" html-style="font-family:sans-serif;font-size:12pt;font-weight:normal;font-style:normal;text-decoration:none;color:rgba(170,170,170,1);background-color:rgba(0,0,0,0);" />
  <display-text start-row="1" start-column="1" copy-value="[2,1:10]" html-id="auto-component-Ne-A" html-style="font-family:sans-serif;font-size:16pt;font-weight:normal;font-style:normal;text-decoration:none;color:rgba(250,250,250,1);background-color:rgba(0,0,0,0);" />
  <input-field start-row="1" start-column="1" copy-value="[1,1:10]" html-id="auto-component-x-iJ" html-style="font-family:monospace;font-size:18pt;font-weight:normal;font-style:normal;text-decoration:none;color:rgba(0,0,0,1);background-color:rgba(243,243,243,1);" />
  <menu-item start-row="1" start-column="1" label="菜单项目" value="0" html-id="auto-component-ZYC6" html-style="font-family:sans-serif;font-size:18pt;font-weight:normal;font-style:normal;text-decoration:none;color:rgba(0,0,0,1);background-color:rgba(243,243,243,1);" />
  <button start-row="1" start-column="1" value="按钮" html-id="auto-component-QF6q" html-style="font-family:sans-serif;font-size:14pt;font-weight:normal;font-style:normal;text-decoration:none;color:rgba(0,91,142,1);background-color:rgba(255,255,255,1);" />
  <inline-message start-row="1" start-column="1" title="错误消息" value="这是一条错误消息" type="Error" html-id="auto-component-iiHr" html-style="font-family:sans-serif;font-size:12pt;font-weight:normal;font-style:normal;text-decoration:none;color:rgba(51,51,51,1);background-color:rgba(242,222,222,1)" />
  <inline-message start-row="1" start-column="1" title="警告消息" value="这是一条警告消息" type="Warning" html-id="auto-component-cvOT" html-style="font-family:sans-serif;font-size:12pt;font-weight:normal;font-style:normal;text-decoration:none;color:rgba(51,51,51,1);background-color:rgba(252,248,228,1)" />
  <inline-message start-row="1" start-column="1" title="信息消息" value="这是一条消息消息" type="Information" html-id="auto-component-qbi-" html-style="font-family:sans-serif;font-size:12pt;font-weight:normal;font-style:normal;text-decoration:none;color:rgba(51,51,51,1);background-color:rgba(217,237,247,1)" />
  <table column-count="2" row-count="2" alt-row-color="#00FFFFFF" table-width="100" table-column-widths="33,33,34" html-id="auto-component-xzg8" html-style="font-family:sans-serif;font-size:12pt;font-weight:normal;font-style:normal;text-decoration:none;color:rgba(153,153,151,1);background-color:rgba(0,0,0,0);">
    <empty />
    <empty />
    <empty />
    <empty />
  </table>
  <footer html-id="auto-component-OaUs" html-style="background-color:rgba(51,51,51,1);">
    <empty />
  </footer>
</screen-template>