﻿<?xml version="1.0" encoding="utf-8"?>
<ArrayOfScriptWithScope xmlns:xsi="http://www.w3.org/2001/XMLSchema-instance" xmlns:xsd="http://www.w3.org/2001/XMLSchema">
  <ScriptWithScope>
    <FunctionName>ErrorBeep</FunctionName>
    <DisplayName>Error Beep</DisplayName>
    <ScriptText>{
Device.errorBeep(400,50,50);
}</ScriptText>
    <Description>Make the device beep when the scope is matched</Description>
    <Autogenerated>false</Autogenerated>
    <IgnoreScope>false</IgnoreScope>
    <Tags />
    <Version>1.0</Version>
    <Modified>2018-02-15T10:28:50.3497009-08:00</Modified>
    <Parameters />
    <Resources />
    <DefaultScope>session</DefaultScope>
    <Scopes>
      <ScriptScope>
        <ScopeIdentifier>@ErrMainMenu</ScopeIdentifier>
        <ParameterValues />
      </ScriptScope>
      <ScriptScope>
        <ScopeIdentifier>@ErrWhseMenu</ScopeIdentifier>
        <ParameterValues />
      </ScriptScope>
      <ScriptScope>
        <ScopeIdentifier>@ErrOutMenu</ScopeIdentifier>
        <ParameterValues />
      </ScriptScope>
      <ScriptScope>
        <ScopeIdentifier>@ErrStoreMenu</ScopeIdentifier>
        <ParameterValues />
      </ScriptScope>
      <ScriptScope>
        <ScopeIdentifier>@T1-1</ScopeIdentifier>
        <ParameterValues />
      </ScriptScope>
      <ScriptScope>
        <ScopeIdentifier>@T2-1</ScopeIdentifier>
        <ParameterValues />
      </ScriptScope>
      <ScriptScope>
        <ScopeIdentifier>@T4-1</ScopeIdentifier>
        <ParameterValues />
      </ScriptScope>
      <ScriptScope>
        <ScopeIdentifier>@T5-1</ScopeIdentifier>
        <ParameterValues />
      </ScriptScope>
      <ScriptScope>
        <ScopeIdentifier>@T7-1</ScopeIdentifier>
        <ParameterValues />
      </ScriptScope>
      <ScriptScope>
        <ScopeIdentifier>@T8-1</ScopeIdentifier>
        <ParameterValues />
      </ScriptScope>
      <ScriptScope>
        <ScopeIdentifier>@T9-1</ScopeIdentifier>
        <ParameterValues />
      </ScriptScope>
      <ScriptScope>
        <ScopeIdentifier>@T10-1</ScopeIdentifier>
        <ParameterValues />
      </ScriptScope>
      <ScriptScope>
        <ScopeIdentifier>@T12-1</ScopeIdentifier>
        <ParameterValues />
      </ScriptScope>
      <ScriptScope>
        <ScopeIdentifier>@T13-1</ScopeIdentifier>
        <ParameterValues />
      </ScriptScope>
      <ScriptScope>
        <ScopeIdentifier>@T15-1</ScopeIdentifier>
        <ParameterValues />
      </ScriptScope>
      <ScriptScope>
        <ScopeIdentifier>@T18-1</ScopeIdentifier>
        <ParameterValues />
      </ScriptScope>
      <ScriptScope>
        <ScopeIdentifier>@T21-1</ScopeIdentifier>
        <ParameterValues />
      </ScriptScope>
      <ScriptScope>
        <ScopeIdentifier>@T22-1</ScopeIdentifier>
        <ParameterValues />
      </ScriptScope>
      <ScriptScope>
        <ScopeIdentifier>@T23-1</ScopeIdentifier>
        <ParameterValues />
      </ScriptScope>
      <ScriptScope>
        <ScopeIdentifier>@T23-1</ScopeIdentifier>
        <ParameterValues />
      </ScriptScope>
      <ScriptScope>
        <ScopeIdentifier>@T26-1</ScopeIdentifier>
        <ParameterValues />
      </ScriptScope>
    </Scopes>
  </ScriptWithScope>
  <ScriptWithScope>
    <FunctionName>AddButtonToNativeMode</FunctionName>
    <DisplayName>Add Button To Native Mode</DisplayName>
    <ScriptText>WLEvent.on( "EnterScope",  function(event) {
	// When entering a scope, Velocity seems to create a scope called 'screen_&lt;unique number&gt;'
	// We will ignore that scope
	if( event.scope.substr( 0, 6 ) === 'screen' ) { return; }

	// Velocity adds ':input-&lt;unique id&gt;' to the scope name every time the scope is entered. This means
	// that a new button is created every time time the scope is re-entered. We want a unique ID that 
	// corresponds with the actual scope name entered.
	var scopeName = event.scope; 
	if( ( scopeName.substr( 0, 1 ) === '@' ) &amp;&amp; ( event.scope.indexOf( ':' ) != -1 ) ){ 
		scopeName = event.scope.substr( 0, event.scope.indexOf( ':' ) ); 
	}
	
	// Create a 'unique' ID out of the scope name, the position of the button and the caption without spaces
	var btnName = scopeName + '_' + leftPos + '_' + topPos + '_' + btnCaption.replace(/\s/g,'');	
	
	// Add the button
	View.evaluateJavascript("(function(){" +
		"var interval = setInterval(function() {" +
 	   		"if( document.getElementById( 'nativeMode' ) &amp;&amp; !document.getElementById( '" + btnName + "' ) ) {" +
 	   			"clearInterval( interval );" +
				"var button = document.createElement('button');" +
				"button.id = '" + btnName + "';" +
				"button.innerHTML = '" + btnCaption +"';" +
				"button.style.backgroundColor = '" + btnColor + "';" +
				"button.style.position = 'absolute';" +
				"button.style.fontSize = '" + btnFontSize + "';" +
				//"button.style.fontSize = '36px';" +
				// "button.style.fontSize = '24px';" +
				"button.style.top = " + topPos + ";" +
				"button.style.left = " + leftPos + ";" +
				"if(" + btnWidth + " != 0 ) { button.style.width = " + btnWidth + "; }" +

				"var body = document.getElementsByTagName('body')[0];" +
				"body.appendChild(button);" +
	
				"button.addEventListener ( 'click', function() {" +
					"Velocity.buttonAction('" + keyCommands + "');" +
				"});" +
			"}" +			
		"}, 100 );" +

	"})()"
	, "");
} );

// Clean up when the scope is exited
WLEvent.on( "ExitScope",  function(event) {
	// When entering a scope, Velocity seems to create a scope called 'screen_&lt;unique number&gt;'
	// We will ignore that scope
	if( event.scope.substr( 0, 6 ) === 'screen' ) { return; }

	
	// Delete every button from the screen
	View.evaluateJavascript("(function(){" +
		"var body = document.getElementsByTagName('body')[0];" +
		"var buttons = document.getElementsByTagName('button');" +
		"do { " +
			"body.removeChild( buttons[0] );" +
		"}while ( buttons.length&gt;0 ); " +
	"})()"
	, "");
} );
</ScriptText>
    <Description>Add a button on the native mode screen. The script can be used for session scope and template scope (@template name)</Description>
    <Autogenerated>false</Autogenerated>
    <IgnoreScope>false</IgnoreScope>
    <Tags />
    <Version>1.0</Version>
    <Modified>2018-04-16T16:18:05.9327327-07:00</Modified>
    <Parameters>
      <ScriptParameter>
        <VariableName>btnCaption</VariableName>
        <DefaultValue />
        <DisplayName>Caption</DisplayName>
        <Description>Text on the button</Description>
        <StringType>true</StringType>
        <Options />
      </ScriptParameter>
      <ScriptParameter>
        <VariableName>leftPos</VariableName>
        <DefaultValue>0</DefaultValue>
        <DisplayName>Left</DisplayName>
        <Description>Left position, in pixels</Description>
        <ValidationRegex>^[0-9]+$</ValidationRegex>
        <StringType>false</StringType>
        <Options />
      </ScriptParameter>
      <ScriptParameter>
        <VariableName>topPos</VariableName>
        <DefaultValue>0</DefaultValue>
        <DisplayName>Top</DisplayName>
        <Description>Top position, in pixels</Description>
        <ValidationRegex>^[0-9]+$</ValidationRegex>
        <StringType>false</StringType>
        <Options />
      </ScriptParameter>
      <ScriptParameter>
        <VariableName>keyCommands</VariableName>
        <DefaultValue />
        <DisplayName>Key(s)</DisplayName>
        <Description>Key codes and command as used by the keyboards and Device.sendKeys() function:

Examples:
            - 1{enter}
            - username{hex:000A}password{hex:000D}
            - any other key code, eiter as Named Value or Hex Value.
</Description>
        <StringType>true</StringType>
        <Options />
      </ScriptParameter>
      <ScriptParameter>
        <VariableName>btnWidth</VariableName>
        <DefaultValue>0</DefaultValue>
        <DisplayName>Button Width</DisplayName>
        <Description>Button width, in pixels</Description>
        <ValidationRegex>^[0-9]+$</ValidationRegex>
        <StringType>false</StringType>
        <Options />
      </ScriptParameter>
      <ScriptParameter>
        <VariableName>btnColor</VariableName>
        <DefaultValue>#808080</DefaultValue>
        <DisplayName>Color</DisplayName>
        <Description>Color of the button</Description>
        <StringType>true</StringType>
        <Options>
          <ScriptOption>
            <Value>#FF7F50</Value>
            <DisplayName>Coral</DisplayName>
          </ScriptOption>
          <ScriptOption>
            <Value>#FFFFFF</Value>
            <DisplayName>White</DisplayName>
          </ScriptOption>
          <ScriptOption>
            <Value>#87CEFA</Value>
            <DisplayName>Light Sky Blue</DisplayName>
          </ScriptOption>
          <ScriptOption>
            <Value>#FFF09E</Value>
            <DisplayName>SAP Yellow</DisplayName>
          </ScriptOption>
          <ScriptOption>
            <Value>#FF0000</Value>
            <DisplayName>Red</DisplayName>
          </ScriptOption>
          <ScriptOption>
            <Value>#808080</Value>
            <DisplayName>Gray</DisplayName>
          </ScriptOption>
          <ScriptOption>
            <Value>#D2B48C</Value>
            <DisplayName>Tan</DisplayName>
          </ScriptOption>
          <ScriptOption>
            <Value>#808000</Value>
            <DisplayName>Olive</DisplayName>
          </ScriptOption>
        </Options>
      </ScriptParameter>
      <ScriptParameter>
        <VariableName>btnFontSize</VariableName>
        <DefaultValue>24px</DefaultValue>
        <DisplayName>Button Font Size</DisplayName>
        <Description>Select Font Size from Menu</Description>
        <StringType>true</StringType>
        <Options>
          <ScriptOption>
            <Value>24px</Value>
            <DisplayName>24px</DisplayName>
          </ScriptOption>
          <ScriptOption>
            <Value>28px</Value>
            <DisplayName>28px</DisplayName>
          </ScriptOption>
          <ScriptOption>
            <Value>30px</Value>
            <DisplayName>30px</DisplayName>
          </ScriptOption>
          <ScriptOption>
            <Value>32px</Value>
            <DisplayName>32px</DisplayName>
          </ScriptOption>
          <ScriptOption>
            <Value>36px</Value>
            <DisplayName>36px</DisplayName>
          </ScriptOption>
          <ScriptOption>
            <Value>40px</Value>
            <DisplayName>40px</DisplayName>
          </ScriptOption>
        </Options>
      </ScriptParameter>
    </Parameters>
    <Resources />
    <DefaultScope>session</DefaultScope>
    <Scopes>
      <ScriptScope>
        <ScopeIdentifier>session</ScopeIdentifier>
        <ParameterValues>
          <string>F1</string>
          <string>0</string>
          <string>205</string>
          <string>{F1}</string>
          <string>90</string>
          <string>#808080</string>
          <string>24px</string>
        </ParameterValues>
      </ScriptScope>
      <ScriptScope>
        <ScopeIdentifier>session</ScopeIdentifier>
        <ParameterValues>
          <string>F2</string>
          <string>90</string>
          <string>205</string>
          <string>{F2}</string>
          <string>90</string>
          <string>#808080</string>
          <string>24px</string>
        </ParameterValues>
      </ScriptScope>
      <ScriptScope>
        <ScopeIdentifier>session</ScopeIdentifier>
        <ParameterValues>
          <string>F3</string>
          <string>180</string>
          <string>205</string>
          <string>{F3}</string>
          <string>90</string>
          <string>#808080</string>
          <string>24px</string>
        </ParameterValues>
      </ScriptScope>
      <ScriptScope>
        <ScopeIdentifier>session</ScopeIdentifier>
        <ParameterValues>
          <string>F4</string>
          <string>270</string>
          <string>205</string>
          <string>{F4}</string>
          <string>90</string>
          <string>#808080</string>
          <string>24px</string>
        </ParameterValues>
      </ScriptScope>
      <ScriptScope>
        <ScopeIdentifier>@MainMenu</ScopeIdentifier>
        <ParameterValues>
          <string>Warehouse</string>
          <string>0</string>
          <string>32</string>
          <string>1</string>
          <string>180</string>
          <string>#808080</string>
          <string>32px</string>
        </ParameterValues>
      </ScriptScope>
      <ScriptScope>
        <ScopeIdentifier>@MainMenu</ScopeIdentifier>
        <ParameterValues>
          <string>Storefront</string>
          <string>0</string>
          <string>80</string>
          <string>2</string>
          <string>180</string>
          <string>#87CEFA</string>
          <string>32px</string>
        </ParameterValues>
      </ScriptScope>
      <ScriptScope>
        <ScopeIdentifier>@MainMenu</ScopeIdentifier>
        <ParameterValues>
          <string>PTT</string>
          <string>0</string>
          <string>205</string>
          <string>1{pause:250}1{pause:250}1</string>
          <string>90</string>
          <string>#D2B48C</string>
          <string>24px</string>
        </ParameterValues>
      </ScriptScope>
      <ScriptScope>
        <ScopeIdentifier>@MainMenu</ScopeIdentifier>
        <ParameterValues>
          <string>PBL</string>
          <string>90</string>
          <string>205</string>
          <string>1{pause:250}1{pause:250}2</string>
          <string>90</string>
          <string>#D2B48C</string>
          <string>24px</string>
        </ParameterValues>
      </ScriptScope>
      <ScriptScope>
        <ScopeIdentifier>@ErrMainMenu</ScopeIdentifier>
        <ParameterValues>
          <string>Warehouse</string>
          <string>0</string>
          <string>32</string>
          <string>1</string>
          <string>180</string>
          <string>#808080</string>
          <string>32px</string>
        </ParameterValues>
      </ScriptScope>
      <ScriptScope>
        <ScopeIdentifier>@ErrMainMenu</ScopeIdentifier>
        <ParameterValues>
          <string>Storefront</string>
          <string>0</string>
          <string>80</string>
          <string>2</string>
          <string>180</string>
          <string>#87CEFA</string>
          <string>32px</string>
        </ParameterValues>
      </ScriptScope>
      <ScriptScope>
        <ScopeIdentifier>@ErrMainMenu</ScopeIdentifier>
        <ParameterValues>
          <string>PTT</string>
          <string>0</string>
          <string>205</string>
          <string>1{pause:250}1{pause:250}1</string>
          <string>90</string>
          <string>#D2B48C</string>
          <string>24px</string>
        </ParameterValues>
      </ScriptScope>
      <ScriptScope>
        <ScopeIdentifier>@ErrMainMenu</ScopeIdentifier>
        <ParameterValues>
          <string>PBL</string>
          <string>90</string>
          <string>205</string>
          <string>1{pause:250}1{pause:250}2</string>
          <string>90</string>
          <string>#D2B48C</string>
          <string>24px</string>
        </ParameterValues>
      </ScriptScope>
      <ScriptScope>
        <ScopeIdentifier>@WhseMenu</ScopeIdentifier>
        <ParameterValues>
          <string>Outbound</string>
          <string>0</string>
          <string>32</string>
          <string>1</string>
          <string>180</string>
          <string>#808080</string>
          <string>32px</string>
        </ParameterValues>
      </ScriptScope>
      <ScriptScope>
        <ScopeIdentifier>@WhseMenu</ScopeIdentifier>
        <ParameterValues>
          <string>Tasks</string>
          <string>0</string>
          <string>80</string>
          <string>2</string>
          <string>180</string>
          <string>#87CEFA</string>
          <string>32px</string>
        </ParameterValues>
      </ScriptScope>
      <ScriptScope>
        <ScopeIdentifier>@WhseMenu</ScopeIdentifier>
        <ParameterValues>
          <string>Inquiry</string>
          <string>185</string>
          <string>32</string>
          <string>3</string>
          <string>180</string>
          <string>#FFFFFF</string>
          <string>32px</string>
        </ParameterValues>
      </ScriptScope>
      <ScriptScope>
        <ScopeIdentifier>@ErrWhseMenu</ScopeIdentifier>
        <ParameterValues>
          <string>Outbound</string>
          <string>0</string>
          <string>32</string>
          <string>1</string>
          <string>180</string>
          <string>#808080</string>
          <string>32px</string>
        </ParameterValues>
      </ScriptScope>
      <ScriptScope>
        <ScopeIdentifier>@ErrWhseMenu</ScopeIdentifier>
        <ParameterValues>
          <string>Tasks</string>
          <string>0</string>
          <string>80</string>
          <string>2</string>
          <string>180</string>
          <string>#87CEFA</string>
          <string>32px</string>
        </ParameterValues>
      </ScriptScope>
      <ScriptScope>
        <ScopeIdentifier>@ErrWhseMenu</ScopeIdentifier>
        <ParameterValues>
          <string>Inquiry</string>
          <string>185</string>
          <string>32</string>
          <string>3</string>
          <string>180</string>
          <string>#FFFFFF</string>
          <string>32px</string>
        </ParameterValues>
      </ScriptScope>
      <ScriptScope>
        <ScopeIdentifier>@OutMenu</ScopeIdentifier>
        <ParameterValues>
          <string>Pick To Tote</string>
          <string>0</string>
          <string>32</string>
          <string>1</string>
          <string>240</string>
          <string>#808080</string>
          <string>32px</string>
        </ParameterValues>
      </ScriptScope>
      <ScriptScope>
        <ScopeIdentifier>@OutMenu</ScopeIdentifier>
        <ParameterValues>
          <string>Pick By Label</string>
          <string>0</string>
          <string>80</string>
          <string>2</string>
          <string>240</string>
          <string>#87CEFA</string>
          <string>32px</string>
        </ParameterValues>
      </ScriptScope>
      <ScriptScope>
        <ScopeIdentifier>@ErrOutMenu</ScopeIdentifier>
        <ParameterValues>
          <string>Pick To Tote</string>
          <string>0</string>
          <string>32</string>
          <string>1</string>
          <string>240</string>
          <string>#808080</string>
          <string>32px</string>
        </ParameterValues>
      </ScriptScope>
      <ScriptScope>
        <ScopeIdentifier>@ErrOutMenu</ScopeIdentifier>
        <ParameterValues>
          <string>Pick By Label</string>
          <string>0</string>
          <string>80</string>
          <string>2</string>
          <string>240</string>
          <string>#87CEFA</string>
          <string>32px</string>
        </ParameterValues>
      </ScriptScope>
      <ScriptScope>
        <ScopeIdentifier>@StoreMenu</ScopeIdentifier>
        <ParameterValues>
          <string>Inquiry</string>
          <string>0</string>
          <string>32</string>
          <string>1</string>
          <string>180</string>
          <string>#808080</string>
          <string>32px</string>
        </ParameterValues>
      </ScriptScope>
      <ScriptScope>
        <ScopeIdentifier>@StoreMenu</ScopeIdentifier>
        <ParameterValues>
          <string>Replenish</string>
          <string>0</string>
          <string>80</string>
          <string>2</string>
          <string>180</string>
          <string>#87CEFA</string>
          <string>32px</string>
        </ParameterValues>
      </ScriptScope>
      <ScriptScope>
        <ScopeIdentifier>@StoreMenu</ScopeIdentifier>
        <ParameterValues>
          <string>Item Count</string>
          <string>185</string>
          <string>32</string>
          <string>3</string>
          <string>180</string>
          <string>#FFFFFF</string>
          <string>32px</string>
        </ParameterValues>
      </ScriptScope>
      <ScriptScope>
        <ScopeIdentifier>@ErrStoreMenu</ScopeIdentifier>
        <ParameterValues>
          <string>Inquiry</string>
          <string>0</string>
          <string>32</string>
          <string>1</string>
          <string>180</string>
          <string>#808080</string>
          <string>32px</string>
        </ParameterValues>
      </ScriptScope>
      <ScriptScope>
        <ScopeIdentifier>@ErrStoreMenu</ScopeIdentifier>
        <ParameterValues>
          <string>Replenish</string>
          <string>0</string>
          <string>80</string>
          <string>2</string>
          <string>180</string>
          <string>#87CEFA</string>
          <string>32px</string>
        </ParameterValues>
      </ScriptScope>
      <ScriptScope>
        <ScopeIdentifier>@ErrStoreMenu</ScopeIdentifier>
        <ParameterValues>
          <string>Item Count</string>
          <string>185</string>
          <string>32</string>
          <string>3</string>
          <string>180</string>
          <string>#FFFFFF</string>
          <string>32px</string>
        </ParameterValues>
      </ScriptScope>
      <ScriptScope>
        <ScopeIdentifier>@T19</ScopeIdentifier>
        <ParameterValues>
          <string>Check</string>
          <string>0</string>
          <string>205</string>
          <string>{return}</string>
          <string>90</string>
          <string>#D2B48C</string>
          <string>24px</string>
        </ParameterValues>
      </ScriptScope>
      <ScriptScope>
        <ScopeIdentifier>@T20</ScopeIdentifier>
        <ParameterValues>
          <string>Exit</string>
          <string>0</string>
          <string>205</string>
          <string>{return}</string>
          <string>90</string>
          <string>#D2B48C</string>
          <string>24px</string>
        </ParameterValues>
      </ScriptScope>
    </Scopes>
  </ScriptWithScope>
  <ScriptWithScope>
    <FunctionName>virtualCapsLock</FunctionName>
    <DisplayName>Virtual Caps Lock</DisplayName>
    <ScriptText>
function onKey( event ) {

	//Only convert A-z characters
	if( event.keyCode &lt; 65 || event.keyCode &gt; 122 ) return;
	
	var ch = String.fromCharCode(parseInt(event.keyCode, 10));
	var upper = ch.toUpperCase();
	
	if( ch === upper ) 
		Device.sendKeys( ch.toLowerCase() );
	else
		Device.sendKeys( upper );

	event.eventHandled = true;
	
}

WLEvent.on("Key", onKey );</ScriptText>
    <Description>.</Description>
    <Autogenerated>false</Autogenerated>
    <IgnoreScope>false</IgnoreScope>
    <Tags />
    <Modified>2018-06-07T08:16:41.3236381-07:00</Modified>
    <Parameters />
    <Resources>
      <ScriptResource>
        <FileName>updateTitle.js</FileName>
        <Bytes>DQoNCnNldEludGVydmFsKCBmdW5jdGlvbigpe2xvY2F0aW9uLmhyZWY9IndsczprZXlzVG9VcHBlci51cGRhdGVUaXRsZSgnIiArIGRvY3VtZW50LnRpdGxlICsgIicpOyJ9LCAyMDApOw==</Bytes>
      </ScriptResource>
    </Resources>
    <DefaultScope>session</DefaultScope>
    <Scopes>
      <ScriptScope>
        <ScopeIdentifier>@T1</ScopeIdentifier>
        <ParameterValues />
      </ScriptScope>
      <ScriptScope>
        <ScopeIdentifier>@T1-1</ScopeIdentifier>
        <ParameterValues />
      </ScriptScope>
    </Scopes>
  </ScriptWithScope>
</ArrayOfScriptWithScope>