﻿<?xml version="1.0" encoding="utf-8"?>
<ArrayOfScriptWithScope xmlns:xsi="http://www.w3.org/2001/XMLSchema-instance" xmlns:xsd="http://www.w3.org/2001/XMLSchema">
  <ScriptWithScope>
    <FunctionName>addGlobalShortcut</FunctionName>
    <DisplayName>Add Global Shortcut</DisplayName>
    <ScriptText>
if (typeof globalButtons === "undefined")
	globalButtons = [];

if (typeof globalContextMenuItems === "undefined")
	globalContextMenuItems = [];

var item = { label: label, macro: macro };
if( type === "contextMenu" || type === "both" )
	globalContextMenuItems.push( item );

if( type === "button" || type === "both" )
	globalButtons.push( item );</ScriptText>
    <Description>This script allows you to add a global button or context menu item to the session. Buttons will be placed in a footer at the bottom of each screen, context menu items will be placed in the context menu.</Description>
    <Autogenerated>false</Autogenerated>
    <IgnoreScope>false</IgnoreScope>
    <Tags />
    <Modified>2017-12-15T22:39:06.8195441-08:00</Modified>
    <Parameters>
      <ScriptParameter>
        <VariableName>label</VariableName>
        <DefaultValue />
        <DisplayName>Label</DisplayName>
        <Description>The text you want placed on the button or context menu item.</Description>
        <StringType>true</StringType>
        <Options />
      </ScriptParameter>
      <ScriptParameter>
        <VariableName>macro</VariableName>
        <DefaultValue />
        <DisplayName>Macro</DisplayName>
        <Description>The macro you want executed when the item is pressed.</Description>
        <StringType>true</StringType>
        <Options />
      </ScriptParameter>
      <ScriptParameter>
        <VariableName>type</VariableName>
        <DefaultValue>contextMenu</DefaultValue>
        <DisplayName>Type</DisplayName>
        <Description>Whether you want this to be a button, context menu or both.</Description>
        <StringType>true</StringType>
        <Options>
          <ScriptOption>
            <Value>contextMenu</Value>
            <DisplayName>Context Menu</DisplayName>
          </ScriptOption>
          <ScriptOption>
            <Value>button</Value>
            <DisplayName>Button</DisplayName>
          </ScriptOption>
          <ScriptOption>
            <Value>both</Value>
            <DisplayName>Both</DisplayName>
          </ScriptOption>
        </Options>
      </ScriptParameter>
    </Parameters>
    <Resources />
    <DefaultScope>session</DefaultScope>
    <Scopes />
  </ScriptWithScope>
  <ScriptWithScope>
    <FunctionName>addTextReplace</FunctionName>
    <DisplayName>Add Text Replace</DisplayName>
    <ScriptText>
if (typeof textReplace === "undefined")
	textReplace = [];

var item = { orig: originalText, replace: replacementText };
textReplace.push(item);</ScriptText>
    <Description>This script will tke the given but of text and replace it with the given replacement when creating the modern screens</Description>
    <Autogenerated>false</Autogenerated>
    <IgnoreScope>false</IgnoreScope>
    <Tags />
    <Modified>2018-01-04T15:19:18.8871778-08:00</Modified>
    <Parameters>
      <ScriptParameter>
        <VariableName>originalText</VariableName>
        <DefaultValue />
        <DisplayName>Original Text</DisplayName>
        <Description>The text you want to replace</Description>
        <StringType>true</StringType>
        <Options />
      </ScriptParameter>
      <ScriptParameter>
        <VariableName>replacementText</VariableName>
        <DefaultValue />
        <DisplayName>Repalcement Text</DisplayName>
        <Description>The text you want to replace the original text</Description>
        <StringType>true</StringType>
        <Options />
      </ScriptParameter>
    </Parameters>
    <Resources />
    <DefaultScope>session</DefaultScope>
    <Scopes />
  </ScriptWithScope>
  <ScriptWithScope>
    <FunctionName>setKeyboard</FunctionName>
    <DisplayName>Set Keyboard</DisplayName>
    <ScriptText>if (typeof contextKeyboards === "undefined")
	contextKeyboards = [];
	
contextKeyboards.push( { tag: fieldTag, keyboard: keyboardName } );</ScriptText>
    <Description>Sets the keyboard default and visibility for a given field following the given label.</Description>
    <Autogenerated>false</Autogenerated>
    <IgnoreScope>false</IgnoreScope>
    <Tags />
    <Modified>2018-01-12T14:41:51.7381638-08:00</Modified>
    <Parameters>
      <ScriptParameter>
        <VariableName>visibility</VariableName>
        <DefaultValue>hide</DefaultValue>
        <DisplayName>Visibility</DisplayName>
        <Description>Whether or not to show or hide the keyboard.</Description>
        <StringType>true</StringType>
        <Options>
          <ScriptOption>
            <Value>hide</Value>
            <DisplayName>Hide</DisplayName>
          </ScriptOption>
          <ScriptOption>
            <Value>show</Value>
            <DisplayName>Show</DisplayName>
          </ScriptOption>
        </Options>
      </ScriptParameter>
      <ScriptParameter>
        <VariableName>keyboardName</VariableName>
        <DefaultValue />
        <DisplayName>Keyboard Name</DisplayName>
        <Description>The name of the keyboard you want to set as the default.</Description>
        <StringType>true</StringType>
        <Options />
      </ScriptParameter>
      <ScriptParameter>
        <VariableName>fieldTag</VariableName>
        <DefaultValue />
        <DisplayName>Field Tag</DisplayName>
        <Description>The text of the tag shown before the field</Description>
        <StringType>true</StringType>
        <Options />
      </ScriptParameter>
    </Parameters>
    <Resources />
    <DefaultScope>session</DefaultScope>
    <Scopes />
  </ScriptWithScope>
  <ScriptWithScope>
    <FunctionName>getParsingRules</FunctionName>
    <DisplayName>Get Parsing Rules</DisplayName>
    <ScriptText>

//This is a workaround for the fact that the console does not seem to recognize the Keyboard object
if (typeof Keyboard === "undefined") {
	Keyboard = new Object();
	Keyboard.enable = function( enable ) {
		Logger.debug( "Keyboard Enable set to: " + enable.toString() );
	};
	Keyboard.toggleVisible = function( toggle ) {
		Logger.debug("Toggling Visibility to: " + toggle.toString() );
	};
	Keyboard.changeKeyboard = function( keyboard ) {
		Logger.debug( "Changing Keyboard to: " + keyboard );
	};
}
var paperlessRules = {

	//-----------------------Display Settings------------------------------
	
	//The last row that elements should be generated from, Note that the system will still search for buttons below this line
	ignoreBelowLine: 24,
	
	//The last column that elements should be generated from, Note that the system will still search for buttons past this column
	ignoreAfterColumn: 80,
	
	removeEmptySpace: false,
	
	//Any characters you want removed from data labels and buttons, must be in the form of a regex
	charsToRemove: /-|_/g,
	
	//Sets the max length an element can before we creat a new table, this prevents squishing data
	maxLengthBeforeNewTable: 25,
	
	
	//--------------------------Element Settings-------------------------
	
	//Used to determine how to split text into seperate elements
	elementRegex: /([^=]+\s=\s|[^:]+:)|((?:(?:[!@#$%^&amp;*()\-+={}\[\]\\|:;"'&lt;,&gt;\.\?\/`~]\s?|[^\W_]\s?)(:?))+ |(\s|_){80})/g, 	
	
	
	//-------------Menu Settings-----------------------
	
	//An array of rules for detecting that a screen is a menu screen and how to create the menu items
	menuDetect: [
					{ 
						tittleLine: -1, //The line that should be displayed in the banner title, if set to -1 then no line will be used
						startLine: 0, 		//The beggining line that the keytext could found on
						endLine: 24,		//The ending line that the keytext could found on
						keyTextRegex: /Selection/, //The regex that must be matched on the given line for this screen to be considered a menu
						regex: [/^(\d)\.?\s?\s?(.+)/]  //The regex used to create the menu items. This must return 2 groups, the first group is used to create the macro, the second, the label.
					}
				], 
	menuMacro: "", //The macro you want placed after the parsed menu item value for example {enter}, leave blank if not needed
			
	
	//-----------------Message Screen Settings--------------------
	
	errorScreenRegex: null, //The regex used to identify error screens. This regex can match anywhere on the screen
	errorLine: 6, //The line used for line messages
	errorLineRegex: /Error\.1/, //The regex that must match on the given line to be considered an error
	warningLineRegex: null, //The regex that must match on the given line to be considered a warning
	isMessageRegex: /Error\.1/, //The regex that must match on the given line to be considered a message
	messageScreenHandler: function( event ) {
	
		var tittle;
		var message = "";
		for( var i=0; i&lt;25; i++ ) {
			if( !tittle ) {
				tittle = event.getTextAt(i,0,80).match( /(ERROR\!?|Error\!?|WARNING\!?|Warning\!?|INFO|Info)/g  );
			}
			else if(event.getTextAt(i,0,80).match(/(---)|(───)/) )
				break;
			else{
				var m = event.getTextAt(i,0,80).match( /(?:\||│)\s{0,5}([^|]+)\s{0,5}(?:\||│)/ );
				if( m ) message += m[1].trim() + " ";
			}
		}
		
		var table = event.createTable(0, 0, 3, 1);

		if( tittle[0] === "WARNING" || tittle[0] === "Warning" || tittle[0] === "WARNING!" || tittle[0] === "Warning!")
			table.addToCell( event.createImage( 0, 0, "res://velocity/resources/warning.png" ), 0, 0 );
		else if( tittle[0] === "ERROR" || tittle[0] === "Error" || tittle[0] === "ERROR!" || tittle[0] === "Error!" )
			table.addToCell( event.createImage( 0, 0, "res://velocity/resources/error.png" ), 0, 0 );
			
		table.addToCell( event.createHeader( 0, 0, message.toString() ), 1, 0 );
		
		var table2 = event.createTable( 0, 0, 1, 2 );
		//TODO: Update to correct ctrl values
		table2.addToCell( event.createButton( 0,0, "Back", "{ctrl-x}" ), 0, 0 );
		table2.addToCell( event.createButton( 0,0, "Confirm", "{ctrl-w}" ), 0, 1 );
		event.add( table );
		event.add( table2 );
		
	}, //A function to handle error messages. Usefull for custom error handling


	//---------------Title Settings-------------------------
	
	//This is an array of rulles for identifiying a title. You can create multiple rules if needed
	tittleRegex: [ 
					{ line:0, regex: /^PAPERLESS/ }
				], 
					
	//---------------Button settings-------------------------
	
	// An array of regexes used to determine what a button is. Any regex in the array can match, this allows you to account for multiple types of buttons. 
	//The regex Must return 2 goups, by default group 1 represents the key macro and group 2 represents the button label.If only 1 group is returned then it will be used for both the macro and label
	buttonRegex: null,	
	
	//If set to true then group 1 from the button regex will become the label and group 2 will be the macro
	reverseButtonGroups: false,						
	
	//Defines extra buttons to be placed on the screen. Is an array of button objects so you can define multiple buttons
	extraButtons: [
					{ regex: /Y\/N/, buttons: [ {label: "Yes", macro: "y"}, {label: "No", macro: "n"} ], showField: false },
					{ regex: /Enter Y or N/, buttons: [ {label: "Yes", macro: "y"}, {label: "No", macro: "n"} ], showField: false },
					{ regex: /Press Y to Cont|Press Y if OK/, buttons: [ {label: "Y", macro: "y"}, ], showField: false },
					{ regex: /ENTER to Cont/, buttons: [ {label: "Enter", macro: "{enter}"} ], showField: false },
					{ regex: /A\/D/, buttons: [ {label: "A", macro: "a"}, {label: "D", macro: "d"} ], showField: false },
					{ regex: /PRN:/, buttons: [ {label: "Printer 1", macro: "p1{enter}"}, {label: "Printer 2", macro: "p2{enter}"} ], showField: false },
					{ regex: /Confirm[^:]/, buttons: [ {label: "Yes", macro: "y{enter}"}, {label: "No", macro: "n{enter}"} ], showField: false }
				],
	
	
	//-------------Label Settings----------------------
	
	//The regex that must match for an element to be considered a label
	labelRegex: /((?:[\w\s#]+.?:)|(?:^[-\s_]+$))/, 
	
	
	//---------------------Cursor Settings-------------------------------
	
	//An array of cursor positions that should be ignored (Not create a field). A common example is 0,0, the upper left corner
	ignoreCursorInPositions: [ {row:0,column:0},{row:7,column:0},{row:8,column:0},{row:6,column:0} ], 
	
	//If true, a field will not be added if the cursor is on top of a button
	ignoreCursorIfOnButton: true, 
	
	//---------------------Keyboard Settings--------------------------------
	
	//An array of rules that define which keyboard to display at which time
	contextKeyboards: [ ]
};

var jdaRules = {

	//-----------------------Display Settings------------------------------
	
	//The last row that elements should be generated from, Note that the system will still search for buttons below this line
	ignoreBelowLine: 20,
	
	//The last column that elements should be generated from, Note that the system will still search for buttons past this column
	ignoreAfterColumn: 20,
	
	removeEmptySpace: true,
	
	//Any characters you want removed from data labels and buttons, must be in the form of a regex
	charsToRemove: /-|_/g,
	
	//Sets the max length an element can before we creat a new table, this prevents squishing data
	maxLengthBeforeNewTable: 80,
	
	
	//--------------------------Element Settings-------------------------
	
	//Used to determine how to split text into seperate elements
	elementRegex: /SU Qty|[^:]+:|[\*\s]+|(?:\[[^\]]+\])|(?:(?:[^\s*]+\s?)+)|(?:\s{80})/g, 	
	
	
	//-------------Menu Settings-----------------------
	
	//An array of rules for detecting that a screen is a menu screen and how to create the menu items
	menuDetect: [
					{ 
						tittleLine: 0, 
						startLine: 0, 		//The beggining line that the keytext could found on
						endLine: 24,		//The ending line that the keytext could found on
						keyTextRegex: /Enter Option/, 
						regex: [/(\d)(?:\s)((?:\w\s?)+)/g]
					}
				], 
	menuMacro: "{enter}", //The macro you want placed after the parsed menu item value for example {enter}, leave blank if not needed
			
	
	//-----------------Message Screen Settings--------------------
	
	errorScreenRegex: /(Invalid)/g, //The regex used to identify error screens. This regex can match anywhere on the screen
	errorLine: 15, //The line used for line messages
	errorLineRegex: null, //The regex that must match on the given line to be considered an error
	warningLineRegex: /Required/, //The regex that must match on the given line to be considered a warning
	isMessageRegex: /^(?!\s)^(?!([\w]+:))|(Entry Required)/, //The regex that must match on the given line to be considered a message
	messageScreenHandler: function( event ) {
	
		var tittle;
		var message = "";
		for( var i=0; i&lt;25; i++ ) {
			if( !tittle ) {
				tittle = event.getTextAt(i,0,80).match( /(Invalid)/g  );
				if(tittle){
				var m = event.getTextAt(i,0,80);
				if( m ) message += m.trim() + " ";
				}
			}
			else if(event.getTextAt(i,0,80).match(/Enter/) ){
				var m = event.getTextAt(i,0,80);
				if( m ) message += m.trim() + " ";
				break;
				}
			else{
				var m = event.getTextAt(i,0,80);
				if( m ) message += m.trim() + " ";
			}
		}
		
		var table = event.createTable(0, 0, 3, 1);
		
		if( tittle[0] === "Processing" )
			table.addToCell( event.createImage( 0, 0, "res://velocity/resources/warning.png" ), 0, 0 );
		else if( tittle[0] === "Invalid" )
			table.addToCell( event.createImage( 0, 0, "res://velocity/resources/error.png" ), 0, 0 );
		table.addToCell( event.createHeader( 0, 0, message.toString() ), 1, 0 );

		
		var table2 = event.createTable( 0, 0, 1, 1 );
		//TODO: Update to correct ctrl values
		table2.addToCell( event.createButton( 0,0, "Enter", "{enter}" ), 0, 0 );
		event.add( table );
		event.add( table2 );

	}, //A function to handle error messages. Usefull for custom error handling
	//---------------Title Settings-------------------------
	
	//This is an array of rulles for identifiying a title. You can create multiple rules if needed
	tittleRegex: [ 
					{ line:0, regex: /\w((?!\?).)*$/ },
				],
					
	//---------------Button settings-------------------------
	
	// An array of regexes used to determine what a button is. Any regex in the array can match, this allows you to account for multiple types of buttons. 
	//The regex Must return 2 goups, by default group 1 represents the key macro and group 2 represents the button label.If only 1 group is returned then it will be used for both the macro and label
	buttonRegex: [
					/\[s{0,10}(Enter)\s?\s?-\s?\s?(OK)\s{0,10}\]/g,
					/\[\s?\s?((?:F\d\d?)|(?:[^\d\s][^\d\]]*))\s?\s?([^\][]*)\s?((?:\])|(?=\[|$))/g
				], 	
	
	//If set to true then group 1 from the button regex will become the label and group 2 will be the macro
	reverseButtonGroups: false,						
	
	//Defines extra buttons to be placed on the screen. Is an array of button objects so you can define multiple buttons
	extraButtons: [
					{ regex: /- Press/, buttons: [ {label: "Enter", macro: "{enter}"} ], showField: false },
					{ regex: /(Y\|N)/, buttons: [ {label: "Yes", macro: "y"}, {label: "No", macro: "n"} ], showField: false },
					{ regex: /You can:/g, buttons: [ {label: "Continue", macro: "{enter}"}, {label: "Terminate", macro: "{down}{enter}"} ], showField: false },
					{ regex: /Press any key/g, buttons: [ {label: "Continue", macro: "{enter}"} ], showField: false },
					{ regex: /\[\s{0,10}Yes\s{0,10}\]/g, buttons: [ {label: "Yes", macro: "y{enter}"} ], showField: false },
					{ regex: /\[\s{0,10}No\s{0,10}\]/g, buttons: [ {label: "No", macro: "n{enter}"} ], showField: false }
				], 
	
	
	//-------------Label Settings----------------------
	
	//The regex that must match for an element to be considered a label
	labelRegex: /^(?!P$)[^\d]+$/, 
	
	
	//---------------------Cursor Settings-------------------------------
	
	//An array of cursor positions that should be ignored (Not create a field). A common example is 0,0, the upper left corner
	ignoreCursorInPositions: [ 
								{row:0,column:0}, 
								{row:1,column:0} 
							], 
	
	//If true, a field will not be added if the cursor is on top of a button
	ignoreCursorIfOnButton: true, 
	
	//---------------------Keyboard Settings--------------------------------
	
	//An array of rules that define which keyboard to display at which time
	contextKeyboards: null
}
var wavelinkModernizationDemoRules = {
	//-----------------------Display Settings------------------------------
	
	//The last row that elements should be generated from, Note that the system will still search for buttons below this line
	ignoreBelowLine: 24,
	
	//The last column that elements should be generated from, Note that the system will still search for buttons past this column
	ignoreAfterColumn: 80,
	
	removeEmptySpace: false,
	
	//Any characters you want removed from data labels and buttons, must be in the form of a regex
	charsToRemove: null,
	
	//Sets the max length an element can before we creat a new table, this prevents squishing data
	maxLengthBeforeNewTable: 80,
	
	
	//--------------------------Element Settings-------------------------
	
	//Used to determine how to split text into seperate elements
	elementRegex: /((?:(?:[!@#$%^&amp;*()\-+={}\[\]\\|:;"'&lt;,&gt;\.\?\/`~]\s?|[^\W_]\s?)(:?))+ |(\s|_){80})/g, 	
	
	
	//-------------Menu Settings-----------------------
	
	//An array of rules for detecting that a screen is a menu screen and how to create the menu items
	menuDetect: [
					{ 
						tittleLine: -1, //The line that should be displayed in the banner title, if set to -1 then no line will be used
						startLine: 0, 		//The beggining line that the keytext could found on
						endLine: 24,		//The ending line that the keytext could found on
						keyTextRegex: /Select/, //The regex that must be matched on the given line for this screen to be considered a menu
						regex: [/^(\d)\.?\s?\s?((?:[a-zA-Z\(\)-]+\s)+)/]  //The regex used to create the menu items. This must return 2 groups, the first group is used to create the macro, the sencond, the label.
					}
				], 
	menuMacro: "", //The macro you want placed after the parsed menu item value for example {enter}, leave blank if not needed
			
	
	//-----------------Message Screen Settings--------------------
	
	errorScreenRegex: /((?:--|──)+(ERROR|WARNING|INFO)(?:--|──)+)/g, //The regex used to identify error screens. This regex can match anywhere on the screen
	errorLine: 9, //The line used for line messages
	errorLineRegex: /Err/, //The regex that must match on the given line to be considered an error
	warningLineRegex: null, //The regex that must match on the given line to be considered a warning
	isMessageRegex: /^(?!\s)^(?!([\w]+:))/, //The regex that must match on the given line to be considered a message
	messageScreenHandler: null, //A function to handle error messages. Usefull for custom error handling


	//---------------Title Settings-------------------------
	
	//This is an array of rulles for identifiying a title. You can create multiple rules if needed
	tittleRegex: [ 
					{ line:0, regex: /\w((?!\?).)*$/ },
					{ line:1, regex: /^\s{3}/} 
				], 
					
	//---------------Button settings-------------------------
	
	// An array of regexes used to determine what a button is. Any regex in the array can match, this allows you to account for multiple types of buttons. 
	//The regex Must return 2 goups, by default group 1 represents the key macro and group 2 represents the button label.If only 1 group is returned then it will be used for both the macro and label
	buttonRegex: [/(\w+)\s?=\s?((?:\w+\s?)+)/g], 	
	
	//If set to true then group 1 from the button regex will become the label and group 2 will be the macro
	reverseButtonGroups: false,						
	
	//Defines extra buttons to be placed on the screen. Is an array of button objects so you can define multiple buttons
	extraButtons: [
					{ regex: /Y\/N/, buttons: [ {label: "Yes", macro: "y"}, {label: "No", macro: "n"} ], showField: false },
					{ regex: /Press &lt;Enter&gt; to Confirm/, buttons: [ {label: "Confirm", macro: "{enter}"} ], showField: false },
					{ regex: /PRN:/, buttons: [ {label: "Printer 1", macro: "p1{enter}"}, {label: "Printer 2", macro: "p2{enter}"} ], showField: false },
					{ regex: /Confirm[^:]/, buttons: [ {label: "Yes", macro: "y{enter}"}, {label: "No", macro: "n{enter}"} ], showField: false }
				],
	
	
	//-------------Label Settings----------------------
	
	//The regex that must match for an element to be considered a label
	labelRegex: /([\w\s#]+:)/, 
	
	
	//---------------------Cursor Settings-------------------------------
	
	//An array of cursor positions that should be ignored (Not create a field). A common example is 0,0, the upper left corner
	ignoreCursorInPositions: [ {row:0,column:0} ], 
	
	//If true, a field will not be added if the cursor is on top of a button
	ignoreCursorIfOnButton: true, 
	
	//---------------------Keyboard Settings--------------------------------
	
	//An array of rules that define which keyboard to display at which time
	contextKeyboards: [ 	
		{ visibility: "hide", keyboard: "Numeric (Portrait)", method: "title", regex: /\(W03\)/ },
		{ visibility: "hide", keyboard: "Locations", method: "title", regex: /\(W04\)/ },
		{ visibility: "hide", keyboard: "Locations", method: "title", regex: /\(W07\)/ },
		{ visibility: "show", keyboard: "Numeric (Portrait)", method: "title", regex: /\(W10\)/ },
		{ visibility: "hide", keyboard: "Shelf", method: "title", regex: /\(W14\)/ },
		{ visibility: "hide", keyboard: "Numeric (Portrait)", method: "title", regex: /\(W12\)/ },
		{ visibility: "show", keyboard: "Numeric (Portrait)", method: "title", regex: /\(W15\)/ },
		{ visibility: "hide", keyboard: "Alpha (Portrait)", method: "title", regex: /\(W18\)/ },
		{ visibility: "show", keyboard: "Numeric (Portrait)", method: "title", regex: /\(W19\)/ },
		{ visibility: "hide", keyboard: "Alpha (Portrait)", method: "title", regex: /\(W22\)/ },
		{ visibility: "hide", keyboard: "Numeric (Portrait)", method: "title", regex: /\(W13\)/ },
		{ visibility: "show", keyboard: "Numeric (Portrait)", method: "title", regex: /\(W05\)/ },
		{ visibility: "show", keyboard: "Numeric (Portrait)", method: "title", regex: /\(W09\)/ },
		{ visibility: "show", keyboard: "Numeric (Portrait)", method: "title", regex: /\(S12\)/ },
		{ visibility: "show", keyboard: "Numeric (Portrait)", method: "title", regex: /\(S03\)/ },
		{ visibility: "show", keyboard: "Shelf", method: "title", regex: /\(S04\)/ },
		{ visibility: "show", keyboard: "Numeric (Portrait)", method: "title", regex: /\(S05\)/ },
		{ visibility: "show", keyboard: "Shelf", method: "title", regex: /\(S08\)/ },
		{ visibility: "show", keyboard: "Numeric (Portrait)", method: "title", regex: /\(S09\)/ }
	]
};

var manhattanISeriesRules = {

	//-----------------------Display Settings------------------------------
	
	//The last row that elements should be generated from, Note that the system will still search for buttons below this line
	ignoreBelowLine: 20,
	
	//The last column that elements should be generated from, Note that the system will still search for buttons past this column
	ignoreAfterColumn: 80,
	
	removeEmptySpace: true,
	
	//Any characters you want removed from data labels and buttons, must be in the form of a regex
	charsToRemove: /\+|\||_|\-/g,
	
	//Sets the max length an element can before we creat a new table, this prevents squishing data
	maxLengthBeforeNewTable: 16,
	
	
	//--------------------------Element Settings-------------------------
	
	//Used to determine how to split text into seperate elements
	elementRegex: /Act Locn|((?:[^:\s_+|]+(?:\s|:)?)+)/g, 	
	
	
	//-------------Menu Settings-----------------------
	
	//An array of rules for detecting that a screen is a menu screen and how to create the menu items
	menuDetect:  [
					{ 
						tittleLine: 7, 
						startLine: 0, 		//The beggining line that the keytext could found on
						endLine: 24,		//The ending line that the keytext could found on
						keyTextRegex: /S=&gt;/g, 
						regex: [/(\d)(?:\.\s\s)((?:\w\s?)+)/g] 
					}
				],
	menuMacro: "{enter}", //The macro you want placed after the parsed menu item value for example {enter}, leave blank if not needed
			
	
	//-----------------Message Screen Settings--------------------
	
	errorScreenRegex: /((?:--|──)+(ERROR\!?|Error\!?|WARNING\!?|Warning\!?|INFO|Info|INFORM|Inform)(?:--|──)+)/g, //The regex used to identify error screens. This regex can match anywhere on the screen
	errorLine: -1, //The line used for line messages
	errorLineRegex: null, //The regex that must match on the given line to be considered an error
	warningLineRegex: null, //The regex that must match on the given line to be considered a warning
	isMessageRegex: null, //The regex that must match on the given line to be considered a message
	messageScreenHandler: function( event ) {
	
		var tittle;
		var message = "";
		for( var i=0; i&lt;25; i++ ) {
			if( !tittle ) {
				tittle = event.getTextAt(i,0,80).match( /(ERROR\!?|Error\!?|WARNING\!?|Warning\!?|INFO|Info|INFORM|Inform)/g  );
			}
			else if(event.getTextAt(i,0,80).match(/(---)|(───)/) )
				break;
			else{
				var m = event.getTextAt(i,0,80).match( /(?:\||│)\s{0,5}([^|]+)\s{0,5}(?:\||│)/ );
				if( m ) message += m[1].trim() + " ";
			}
		}
		
		var table = event.createTable(0, 0, 3, 1);

		if( tittle[0] === "WARNING" || tittle[0] === "Warning" || tittle[0] === "WARNING!" || tittle[0] === "Warning!")
			table.addToCell( event.createImage( 0, 0, "res://velocity/resources/warning.png" ), 0, 0 );
		else if( tittle[0] === "ERROR" || tittle[0] === "Error" || tittle[0] === "ERROR!" || tittle[0] === "Error!" )
			table.addToCell( event.createImage( 0, 0, "res://velocity/resources/error.png" ), 0, 0 );
			
		table.addToCell( event.createHeader( 0, 0, message.toString() ), 1, 0 );
		
		var table2 = event.createTable( 0, 0, 1, 2 );
		//TODO: Update to correct ctrl values
		table2.addToCell( event.createButton( 0,0, "Back", "{ctrl-x}" ), 0, 0 );
		table2.addToCell( event.createButton( 0,0, "Confirm", "{ctrl-w}" ), 0, 1 );
		event.add( table );
		event.add( table2 );
		
	}, //A function to handle error messages. Usefull for custom error handling



	//---------------Title Settings-------------------------
	
	//This is an array of rulles for identifiying a title. You can create multiple rules if needed
	tittleRegex: [ 
					{ line:0, regex: /^((?![\?:]).)*$/ } 
				 ], 
					
	//---------------Button settings-------------------------
	
	// An array of regexes used to determine what a button is. Any regex in the array can match, this allows you to account for multiple types of buttons. 
	//The regex Must return 2 goups, by default group 1 represents the key macro and group 2 represents the button label.If only 1 group is returned then it will be used for both the macro and label
	buttonRegex: [/(Ctrl-\w)\s([^\s]+\s?[^\sF]+\s?[^\sF]+)/g], 	
	
	//If set to true then group 1 from the button regex will become the label and group 2 will be the macro
	reverseButtonGroups: false,						
	
	//Defines extra buttons to be placed on the screen. Is an array of button objects so you can define multiple buttons
	extraButtons: [], 
	
	
	//-------------Label Settings----------------------
	
	//The regex that must match for an element to be considered a label
	labelRegex: /([^:]+:)|Act Locn|SKU/g, 
	
	
	//---------------------Cursor Settings-------------------------------
	
	//An array of cursor positions that should be ignored (Not create a field). A common example is 0,0, the upper left corner
	ignoreCursorInPositions: [ {row:0,column:0} ], 
	
	//If true, a field will not be added if the cursor is on top of a button
	ignoreCursorIfOnButton: true, 
	
	//---------------------Keyboard Settings--------------------------------
	
	//An array of rules that define which keyboard to display at which time
	contextKeyboards: null
};

var manhattanOpenSystemsRules = {

	//-----------------------Display Settings------------------------------
	
	//The last row that elements should be generated from, Note that the system will still search for buttons below this line
	ignoreBelowLine: 24,
	
	//The last column that elements should be generated from, Note that the system will still search for buttons past this column
	ignoreAfterColumn: 80,
	
	removeEmptySpace: false,
	
	//Any characters you want removed from data labels and buttons, must be in the form of a regex
	charsToRemove: /-|_/g,
	
	//Sets the max length an element can before we creat a new table, this prevents squishing data
	maxLengthBeforeNewTable: 80,
	
	
	//--------------------------Element Settings-------------------------
	
	//Used to determine how to split text into seperate elements
	elementRegex: /([^:]+:)|((?:(?:[!@#$%^&amp;*()\-+={}\[\]\\|:;"'&lt;,&gt;\.\?\/`~]\s?|[^\W_]\s?)(:?))+ |(\s|_){80})/g, 	
	
	
	//-------------Menu Settings-----------------------
	
	//An array of rules for detecting that a screen is a menu screen and how to create the menu items
	menuDetect: [
					{ 
						tittleLine: 1, //The line that should be displayed in the banner title, if set to -1 then no line will be used
						startLine: 0, 		//The beggining line that the keytext could found on
						endLine: 24,		//The ending line that the keytext could found on
						keyTextRegex: /Select/, //The regex that must be matched on the given line for this screen to be considered a menu
						regex: [/^(\d)\.?\s?\s?(.+)/]  //The regex used to create the menu items. This must return 2 groups, the first group is used to create the macro, the sencond, the label.
					}
				], 
	menuMacro: "", //The macro you want placed after the parsed menu item value for example {enter}, leave blank if not needed
			
	
	//-----------------Message Screen Settings--------------------
	
	errorScreenRegex: /((?:--|──)+(ERROR\!?|Error\!?|WARNING\!?|Warning\!?|INFO|Info)(?:--|──)+)/g, //The regex used to identify error screens. This regex can match anywhere on the screen
	errorLine: 9, //The line used for line messages
	errorLineRegex: /Err/, //The regex that must match on the given line to be considered an error
	warningLineRegex: null, //The regex that must match on the given line to be considered a warning
	isMessageRegex: /^(?!\s)^(?!([\w]+:))/, //The regex that must match on the given line to be considered a message
	messageScreenHandler: function( event ) {
	
		var tittle;
		var message = "";
		for( var i=0; i&lt;25; i++ ) {
			if( !tittle ) {
				tittle = event.getTextAt(i,0,80).match( /(ERROR\!?|Error\!?|WARNING\!?|Warning\!?|INFO|Info)/g  );
			}
			else if(event.getTextAt(i,0,80).match(/(---)|(───)/) )
				break;
			else{
				var m = event.getTextAt(i,0,80).match( /(?:\||│)\s{0,5}([^|]+)\s{0,5}(?:\||│)/ );
				if( m ) message += m[1].trim() + " ";
			}
		}
		
		var table = event.createTable(0, 0, 3, 1);

		if( tittle[0] === "WARNING" || tittle[0] === "Warning" || tittle[0] === "WARNING!" || tittle[0] === "Warning!")
			table.addToCell( event.createImage( 0, 0, "res://velocity/resources/warning.png" ), 0, 0 );
		else if( tittle[0] === "ERROR" || tittle[0] === "Error" || tittle[0] === "ERROR!" || tittle[0] === "Error!" )
			table.addToCell( event.createImage( 0, 0, "res://velocity/resources/error.png" ), 0, 0 );
			
		table.addToCell( event.createHeader( 0, 0, message.toString() ), 1, 0 );
		
		var table2 = event.createTable( 0, 0, 1, 2 );
		//TODO: Update to correct ctrl values
		table2.addToCell( event.createButton( 0,0, "Back", "{ctrl-x}" ), 0, 0 );
		table2.addToCell( event.createButton( 0,0, "Confirm", "{ctrl-w}" ), 0, 1 );
		event.add( table );
		event.add( table2 );
		
	}, //A function to handle error messages. Usefull for custom error handling


	//---------------Title Settings-------------------------
	
	//This is an array of rulles for identifiying a title. You can create multiple rules if needed
	tittleRegex: [ 
					{ line:0, regex: /^[^:]+$/ }
				], 
					
	//---------------Button settings-------------------------
	
	// An array of regexes used to determine what a button is. Any regex in the array can match, this allows you to account for multiple types of buttons. 
	//The regex Must return 2 goups, by default group 1 represents the key macro and group 2 represents the button label.If only 1 group is returned then it will be used for both the macro and label
	buttonRegex: [/(\w+)\s?=\s?((?:\w+\s?)+)/g], 	
	
	//If set to true then group 1 from the button regex will become the label and group 2 will be the macro
	reverseButtonGroups: false,						
	
	//Defines extra buttons to be placed on the screen. Is an array of button objects so you can define multiple buttons
	extraButtons: [
					{ regex: /Y\/N/, buttons: [ {label: "Yes", macro: "y"}, {label: "No", macro: "n"} ], showField: false },
					{ regex: /Press &lt;Enter&gt; to Confirm/, buttons: [ {label: "Confirm", macro: "{enter}"} ], showField: false },
					{ regex: /PRN:/, buttons: [ {label: "Printer 1", macro: "p1{enter}"}, {label: "Printer 2", macro: "p2{enter}"} ], showField: false },
					{ regex: /Confirm[^:]/, buttons: [ {label: "Yes", macro: "y{enter}"}, {label: "No", macro: "n{enter}"} ], showField: false }
				],
	
	
	//-------------Label Settings----------------------
	
	//The regex that must match for an element to be considered a label
	labelRegex: /((?:[\w\s#]+:)|(?:^[-\s_]+$))/, 
	
	
	//---------------------Cursor Settings-------------------------------
	
	//An array of cursor positions that should be ignored (Not create a field). A common example is 0,0, the upper left corner
	ignoreCursorInPositions: [ {row:0,column:0} ], 
	
	//If true, a field will not be added if the cursor is on top of a button
	ignoreCursorIfOnButton: true, 
	
	//---------------------Keyboard Settings--------------------------------
	
	//An array of rules that define which keyboard to display at which time
	contextKeyboards: [ ]
};

var highJumpRules = {

    //-----------------------Display Settings------------------------------
    
    //The last row that elements should be generated from, Note that the system will still search for buttons below this line
    ignoreBelowLine: 20,
    
    //The last column that elements should be generated from, Note that the system will still search for buttons past this column
    ignoreAfterColumn: 80,
    
    removeEmptySpace: true,
    
    //Any characters you want removed from data labels and buttons, must be in the form of a regex
    charsToRemove: /_\[/g,
    
    //Sets the max length an element can before we creat a new table, this prevents squishing data
    maxLengthBeforeNewTable: 80,
    
    
    //--------------------------Element Settings-------------------------
    
    //Used to determine how to split text into seperate elements
    elementRegex: /([^\s]+(?:\s[^F\s]\s?)?)+|\s{80}/g,     
    
    
    //-------------Menu Settings-----------------------
    
    //An array of rules for detecting that a screen is a menu screen and how to create the menu items
    menuDetect: [
                    { 
                        tittleLine: 0, 
                        startLine: 0,         //The beggining line that the keytext could found on
                        endLine: 24,        //The ending line that the keytext could found on
                        keyTextRegex: /OPTION/, 
                        regex: [/(\d)(?:\s)((?:\w\s?)+)/g] 
                    }
                ], 
    menuMacro: "{enter}", //The macro you want placed after the parsed menu item value for example {enter}, leave blank if not needed
            
    
    //-----------------Message Screen Settings--------------------
    
    errorScreenRegex: /((?:--|──)+(ERROR|WARNING|INFO)(?:--|──)+)/g, //The regex used to identify error screens. This regex can match anywhere on the screen
    errorLine: -1, //The line used for line messages
    errorLineRegex: null, //The regex that must match on the given line to be considered an error
    warningLineRegex: null, //The regex that must match on the given line to be considered a warning
    isMessageRegex: null, //The regex that must match on the given line to be considered a message
    messageScreenHandler: null, //A function to handle error messages. Usefull for custom error handling


    //---------------Title Settings-------------------------
    
    //This is an array of rulles for identifiying a title. You can create multiple rules if needed
    tittleRegex: [ 
                    { line:0, regex: /.((?!\?).)*$/ }, //Line is the line the title appears on, regex must match for the text on the given line to be considered a title
                    {line: 1, regex: /\s{80}/} 
                ], 
                    
    //---------------Button settings-------------------------
    
    // An array of regexes used to determine what a button is. Any regex in the array can match, this allows you to account for multiple types of buttons. 
    //The regex Must return 2 goups, by default group 1 represents the key macro and group 2 represents the button label.If only 1 group is returned then it will be used for both the macro and label
    buttonRegex: [/((?:F\d{1,2})|(?:ENTER)):((?:\w|&amp;)*\s?(?:[^\WF]|&amp;)*)/g],     
    
    //If set to true then group 1 from the button regex will become the label and group 2 will be the macro
    reverseButtonGroups: false,                        
    
    //Defines extra buttons to be placed on the screen. Is an array of button objects so you can define multiple buttons
    extraButtons: [
                    { regex: /Y or N/, buttons: [ {label: "Yes", macro: "y"}, {label: "No", macro: "n"} ], showField: false }
                ], 
    
    
    //-------------Label Settings----------------------
    
    //The regex that must match for an element to be considered a label
    labelRegex: /([\w\s#]+:)/, 
    
    
    //---------------------Cursor Settings-------------------------------
    
    //An array of cursor positions that should be ignored (Not create a field). A common example is 0,0, the upper left corner
    ignoreCursorInPositions: [ {row:0,column:0} ], 
    
    //If true, a field will not be added if the cursor is on top of a button
    ignoreCursorIfOnButton: true, 
    
    //---------------------Keyboard Settings--------------------------------
    
    //An array of rules that define which keyboard to display at which time
    contextKeyboards: null
}


var oracleRules = {

	//-----------------------Display Settings------------------------------
	
	//The last row that elements should be generated from, Note that the system will still search for buttons below this line
	ignoreBelowLine: 20,
	
	//The last column that elements should be generated from, Note that the system will still search for buttons past this column
	ignoreAfterColumn: 80,
	
	removeEmptySpace: true,
	
	//Any characters you want removed from data labels and buttons, must be in the form of a regex
	charsToRemove: /[-:&gt;\\]/g,
	
	//Sets the max length an element can before we creat a new table, this prevents squishing data
	maxLengthBeforeNewTable: 80,
	
	//--------------------------Element Settings-------------------------
	
	//Used to determine how to split text into seperate elements
	elementRegex: /&lt;((\w)(?:.+))&gt;|([^:]+([:&gt;]))|(\b.+)|[-\s]{80}/g, 	
	
	
	//-------------Menu Settings-----------------------
	
	//An array of rules for detecting that a screen is a menu screen and how to create the menu items
	menuDetect: [
					{ 
						tittleLine: 0, 
						startLine: 0, 		//The beggining line that the keytext could found on
						endLine: 24,		//The ending line that the keytext could found on
						keyTextRegex: /\d\d?&lt;/, 
						regex: [/(\d{1,2})&lt;([\w\s&amp;#]*)/g]
					}
				], 
	menuMacro: "{enter}", //The macro you want placed after the parsed menu item value for example {enter}, leave blank if not needed
			
	
	//-----------------Message Screen Settings--------------------
	
	errorScreenRegex: /(Error|Warning|Info)/g, //The regex used to identify error screens. This regex can match anywhere on the screen
	errorLine: 15, //The line used for line messages
	errorLineRegex: null,///^[^\/\\]+$/, //The regex that must match on the given line to be considered an error
	warningLineRegex: null, //The regex that must match on the given line to be considered a warning
	isMessageRegex: /^[^\.:?\/\\]*$/, //The regex that must match on the given line to be considered a message
	messageScreenHandler: function(event) { 
		//Get message
		var message = "";
		var i = 2;
		var line = event.getTextAt( i, 0, 80 );
		while( line.indexOf("&lt;") != 0 &amp;&amp; i&lt;80 ) {
			Logger.debug("Parsing Message: " + line );
			message = message + line.substring(0,20);
			i++;
			line = event.getTextAt( i, 0, 80 );
		}
		Logger.debug( "Final Message: " + message );
		
		var table = event.createTable(0, 0, 3, 1);
		table.addToCell( event.createImage( 0, 0, "res://velocity/resources/warning.png" ), 0, 0 );
		table.addToCell( event.createHeader( 0, 0, message.toString() ), 1, 0 );
		
		var table2 = event.createTable( 0, 0, 1, 2 );
		table2.addToCell( event.createButton( 0,0, "Yes", "y" ), 0, 0 );
		table2.addToCell( event.createButton( 0,0, "No", "n" ), 0, 1 );
		event.add( table );
		event.add( table2 );
		
	}, //A function to handle error messages. Usefull for custom error handling


	//---------------Title Settings-------------------------
	
	//This is an array of rulles for identifiying a title. You can create multiple rules if needed
	tittleRegex: [ { line:0, regex: /.+/ } ], 
					
	//---------------Button settings-------------------------
	
	// An array of regexes used to determine what a button is. Any regex in the array can match, this allows you to account for multiple types of buttons. 
	//The regex Must return 2 goups, by default group 1 represents the key macro and group 2 represents the button label.If only 1 group is returned then it will be used for both the macro and label
	buttonRegex: [/(?&lt;!\d\s|\d)&lt;((\w).+)&gt;/g], 	
	
	//If set to true then group 1 from the button regex will become the label and group 2 will be the macro
	reverseButtonGroups: true,						
	
	//Defines extra buttons to be placed on the screen. Is an array of button objects so you can define multiple buttons
	extraButtons: [
						{ regex: /y\/n/, buttons: [ {label: "Yes", macro: "y"}, {label: "No", macro: "n"} ], showField: false }
				], 
	
	
	//-------------Label Settings----------------------
	
	//The regex that must match for an element to be considered a label
	labelRegex: /([\w\s]+[:&gt;])/, 
	
	
	//---------------------Cursor Settings-------------------------------
	
	//An array of cursor positions that should be ignored (Not create a field). A common example is 0,0, the upper left corner
	ignoreCursorInPositions: [ 
								{row:0,column:0},
								{row:15,column:20}
							], 
	
	//If true, a field will not be added if the cursor is on top of a button
	ignoreCursorIfOnButton: true, 
	
	//---------------------Keyboard Settings--------------------------------
	
	//An array of rules that define which keyboard to display at which time
	contextKeyboards: null
	
}

var sapRules = {

	//-----------------------Display Settings------------------------------
	
	//The last row that elements should be generated from, Note that the system will still search for buttons below this line
	ignoreBelowLine: 20,
	
	//The last column that elements should be generated from, Note that the system will still search for buttons past this column
	ignoreAfterColumn: 19,
	
	removeEmptySpace: true,
	
	//Any characters you want removed from data labels and buttons, must be in the form of a regex
	charsToRemove: null,
	
	//Sets the max length an element can before we creat a new table, this prevents squishing data
	maxLengthBeforeNewTable: 15,
	
	
	//--------------------------Element Settings-------------------------
	
	//Used to determine how to split text into seperate elements
	elementRegex: /SU Qty|[\*\s]+|(?:\[[^\]]+\])|(?:(?:[^\s*]+\s?)+)|(?:\s{20})/g, 	
	
	
	//-------------Menu Settings-----------------------
	
	//An array of rules for detecting that a screen is a menu screen and how to create the menu items
	menuDetect: [
					{ 
						tittleLine: -1, 
						startLine: 0, 		//The beggining line that the keytext could found on
						endLine: 24,		//The ending line that the keytext could found on
						keyTextRegex: /Men|Slct/, 
						regex: [/\[(?:[\s+]+|)(\d+)\.?\s?([^\]\n\r\&gt;]+)/g]
					}
				], 
	menuMacro: "{enter}", //The macro you want placed after the parsed menu item value for example {enter}, leave blank if not needed
			
	
	//-----------------Message Screen Settings--------------------
	
	errorScreenRegex: /((?:--|──)+(ERROR|WARNING|INFO)(?:--|──)+)/g, //The regex used to identify error screens. This regex can match anywhere on the screen
	errorLine: -1, //The line used for line messages
	errorLineRegex: null, //The regex that must match on the given line to be considered an error
	warningLineRegex: null, //The regex that must match on the given line to be considered a warning
	isMessageRegex: /^(?!\s)^(?!([\w]+:))/, //The regex that must match on the given line to be considered a message
	messageScreenHandler: null, //A function to handle error messages. Usefull for custom error handling


	//---------------Title Settings-------------------------
	
	//This is an array of rulles for identifiying a title. You can create multiple rules if needed
	tittleRegex: null, 
					
	//---------------Button settings-------------------------
	
	// An array of regexes used to determine what a button is. Any regex in the array can match, this allows you to account for multiple types of buttons. 
	//The regex Must return 2 goups, by default group 1 represents the key macro and group 2 represents the button label.If only 1 group is returned then it will be used for both the macro and label
	buttonRegex: [
					/\[s{0,10}(Enter)\s?\s?-\s?\s?(OK)\s{0,10}\]/g,
					/\[\s?\s?((?:F\d\d?)|(?:[^\d\s][^\d\]]*))\s?\s?([^\][]*)\s?((?:\])|(?=\[|$))/g
				], 	
	
	//If set to true then group 1 from the button regex will become the label and group 2 will be the macro
	reverseButtonGroups: false,						
	
	//Defines extra buttons to be placed on the screen. Is an array of button objects so you can define multiple buttons
	extraButtons: [
					{ regex: /\[\s{0,10}OK\s{0,10}\]/g, buttons: [ {label: "OK", macro: "{enter}"} ], showField: false },
					{ regex: /Y or N/, buttons: [ {label: "Yes", macro: "y"}, {label: "No", macro: "n"} ], showField: false },
					{ regex: /You can:/g, buttons: [ {label: "Continue", macro: "{enter}"}, {label: "Terminate", macro: "{down}{enter}"} ], showField: false },
					{ regex: /Press any key/g, buttons: [ {label: "Continue", macro: "{enter}"} ], showField: false },
					{ regex: /\[\s{0,10}Yes\s{0,10}\]/g, buttons: [ {label: "Yes", macro: "y{enter}"} ], showField: false },
					{ regex: /\[\s{0,10}No\s{0,10}\]/g, buttons: [ {label: "No", macro: "n{enter}"} ], showField: false }
				], 
	
	
	//-------------Label Settings----------------------
	
	//The regex that must match for an element to be considered a label
	labelRegex: /^(?!P$)[^\d]+$/, 
	
	
	//---------------------Cursor Settings-------------------------------
	
	//An array of cursor positions that should be ignored (Not create a field). A common example is 0,0, the upper left corner
	ignoreCursorInPositions: [ 
								{row:0,column:0}, 
								{row:1,column:0} 
							], 
	
	//If true, a field will not be added if the cursor is on top of a button
	ignoreCursorIfOnButton: true, 
	
	//---------------------Keyboard Settings--------------------------------
	
	//An array of rules that define which keyboard to display at which time
	contextKeyboards: null
}

var oracleLogfireRules = {

	//-----------------------Display Settings------------------------------
	
	//The last row that elements should be generated from, Note that the system will still search for buttons below this line
	ignoreBelowLine: 24,
	
	//The last column that elements should be generated from, Note that the system will still search for buttons past this column
	ignoreAfterColumn: 80,
	
	removeEmptySpace: false,
	
	//Any characters you want removed from data labels and buttons, must be in the form of a regex
	charsToRemove: null,
	
	//Sets the max length an element can before we creat a new table, this prevents squishing data
	maxLengthBeforeNewTable: 80,
	
	
	//--------------------------Element Settings-------------------------
	
	//Used to determine how to split text into seperate elements
	elementRegex: /(Ctrl-.:.+)|((?:(?:[!@#$%^&amp;*()\-+={}\[\]\\|:;"'&lt;,&gt;\.\?\/`~]\s?|[^\s]\s?):?)+|(\s|_){80})/g, 	
	
	
	//-------------Menu Settings-----------------------
	
	//An array of rules for detecting that a screen is a menu screen and how to create the menu items
	menuDetect: [
					{ 
						tittleLine: -1, 
						startLine: 0, 		//The beggining line that the keytext could found on
						endLine: 24,		//The ending line that the keytext could found on
						keyTextRegex: /=&gt;/, 
						regex: [/(\d)\)\s?(.+)/] 
					}
				], 
	menuMacro: "{enter}", //The macro you want placed after the parsed menu item value for example {enter}, leave blank if not needed
			
	
	//-----------------Message Screen Settings--------------------
	
	errorScreenRegex: /┌─+┐/g, //The regex used to identify error screens. This regex can match anywhere on the screen
	errorLine: -1, //The line used for line messages
	errorLineRegex: /Err/, //The regex that must match on the given line to be considered an error
	warningLineRegex: null, //The regex that must match on the given line to be considered a warning
	isMessageRegex: /^(?!\s)^(?!([\w]+:))/, //The regex that must match on the given line to be considered a message
	messageScreenHandler: function( event ) {
	
		var topFound = false;
		var message = "";
		for( var i=0; i&lt;25; i++ ) {
			if(event.getTextAt(i,0,80).match(/(---)|(───)/) )
				if( !topFound ) topFound = true;
				else break;
			else{
				var m = event.getTextAt(i,0,80).match( /(?:\||│)\s{0,5}(.+)\s{0,5}(?:\||│)/ );
				if( m ) message += m[1].trim() ;
			}
		}
		
		var table = event.createTable(0, 0, 3, 1);
		
		table.addToCell( event.createImage( 0, 0, "res://velocity/resources/error.png" ), 0, 0 );
		table.addToCell( event.createHeader( 0, 0, message.toString() ), 1, 0 );
		
		var table2 = event.createTable( 0, 0, 1, 2 );
		//TODO: Update to correct ctrl values
		table2.addToCell( event.createButton( 0,0, "Go Back", "{Ctrl-W}" ), 0, 0 );
		table2.addToCell( event.createButton( 0,0, "Accept", "{Ctrl-A}" ), 0, 1 );
		event.add( table );
		event.add( table2 );
		
	}, //A function to handle error messages. Usefull for custom error handling


	//---------------Title Settings-------------------------
	
	//This is an array of rulles for identifiying a title. You can create multiple rules if needed
	tittleRegex: [ 
					{ line:0, regex: /^\s{2,10}[^"]*$/ } 
				], 
					
	//---------------Button settings-------------------------
	
	// An array of regexes used to determine what a button is. Any regex in the array can match, this allows you to account for multiple types of buttons. 
	//The regex Must return 2 goups, by default group 1 represents the key macro and group 2 represents the button label.If only 1 group is returned then it will be used for both the macro and label
	buttonRegex: [/(Ctrl..):\s(.+)/g], 	
	
	//If set to true then group 1 from the button regex will become the label and group 2 will be the macro
	reverseButtonGroups: false,						
	
	//Defines extra buttons to be placed on the screen. Is an array of button objects so you can define multiple buttons
	extraButtons: [
					{ regex: /\?/, buttons: [ {label: "Yes", macro: "y{enter}"}, {label: "No", macro: "n{enter}"} ], showField: false }
				], 
	
	
	//-------------Label Settings----------------------
	
	//The regex that must match for an element to be considered a label
	labelRegex: /([\w\s#]+:)/, 
	
	
	//---------------------Cursor Settings-------------------------------
	
	//An array of cursor positions that should be ignored (Not create a field). A common example is 0,0, the upper left corner
	ignoreCursorInPositions: [ {row:0,column:0} ], 
	
	//If true, a field will not be added if the cursor is on top of a button
	ignoreCursorIfOnButton: true, 
	
	//---------------------Keyboard Settings--------------------------------
	
	//An array of rules that define which keyboard to display at which time
	contextKeyboards: null
}

if( ruleName === "WAVELINK MODERNIZATION DEMO" ) return wavelinkModernizationDemoRules;
else if( ruleName === "MANHATTAN iSERIES") return manhattanISeriesRules;
else if( ruleName === "MANHATTAN OPEN SYSTEMS") return manhattanOpenSystemsRules;
else if( ruleName === "HIGHJUMP") return highJumpRules;
else if( ruleName === "ORACLE") return oracleRules;
else if( ruleName === "SAP") return sapRules;
else if( ruleName === "ORACLE LOGFIRE") return oracleLogfireRules;
else if(ruleName === "JDA") return jdaRules;
else if( ruleName === "PAPERLESS") return paperlessRules;

</ScriptText>
    <Description>.---------------Release Notes---------

1.2 - Re-organized variables so that common vars are grouped together
      - Made buttonRegex an array to account for multiple button types easier
      - Added  maxLengthBeforeNewTable, this can help avoid squishing elements
       - Change menuDetect.line to menuDetect.startLine and menuDetect.endLine, this way you can search a range of lines
         for the menu keytext, make it more versitile.
</Description>
    <Autogenerated>false</Autogenerated>
    <IgnoreScope>false</IgnoreScope>
    <Tags />
    <Modified>2018-03-28T08:15:05.9297118-07:00</Modified>
    <Parameters>
      <ScriptParameter>
        <VariableName>ruleName</VariableName>
        <DefaultValue />
        <DisplayName>Rule Name</DisplayName>
        <Description>.</Description>
        <StringType>true</StringType>
        <Options />
      </ScriptParameter>
    </Parameters>
    <Resources />
    <DefaultScope>session</DefaultScope>
    <Scopes />
  </ScriptWithScope>
  <ScriptWithScope>
    <FunctionName>screenParser</FunctionName>
    <DisplayName>Screen Parser</DisplayName>
    <ScriptText>//Load the rules for the selected wms (**Parsing rules exists in another script "Get Parsing Rules"
var rules = getParsingRules( selectedRules );

//Logger.debug(JSON.stringify(rules));

//We are taking over predictive completely so lets shut it off
ModernScreen.disablePredictive("All");

//textReplace is a global array, lets make sure it exists before we try and reference it
if (typeof textReplace === "undefined")
	textReplace = [];

//Holds buttons to be placed in the footer or context menu until we are ready to process them
var shortcuts;

//Main function that identifies the screen type and then calls the appropriate parser
function parseScreen( event ) {
	
	startTime("Total Time");
	shortcuts = new Array();

	startTime("DetectingMessageScreen");
	//Is this a mesage screen
	for( var i=0; i&lt; 25; i++ ) {
		var lineText = event.getTextAt( i, 0, 80 );

		if(	rules.errorScreenRegex &amp;&amp; lineText.match(rules.errorScreenRegex) ) {;
			if(rules.messageScreenHandler )
				rules.messageScreenHandler( event );
			parseGlobalShortcuts(event);
			return;
		}
	}
	endTime("DetectingMessageScreen");
	
	startTime("DetectingMenu");
	//Is this a menu
	var isMenu = false;
	for( var i=0; i&lt;rules.menuDetect.length; i++) {
		for( var line=rules.menuDetect[i].startLine; line&lt;rules.menuDetect[i].endLine; line++ ){
			if( event.getTextAt(line,0,80).match( rules.menuDetect[i].keyTextRegex )  ) {
				parseMenu( event, rules.menuDetect[i] );
				isMenu = true;
				break;
			}
		}
	}
	endTime("DetectingMenu");
	
	if( !isMenu )
		parseNonMenu( event );
	
	//Parse any global shortcuts added by script "Add Global Shortcut"
	startTime( "ParseGlobalShortcuts" );
	parseGlobalShortcuts( event );
	endTime( "ParseGlobalShortcuts" );
	
	//Generate shortcuts saved in shortcuts
	startTime( "Creating shortcuts" );
	if( shortcuts.length &gt; 0 ) {
	
		//Cleanup results without seperate label
		for( var i=0; i&lt; shortcuts.length; i++ ) {
			if( !shortcuts[i].label || shortcuts[i].label.trim() === "" )
				shortcuts[i].label = shortcuts[i].macro.replace("{", "").replace("}", "");
		}
		
		//Do our replacements
		if( rules.buttonProcessor ) {
			for( var i=0; i&lt; shortcuts.length; i++ ) 
				shortcuts[i] = rules.buttonProcessor(shortcuts[i]);
		}
			
		
		if( shortcutLocation === "footer" || shortcutLocation === "both" ) {
			footer = event.createFooter( 0, 0 );
			var span = event.createSpanGroup();
			for( var i=0; i&lt; shortcuts.length; i++ ) 
				span.add( event.createButton( 0,0,shortcuts[i].label, shortcuts[i].macro ) );
			footer.add( span );
			event.add( footer );
		}
		if( shortcutLocation === "contextMenu" || shortcutLocation === "both" ) {
			for( var i=0; i&lt; shortcuts.length; i++ ) 
				event.add( event.createShortcut( 0,0,shortcuts[i].label, shortcuts[i].macro ) );
		}
	}
	endTime( "Creating shortcuts" );
	endTime("Total Time");
}

//Add any global shortcuts added by script "Add Global Shortcut"
function parseGlobalShortcuts( event ) {

	if (typeof globalButtons === "undefined")
		globalButtons = [];

	if (typeof globalContextMenuItems === "undefined")
		globalContextMenuItems = [];

	if( globalButtons.length &gt; 0 ) {
		
		for( var i=0; i&lt; globalButtons.length; i++ ) {
			shortcuts.push( globalButtons[i] );			
		}
	}
}

function parseMenu( eventObject, menuDetect ) {
	
	//Disable Keyboard
	Keyboard.enable( false );
	keyboardEnabled = false;
	var re = menuDetect.regex;
	
	//Is there a tittle to display in the banner
	if( menuDetect.tittleLine &gt; -1 ) {
		eventObject.add( eventObject.createBanner( eventObject.getTextAt( menuDetect.tittleLine,0,rules.ignoreAfterColumn ).trim(), "res://velocity/resources/" + bannerImage ));  
		eventObject.markScreen(0,0,80);
	}

	for (var i = 0; i &lt; 25; i ++) {
		var currentLine = eventObject.getTextAt(i, 0);
		//Logger.debug( currentLine );
		for (var n = 0; n &lt; re.length; n++) {
			var result = re[n].exec( currentLine );
			re[n].lastIndex = 0;
			//Logger.debug( JSON.stringify( result ) );
			if (result) {
  				var value = result[1];
  				var label = result[2].trim();

  				var menuItem = eventObject.createMenuItem(i, 0, replace(label), value + rules.menuMacro);
  				eventObject.add(menuItem);
			
  				eventObject.markScreen(i, result.index, result[0].length);
  				break;
			}	
		}
		if( matchesRegexArray( currentLine, rules.buttonRegex ) ) {
			for( var x=0; x&lt;rules.buttonRegex.length; x++) {
				if(b = rules.buttonRegex[x].exec(currentLine) ) {
					do  {
						//If only one group is returned then use it for both label and macro
						//Logger.debug( JSON.stringify(b) );
						if( b.length === 2 ) b.push(b[1].trim());
						if( !b[2] ) b[2] = b[1].trim();
						//Logger.debug( JSON.stringify(b) );
						if(rules.reverseButtonGroups) {
							shortcuts.push( {label: replace( removeChars( b[1], rules.charsToRemove )), macro:"{" + b[2] + "}" } );
							//Logger.debug( "Adding Footer Button: " + removeChars( b[1], rules.charsToRemove ) );
						}
						else {
							shortcuts.push( {label: replace(removeChars( b[2], rules.charsToRemove )), macro: "{" + b[1] + "}" } );
							//Logger.debug( "Adding Footer Button: " + removeChars( b[2], rules.charsToRemove ) );
						}
					}while( b = rules.buttonRegex[x].exec(currentLine) );
				}
			}
		}
  	}
	//Mark the line the cursor is on
	eventObject.markScreen( eventObject.getCursorPosition().row, 0, 80 );
}

function parseNonMenu( event ) {

	//Enable Keyboard
	Keyboard.enable( true );

	startTime("ParsingLines");
	//Parse all the content and break it out into seperate elements	
	var lineResults = [];
	for( var i=0; i&lt;25; i++ ) {
		var matches = [];
		//Logger.debug("MAtching against:" +  event.getTextAt( i, 0, rules.ignoreAfterColumn ) );
		while ((match = rules.elementRegex.exec( event.getTextAt( i, 0, rules.ignoreAfterColumn ) )) !== null) {
				
				match[0] = match[0].trim();
  				matches.push(match);
		}
		lineResults.push(matches);
		//Logger.debug(JSON.stringify(matches));
	}
	//Logger.debug(lineResults);
	endTime("ParsingLines");
	
	startTime("ParsingElements");
	var elements = [];
	var title = "";

	//Lets convert the data into the appropriate elements
	var ignoreCursor = false;
	for( var x=0; x&lt;lineResults.length; x++ ) {

		for( var y=0; y&lt;lineResults[x].length; y++ ) {
			
			var elementData = lineResults[x][y];
			var l, b;
			
			var isTittle = true;
			if( rules.tittleRegex &amp;&amp; x === rules.tittleRegex[0].line ) {
				for( var i=0; i&lt;rules.tittleRegex.length; i++ ) {
					if( !rules.tittleRegex[i].regex.exec( event.getTextAt( i, 0, 80 ) ) ) { 
						isTittle = false;
						break;
					}
				}
				if( isTittle ) {
					title = removeChars( event.getTextAt( x, 0, 80 ).trim(), rules.charsToRemove );
					if( title.trim() !== "" )
						event.add( event.createBanner(title, "res://velocity/resources/" + bannerImage ) ) ;
					continue;
				}
			}

			if( rules.removeEmptySpace &amp;&amp; !elementData[0] &amp;&amp; lineResults[x].length &gt; 1) {
				//If set removeEmptySpace, dont add empty elements. We still add empty lines though
				continue;	
			}
			//Is this a message?
			else if( x === rules.errorLine  &amp;&amp; lineResults[x].length === 1 &amp;&amp; rules.isMessageRegex &amp;&amp; event.getTextAt( x, 0, rules.ignoreAfterColumn ).match(rules.isMessageRegex) ) {

				var messageLine = removeChars( event.getTextAt( x, 0, rules.ignoreAfterColumn ), rules.charsToRemove ).trim() ;
				
				if( messageLine === "" ) continue;
				else if( rules.errorLineRegex &amp;&amp; messageLine.match(rules.errorLineRegex) ) {

					l =  event.createErrorMessage( x, y, "", messageLine) ;
					l.type = "error";
					//Logger.debug("Error at: " + x.toString() + ":" + y.toString() );
				}
				else if( rules.warningLineRegex &amp;&amp; messageLine.match(rules.warningLineRegex) ) {
					l =  event.createWarningMessage( x, y, "", messageLine) ;
					l.type = "warning";
					//Logger.debug("Warning at: " + x.toString() + ":" + y.toString() );
				}
				else {
					l = event.createInfoMessage( x, y, "", messageLine );
					l.type = "info";
					//Logger.debug("Info at: " + x.toString() + ":" + y.toString() );
				}
				l.row = x;
				l.col = 0;
				l.length = messageLine.length;

			}
			//Is this a button?
			else if( matchesRegexArray( elementData[0], rules.buttonRegex ) ) {
				//Logger.debug("Creating buttons");
				for( var ri=0; ri&lt;rules.buttonRegex.length; ri++ ) {
					if(b = rules.buttonRegex[ri].exec(elementData[0]) )  {
						do  {
							//If only one group is returned then use it for both label and macro
							//Logger.debug( JSON.stringify(b) );
							if( b.length === 2 ) b.push(b[1].trim());
							if( !b[2] ) b[2] = b[1].trim();
							//Logger.debug( JSON.stringify(b) );
							if(rules.reverseButtonGroups) {
								shortcuts.push( {label: replace( removeChars( b[1], rules.charsToRemove )), macro:"{" + b[2] + "}" } );
								//Logger.debug( "Adding Footer Button: " + removeChars( b[1], rules.charsToRemove ) );
							}
							else {
								shortcuts.push( {label: replace(removeChars( b[2], rules.charsToRemove )), macro: "{" + b[1] + "}" } );
								//Logger.debug( "Adding Footer Button: " + removeChars( b[2], rules.charsToRemove ) );
							}
						}while( b = rules.buttonRegex[ri].exec(elementData[0]) );
						
						//Is the cursor sitting on this button? if ao we need to ignore the cursor so a field is not drawn
						if( x === event.getCursorPosition().row &amp;&amp; event.getCursorPosition().column &gt;= elementData.index &amp;&amp; event.getCursorPosition().column &lt;= (elementData.index + elementData[0].length)  )
							ignoreCursor = true;
						break;
					}
				}
				continue;
			}
			//Is this a label?
			else if( elementData[0].match(rules.labelRegex) ) { 
				var temp = removeChars( elementData[0], rules.charsToRemove );
				for( var i = 0; i&lt; textReplace.length; i++)
					temp = temp.replace(textReplace[i].orig, textReplace[i].replace);
				l = event.createDataLabel( x, elementData.index, temp);
				l.type = "label";
				l.value = temp;

			}
			//Default is value
			else {

				var index = elementData.index;
				var length = elementData[0].length;
				//Trim chars to remove from front and back
				for( var i=0; i&lt;elementData[0].length; i++ ) {
					//Logger.debug(event.getTextAt(x, index, length )); 
					if( rules.charsToRemove &amp;&amp; removeChars(elementData[0][i], rules.charsToRemove ) === "" ) {
						index++;	
						length--;
					}
					else break;
					
				}

				if( length &gt; 0 ) {
					for( var i=elementData[0].length-1; i&gt;=length; i--) {

						if( rules.charsToRemove &amp;&amp; removeChars(elementData[0][i], rules.charsToRemove ) === "" ) {
							length--;
						}
						else break;
						
					}
				}

				l = event.createDataValue( x, index, length);
				l.type = "value";
				l.col = index;
				l.length = length;
				//Logger.debug( "Adding Value: " + event.getTextAt( x, index, length ) );
			}

			l.row = x;
			if( typeof( l.col === "undefined" ) ) l.col = elementData.index;
			if( typeof( l.length === "undefined" ) ) l.length = elementData[0].length;
			
			if( x &lt;= rules.ignoreBelowLine )
				elements.push(l);
		}		
	}
	endTime("ParsingElements");
	startTime("ParsingField");
	
	//No need to check for ignoreing the cursor if we are already ignoring it
	if( !ignoreCursor ) {
		//Before generating the field, lets see if the cursor is in one of the ignore positions
		for( var i=0; i&lt;rules.ignoreCursorInPositions.length; i++ ) {
			if(	rules.ignoreCursorInPositions[i].row === event.getCursorPosition().row &amp;&amp;
				rules.ignoreCursorInPositions[i].column === event.getCursorPosition().column){
				ignoreCursor = true;
				break;
			}
		}
	}
	
	//Make sure we shouldnt ignore the cursor
	if( ignoreCursor ) {
		//Do Nothing
	}
	else {
		//Figure out where to put the field
		var length = 0;
		var col = event.getCursorPosition().column;

		//Try underscore method
		for( var i=event.getCursorPosition().column; i&lt;80; i++ ) {
			if( event.getTextAt( event.getCursorPosition().row, i, 1 ) === "_" )
				length++;
			else
				break;
		}
		for( var i=event.getCursorPosition().column-1; i &gt;=0; i-- ) {
			if( event.getTextAt( event.getCursorPosition().row, i, 1 ).match(/[^\s:&gt;;,_]/) )
				col--;
			else
				break;
		}
		//Try reverse video
		if( length === 0 ) {
			col = event.getCursorPosition().column;
			for( var i=event.getCursorPosition().column; i&lt;80; i++ ) {
				//Logger.debug( event.getAttributeAt(event.getCursorPosition.row, i).toString(16)	 );
			}
			for( var i=event.getCursorPosition().column-1; i &gt;=0; i-- ) {
			}
		}
		//Sometimes a field starts with char if so lets counts the chars and spaces after
		if( length === 0 &amp;&amp; event.getTextAt( event.getCursorPosition().row, event.getCursorPosition().column, 1 ) !== " ") {
			col = event.getCursorPosition().column;
			var lengthCheck = event.getTextAt( event.getCursorPosition().row, event.getCursorPosition().column, 80 ).match( /(\w+\s+)/ );
			if( lengthCheck &amp;&amp; lengthCheck[1] ) length = lengthCheck[1].length; 
			
			for( var i=event.getCursorPosition().column-1; i &gt;=0; i-- ) {
				if( event.getTextAt( event.getCursorPosition().row, i, 1 ).match(/[^\s:&gt;;,]/) )
					col--;
				else
					break;
			}
		}
		//Default count spaces
		if( length === 0 )  {
			col = event.getCursorPosition().column;
			for( var i=event.getCursorPosition().column; i&lt;80; i++ ) {
				if( length &gt;= 15 )
					break;
				else if( event.getTextAt( event.getCursorPosition().row, i, 1 ) === " " )
					length++;
				else
					break;
			}
			for( var i=event.getCursorPosition().column-1; i &gt;=0; i-- ) {
				if( event.getTextAt( event.getCursorPosition().row, i, 1 ).match(/[^\s:&gt;;,]/) )
					col--;
				else
					break;
			}
		}
		//Enforce some min and max values to keep it from clipping or getting too large
		if( length === 0 ) length = 15;
		if( length &gt; 20 ) length = 20;
		
		//Create the field
		var l = event.createField( event.getCursorPosition().row, col, length );
		l.row = event.getCursorPosition().row;
		l.col = event.getCursorPosition().column;
		l.length = length;
		l.type = "field";

		var fieldIndex = -1;
		//Figure out where to put the field in the list of elements
		for( var i=0; i&lt;elements.length; i++ ) {
			if( elements[i].row &gt;= l.row ) {
				if(elements[i].row === l.row ) {
					if( l.col === 0 ) {
						if( i&gt;0 ) {
							elements.splice(i, 0, l);
							fieldIndex = i;
						}
						else {
							elements.splice(0, 0, l);
							fieldIndex = i;
						}
						break;
					}
					else if( elements[i].col === l.col ) {
						elements.splice(i, 1, l);
						fieldIndex = i;
						break;
					}
					else if( elements[i].col &gt; l.col ) {
					
						elements.splice(i, 0, l);
						fieldIndex = i;
						break;
					}
				}
				else if( elements[i].row &gt; l.row ) {
					elements.splice(i, 0, l);
					fieldIndex = i;
					break;
				}
			}
		}
		//Never found a spot to insert the field so lets add it to the end
		if( fieldIndex === -1 ) {
			elements.push(l);
			fieldIndex = elements.length;
		}
		
		
		//See if we can display the proper keyboard
		if( rules.contextKeyboards  ) {
			for( var x=0; x&lt; rules.contextKeyboards.length; x++ ) {
				if( 	(rules.contextKeyboards[x].method === "title" &amp;&amp; title.match( rules.contextKeyboards[x].regex )) || 
					(rules.contextKeyboards[x].method === "fieldLabel" &amp;&amp; elements[fieldIndex-1].type === "label" &amp;&amp; elements[fieldIndex-1].value.trim().match(rules.contextKeyboards[x].regex ) ) ) {
					//Keyboard.toggleVisible( (rules.contextKeyboards[x].visibility === "show") );
					Keyboard.changeKeyboard( rules.contextKeyboards[x].keyboard );
					break;
				}
			}
		}
	}
	endTime("ParsingField");
	startTime("ParsingExtraButtons");
	//Lets insert the extra buttons, these are buttons that are added when certain text is found on the screen based on rules.extraButtons
	//We loop backwards so that while we are inserting into the array things dont get screwed up
	var showField = true;
	for( var i = elements.length-1; i &gt;=0; i-- ) {
		if( typeof( elements[i].type ) === "undefined" || elements[i].type === "button" || elements[i].type === "field" ) continue;
		var text = event.getTextAt(elements[i].row, elements[i].col, elements[i].length).trim();
		for( var q = 0; q&lt; rules.extraButtons.length; q++) {
		   	if( text.match(rules.extraButtons[q].regex) ) {
		   		if( !rules.extraButtons[q].showField ) showField = false;
				for( var b = 0; b&lt;rules.extraButtons[q].buttons.length; b++ ) {
					var button = event.createButton( elements[i].row, elements[i].col, rules.extraButtons[q].buttons[b].label, rules.extraButtons[q].buttons[b].macro ) ;
					button.length = 0;
					button.type = "button";
					button.row = elements[i].row;
					button.col = elements[i].col;
					//Logger.debug( "Creating button");
					if( i === elements.length-1-b )
						elements.push(button);
					else
						elements.splice(i+1+b, 0, button );
				}
				break;
			}
		}
	}
	if( !showField ) {
		for( var i=0; i&lt; elements.length; i++ ) {
			if( elements[i].type === "field" ) {
				elements.splice(i, 1 );
				break;
			}
		}
	}
	
	if( showField ) {
		//Now lets see if we need to trim the element before or after the field
		if( fieldIndex &gt; 0 ) {
			if( elements[fieldIndex-1].row === l.row &amp;&amp; elements[fieldIndex-1].col + elements[fieldIndex-1].length &gt; l.col ) {
				//Logger.debug( JSON.stringify(elements[fieldIndex-1]) + " overrlaps beginning" );
				
				var e = elements[fieldIndex-1];
				
				if( e.type === "label" ) {
					e.length = e.col + (l.col-e.col);
					e.value = e.value.substring(0, l.col-e.col);
					var newEl = event.createDataLabel( e.row, e.col, e.value.substring(0, e.length));
					newEl.row = e.row;
					newEl.col = e.col;
					newEl.length = e.length;
					newEl.type = e.type;
					elements[fieldIndex-1] = newEl;
				}
				else if( e.type === "value" ) {
					e.length = e.col + (l.col-e.col);
					var newEl = event.createDataValue(e.row, e.col, e.length);
					newEl.row = e.row;
					newEl.col = e.col;
					newEl.length = e.length;
					newEl.type = e.type;
					elements[fieldIndex-1] = newEl;
				}
				
				//Logger.debug(elements[fieldIndex-1].col + (l.col-elements[fieldIndex-1].col));
			}
		}
		if( fieldIndex &lt; elements.length-1 ) {
			if( elements[fieldIndex+1].row === l.row &amp;&amp; elements[fieldIndex+1].col  &lt; l.col + l.length ) {
				var e = elements[fieldIndex+1];
				
				if( e.type === "label" ) {
					e.length = l.col + (e.col-l.col);
					e.value = e.value.substring(e.col-l.col, e.length);
					var newEl = event.createDataLabel( e.row, e.col, e.value.substring(0, e.length));
					newEl.row = e.row;
					newEl.col = e.col;
					newEl.length = e.length;
					newEl.type = e.type;
					elements[fieldIndex+1] = newEl;
				}
				
				if( e.type === "value" ) {
					e.length = l.col + (e.col-l.col);
					e.col += e.col-l.col+length;
					var newEl = event.createDataValue(e.row, e.col, e.length);
					newEl.row = e.row;
					newEl.col = e.col;
					newEl.length = e.length;
					newEl.type = e.type;
					elements[fieldIndex+1] = newEl;
				}
				
				//Logger.debug( JSON.stringify(elements[fieldIndex+1]) + " overrlaps end" );
			}
		}
	}
	endTime("ParsingExtraButtons");		

startTime("CreatingTables");

	//Now lets run through the elements and figure out the table situation
	var tableElements = [];
	var tableRows = [];
	
	//Logger.debug(JSON.stringify(elements));
	for( var i=0; i&lt;elements.length;  ) {
	
		//Errors need special treatment, they cannot be tabled
		if( elements[i].type === "error"  || elements[i].type === "warning" || elements[i].type === "info"  ) {
			event.add( elements[i] );
			//elements.shift();
			i++
			continue;
		}


		var numCols = 0;
		for( var c=0; c&lt;tableRows.length; c++ )
			if( tableRows[c].length &gt; numCols ) numCols = tableRows[c].length;
		
		//is it time for a new table?
		//No accounting for end of page
		//Logger.debug( event.getTextAt(elements[0].row, 0, 80) + "|" + removeChars( event.getTextAt(elements[0].row, 0, 80), rules.charsToRemove ).trim() );
		if(	 tableRows.length &gt; 0 &amp;&amp; (
										(i &gt; 0 &amp;&amp; elements[i-1].type !== "field"  &amp;&amp; typeof( elements[i-1].length) !== "undefined" &amp;&amp; elements[i-1].length &gt;= rules.maxLengthBeforeNewTable &amp;&amp; elements.length &gt; (i+2) &amp;&amp; elements[i+1].row != elements[i+2].row) ||
										(elements[i].type !== "field" &amp;&amp; typeof( elements[i].length) != "undefined" &amp;&amp; elements[i].length &gt;= rules.maxLengthBeforeNewTable &amp;&amp; numCols &gt; 1) || 
										(elements[i].type !== "field" &amp;&amp;  removeChars( event.getTextAt(elements[i].row, 0, 80), rules.charsToRemove ).trim() === "" &amp;&amp; (tableRows.length &gt; 0))
									   )
		) {
			createTable( event, tableRows, tableRows[0][0].row, 0 );	
			tableRows = [];
		}

		var currentRow = elements[i].row;
		var row = [];
		
		while( i &lt; elements.length &amp;&amp; elements[i].row === currentRow ) {
			//Logger.debug("Adding: " + JSON.stringify(elements[i]) );
			//Do not trim() text in this evaluation or it reaks for some reason
			if( removeChars( event.getTextAt(elements[i].row, elements[i].column, elements[i].length), rules.charsToRemove ) || elements[i].type === "field" || elements[i].type === "button" ) {
				row.push(elements[i]);
				//Logger.debug("Added: " + JSON.stringify(elements[i]) );
			}
			//elements.shift();
			i++;
		}
		if( row.length &gt; 0 )
			tableRows.push(row);
		//Logger.debug( JSON.stringify( row ) );
	}
	//Add the last bit of data if any
	if( tableRows.length &gt; 0 )
		createTable( event, tableRows, 24, 0 );	
		
	endTime("CreatingTables");
}

function createTable( event, tableRows, tableRow, tableCol ) {

	//Get the number of cols
	var numCols = 0;
	for( var i=0; i&lt;tableRows.length; i++ )
		if( tableRows[i].length &gt; numCols ) numCols = tableRows[i].length;

	var table = event.createTable( tableRow, tableCol, tableRows.length, numCols);

	for( var row=0; row&lt;tableRows.length; row++ ) {
		for( var col=0; col&lt;numCols; col++ ) {
			if( tableRows[row].length &gt;col )
				table.addToCell( tableRows[row][col], row, col );
		}
	}

	event.add(table);
}

function removeChars( text, chars ) {
	if( chars ) return text.replace(chars, "");
	else return text;
}

var times = [];
function startTime( tag ) {

	if( !tag ) {
		Logger.debug("Start Time ignored, No tag provided");
		return;
	}

	times.push( {tag: tag, time: Date.now() } );
	Logger.debug( tag + ": Time Started" );

}

function endTime( tag ) {

	if( !tag ) {
		Logger.debug("End Time ignored, No tag provided");
		return;
	}

	for( var i=0; i &lt; times.length; i++ ) {
		if( times.length &gt; 0 &amp;&amp; times[i].tag === tag ) {
				Logger.debug( tag + ": End Time:  " + (Date.now() - times[i].time).toString()  + " ms");
				times.splice( i, 1);
				return;
		}
	}
	Logger.debug("No time with tag: " + tag);
}

function replace( text ) {
	for( var i = 0; i&lt; textReplace.length; i++)
					text = text.replace(textReplace[i].orig, textReplace[i].replace);

	return text;
}

function matchesRegexArray( text, regexArray ) {
	if( !regexArray ) return false;
	for( var i=0; i&lt; regexArray.length; i++ ) {
		if( text.match(regexArray[i]) ) return true;
	}
	return false;
}

WLEvent.on("ParseScreen", parseScreen);</ScriptText>
    <Description>-----------Release Notes----------
1.3 - Fix for Add Text Replace not working on buttons and menus.
1.2 - Now creates a new table if any single element is longer than rules.maxLengthBeforeNewTable character, 
         prevents squishing columns
      - Made buttonRegex an array to account for multiple button types easier
      - Change menuDetect.line to menuDetect.startLine and menuDetect.endLine, this way you can search a range of lines
         for the menu keytext, make it more versitile.
       - Enhanced charsToRemove to also remove chars from front and back of data labels
       - Added logic to trim elements before and after field if they overlapped

1.1 - Text replace now works for buttons
</Description>
    <Autogenerated>false</Autogenerated>
    <IgnoreScope>false</IgnoreScope>
    <Tags />
    <Version>1.3</Version>
    <Modified>2018-05-14T15:42:28.6456444-07:00</Modified>
    <Parameters>
      <ScriptParameter>
        <VariableName>bannerImage</VariableName>
        <DefaultValue>logo.png</DefaultValue>
        <DisplayName>Banner Image</DisplayName>
        <Description>The name of the image resource you want to use for the banner Image. If no image is provided then we will use the default ivanti logo.

Note: The image should be 80x100</Description>
        <StringType>true</StringType>
        <Options />
      </ScriptParameter>
      <ScriptParameter>
        <VariableName>selectedRules</VariableName>
        <DefaultValue>WAVELINK MODERNIZATION DEMO</DefaultValue>
        <DisplayName>Parsing Rules</DisplayName>
        <Description>The rules you want to use to parse your screens, varies by WMS</Description>
        <StringType>true</StringType>
        <Options>
          <ScriptOption>
            <Value>MANHATTAN iSERIES</Value>
            <DisplayName>MANHATTAN iSERIES</DisplayName>
          </ScriptOption>
          <ScriptOption>
            <Value>MANHATTAN OPEN SYSTEMS</Value>
            <DisplayName>MANHATTAN OPEN SYSTEMS</DisplayName>
          </ScriptOption>
          <ScriptOption>
            <Value>ORACLE</Value>
            <DisplayName>ORACLE</DisplayName>
          </ScriptOption>
          <ScriptOption>
            <Value>SAP</Value>
            <DisplayName>SAP</DisplayName>
          </ScriptOption>
          <ScriptOption>
            <Value>WAVELINK MODERNIZATION DEMO</Value>
            <DisplayName>WAVELINK MODERNIZATION DEMO</DisplayName>
          </ScriptOption>
          <ScriptOption>
            <Value>ORACLE LOGFIRE</Value>
            <DisplayName>ORACLE LOGFIRE</DisplayName>
          </ScriptOption>
          <ScriptOption>
            <Value>JDA</Value>
            <DisplayName>JDA</DisplayName>
          </ScriptOption>
          <ScriptOption>
            <Value>HIGHJUMP</Value>
            <DisplayName>HIGHJUMP</DisplayName>
          </ScriptOption>
          <ScriptOption>
            <Value>PAPERLESS</Value>
            <DisplayName>PAPERLESS</DisplayName>
          </ScriptOption>
        </Options>
      </ScriptParameter>
      <ScriptParameter>
        <VariableName>shortcutLocation</VariableName>
        <DefaultValue>both</DefaultValue>
        <DisplayName>Shortcut Location</DisplayName>
        <Description>The location you want to place any shortcuts that are identified on the screen or added with the script "Add Global Shortcut". If you selected "Footer" then a footer will be created at the bottom of each screen with a button for each shortcut. If you select "Context Menu" the all shortcuts will be added to the context menu (Good for devices with small screens).</Description>
        <StringType>true</StringType>
        <Options>
          <ScriptOption>
            <Value>footer</Value>
            <DisplayName>Footer</DisplayName>
          </ScriptOption>
          <ScriptOption>
            <Value>contextMenu</Value>
            <DisplayName>Context Menu</DisplayName>
          </ScriptOption>
          <ScriptOption>
            <Value>both</Value>
            <DisplayName>Both</DisplayName>
          </ScriptOption>
        </Options>
      </ScriptParameter>
    </Parameters>
    <Resources />
    <DefaultScope>session</DefaultScope>
    <Scopes>
      <ScriptScope>
        <ScopeIdentifier>session</ScopeIdentifier>
        <ParameterValues>
          <string>logo.png</string>
          <string>WAVELINK MODERNIZATION DEMO</string>
          <string>both</string>
        </ParameterValues>
      </ScriptScope>
    </Scopes>
  </ScriptWithScope>
</ArrayOfScriptWithScope>